<?xml version='1.0' encoding='utf-8'?>
<gpx version="1.1" creator="fiorillo.xyz" xmlns="http://www.topografix.com/GPX/1/1"><metadata><name>West Atlantic Way (Short) - Cork to Derry</name><desc>Planned route coordinates from the shared Komoot tour 3262934167.</desc></metadata><trk><name>West Coast of Ireland - Cork to Derry</name><trkseg><trkpt lat="51.898481" lon="-8.472618"><ele>7.5</ele></trkpt><trkpt lat="51.898462" lon="-8.472685"><ele>7.4</ele></trkpt><trkpt lat="51.898453" lon="-8.472732"><ele>7.4</ele></trkpt><trkpt lat="51.898411" lon="-8.472714"><ele>7.4</ele></trkpt><trkpt lat="51.898357" lon="-8.472692"><ele>7.5</ele></trkpt><trkpt lat="51.898337" lon="-8.47281"><ele>7.4</ele></trkpt><trkpt lat="51.898315" lon="-8.472966"><ele>7.5</ele></trkpt><trkpt lat="51.898261" lon="-8.472944"><ele>7.5</ele></trkpt><trkpt lat="51.89824" lon="-8.472935"><ele>7.5</ele></trkpt><trkpt lat="51.898204" lon="-8.472916"><ele>7.5</ele></trkpt><trkpt lat="51.897594" lon="-8.472606"><ele>7.8</ele></trkpt><trkpt lat="51.897559" lon="-8.472588"><ele>7.8</ele></trkpt><trkpt lat="51.897541" lon="-8.472677"><ele>7.8</ele></trkpt><trkpt lat="51.89744" lon="-8.473176"><ele>7.8</ele></trkpt><trkpt lat="51.897419" lon="-8.47328"><ele>7.7</ele></trkpt><trkpt lat="51.897399" lon="-8.473378"><ele>7.7</ele></trkpt><trkpt lat="51.897322" lon="-8.473758"><ele>7.4</ele></trkpt><trkpt lat="51.897267" lon="-8.474029"><ele>7.3</ele></trkpt><trkpt lat="51.897121" lon="-8.474747"><ele>7</ele></trkpt><trkpt lat="51.897096" lon="-8.474884"><ele>6.9</ele></trkpt><trkpt lat="51.897015" lon="-8.474842"><ele>6.8</ele></trkpt><trkpt lat="51.897016" lon="-8.474949"><ele>6.7</ele></trkpt><trkpt lat="51.89702" lon="-8.475115"><ele>6.6</ele></trkpt><trkpt lat="51.897023" lon="-8.475273"><ele>6.5</ele></trkpt><trkpt lat="51.896804" lon="-8.476325"><ele>5.5</ele></trkpt><trkpt lat="51.896804" lon="-8.476325"><ele>5.5</ele></trkpt><trkpt lat="51.896794" lon="-8.476367"><ele>5.4</ele></trkpt><trkpt lat="51.896725" lon="-8.476708"><ele>5.2</ele></trkpt><trkpt lat="51.896712" lon="-8.476765"><ele>5.1</ele></trkpt><trkpt lat="51.89669" lon="-8.476754"><ele>5.1</ele></trkpt><trkpt lat="51.896532" lon="-8.476663"><ele>5.1</ele></trkpt><trkpt lat="51.896106" lon="-8.476429"><ele>5.2</ele></trkpt><trkpt lat="51.895995" lon="-8.476368"><ele>5.3</ele></trkpt><trkpt lat="51.895943" lon="-8.476339"><ele>5.4</ele></trkpt><trkpt lat="51.895726" lon="-8.476215"><ele>5.7</ele></trkpt><trkpt lat="51.895692" lon="-8.476197"><ele>5.7</ele></trkpt><trkpt lat="51.895611" lon="-8.476148"><ele>5.8</ele></trkpt><trkpt lat="51.895601" lon="-8.476142"><ele>5.8</ele></trkpt><trkpt lat="51.895519" lon="-8.476095"><ele>5.8</ele></trkpt><trkpt lat="51.895511" lon="-8.476091"><ele>5.8</ele></trkpt><trkpt lat="51.895484" lon="-8.476082"><ele>5.8</ele></trkpt><trkpt lat="51.895414" lon="-8.476159"><ele>5.9</ele></trkpt><trkpt lat="51.895341" lon="-8.476406"><ele>6</ele></trkpt><trkpt lat="51.895301" lon="-8.47671"><ele>6.3</ele></trkpt><trkpt lat="51.895293" lon="-8.476773"><ele>6.4</ele></trkpt><trkpt lat="51.89526" lon="-8.47703"><ele>6.7</ele></trkpt><trkpt lat="51.895198" lon="-8.477526"><ele>7.5</ele></trkpt><trkpt lat="51.895174" lon="-8.477688"><ele>7.7</ele></trkpt><trkpt lat="51.895046" lon="-8.478314"><ele>8.4</ele></trkpt><trkpt lat="51.894869" lon="-8.479033"><ele>9</ele></trkpt><trkpt lat="51.894851" lon="-8.479082"><ele>9</ele></trkpt><trkpt lat="51.894823" lon="-8.479174"><ele>9.1</ele></trkpt><trkpt lat="51.894665" lon="-8.479877"><ele>9.8</ele></trkpt><trkpt lat="51.894621" lon="-8.48031"><ele>10.4</ele></trkpt><trkpt lat="51.894617" lon="-8.481132"><ele>11.9</ele></trkpt><trkpt lat="51.894517" lon="-8.481416"><ele>12.5</ele></trkpt><trkpt lat="51.894391" lon="-8.481528"><ele>12.9</ele></trkpt><trkpt lat="51.8942" lon="-8.48168"><ele>13.5</ele></trkpt><trkpt lat="51.893975" lon="-8.48177"><ele>14.2</ele></trkpt><trkpt lat="51.893925" lon="-8.481856"><ele>14.5</ele></trkpt><trkpt lat="51.893847" lon="-8.482381"><ele>15.7</ele></trkpt><trkpt lat="51.893842" lon="-8.482425"><ele>15.8</ele></trkpt><trkpt lat="51.893828" lon="-8.482552"><ele>16</ele></trkpt><trkpt lat="51.893811" lon="-8.48273"><ele>16.4</ele></trkpt><trkpt lat="51.893808" lon="-8.482829"><ele>16.7</ele></trkpt><trkpt lat="51.893819" lon="-8.483185"><ele>17.4</ele></trkpt><trkpt lat="51.893889" lon="-8.484026"><ele>18.5</ele></trkpt><trkpt lat="51.893899" lon="-8.484439"><ele>18.8</ele></trkpt><trkpt lat="51.893871" lon="-8.484711"><ele>19.1</ele></trkpt><trkpt lat="51.893827" lon="-8.484885"><ele>19.2</ele></trkpt><trkpt lat="51.893795" lon="-8.484997"><ele>19.3</ele></trkpt><trkpt lat="51.89378" lon="-8.485047"><ele>19.3</ele></trkpt><trkpt lat="51.893737" lon="-8.485197"><ele>19.5</ele></trkpt><trkpt lat="51.893715" lon="-8.485273"><ele>19.5</ele></trkpt><trkpt lat="51.89369" lon="-8.485346"><ele>19.6</ele></trkpt><trkpt lat="51.893536" lon="-8.485798"><ele>19.9</ele></trkpt><trkpt lat="51.893465" lon="-8.486023"><ele>20.1</ele></trkpt><trkpt lat="51.893163" lon="-8.487224"><ele>21.1</ele></trkpt><trkpt lat="51.893116" lon="-8.487411"><ele>21.3</ele></trkpt><trkpt lat="51.893102" lon="-8.487467"><ele>21.3</ele></trkpt><trkpt lat="51.893062" lon="-8.487633"><ele>21.5</ele></trkpt><trkpt lat="51.893026" lon="-8.487779"><ele>21.7</ele></trkpt><trkpt lat="51.892978" lon="-8.487932"><ele>21.9</ele></trkpt><trkpt lat="51.892883" lon="-8.488187"><ele>22.2</ele></trkpt><trkpt lat="51.892873" lon="-8.488212"><ele>22.3</ele></trkpt><trkpt lat="51.892792" lon="-8.488425"><ele>22.5</ele></trkpt><trkpt lat="51.892739" lon="-8.488563"><ele>22.6</ele></trkpt><trkpt lat="51.892588" lon="-8.488956"><ele>22.9</ele></trkpt><trkpt lat="51.892517" lon="-8.48916"><ele>23</ele></trkpt><trkpt lat="51.892491" lon="-8.489235"><ele>23</ele></trkpt><trkpt lat="51.89245" lon="-8.489366"><ele>23.1</ele></trkpt><trkpt lat="51.892423" lon="-8.489459"><ele>23.1</ele></trkpt><trkpt lat="51.892318" lon="-8.489866"><ele>23.3</ele></trkpt><trkpt lat="51.892236" lon="-8.490494"><ele>23.3</ele></trkpt><trkpt lat="51.892186" lon="-8.490936"><ele>23.3</ele></trkpt><trkpt lat="51.892156" lon="-8.491215"><ele>23.2</ele></trkpt><trkpt lat="51.892146" lon="-8.491307"><ele>23.1</ele></trkpt><trkpt lat="51.89209" lon="-8.491845"><ele>22.9</ele></trkpt><trkpt lat="51.892026" lon="-8.492472"><ele>22.6</ele></trkpt><trkpt lat="51.892009" lon="-8.492631"><ele>22.4</ele></trkpt><trkpt lat="51.892006" lon="-8.492661"><ele>22.4</ele></trkpt><trkpt lat="51.89198" lon="-8.492947"><ele>22.2</ele></trkpt><trkpt lat="51.89193" lon="-8.493482"><ele>21.8</ele></trkpt><trkpt lat="51.891906" lon="-8.493722"><ele>21.7</ele></trkpt><trkpt lat="51.891899" lon="-8.493791"><ele>21.6</ele></trkpt><trkpt lat="51.891891" lon="-8.493835"><ele>21.6</ele></trkpt><trkpt lat="51.891865" lon="-8.493994"><ele>21.5</ele></trkpt><trkpt lat="51.891802" lon="-8.494375"><ele>21.3</ele></trkpt><trkpt lat="51.89169" lon="-8.494946"><ele>21.2</ele></trkpt><trkpt lat="51.891619" lon="-8.495256"><ele>21</ele></trkpt><trkpt lat="51.89156" lon="-8.495483"><ele>21</ele></trkpt><trkpt lat="51.89152" lon="-8.495646"><ele>20.9</ele></trkpt><trkpt lat="51.891483" lon="-8.495807"><ele>20.9</ele></trkpt><trkpt lat="51.891473" lon="-8.495848"><ele>20.9</ele></trkpt><trkpt lat="51.891387" lon="-8.496122"><ele>20.8</ele></trkpt><trkpt lat="51.891392" lon="-8.49618"><ele>20.8</ele></trkpt><trkpt lat="51.891388" lon="-8.496199"><ele>20.8</ele></trkpt><trkpt lat="51.891374" lon="-8.496254"><ele>20.8</ele></trkpt><trkpt lat="51.891318" lon="-8.496487"><ele>20.7</ele></trkpt><trkpt lat="51.891306" lon="-8.49654"><ele>20.7</ele></trkpt><trkpt lat="51.891286" lon="-8.49663"><ele>20.7</ele></trkpt><trkpt lat="51.891245" lon="-8.496825"><ele>20.6</ele></trkpt><trkpt lat="51.89123" lon="-8.496897"><ele>20.6</ele></trkpt><trkpt lat="51.891192" lon="-8.497095"><ele>20.6</ele></trkpt><trkpt lat="51.891189" lon="-8.497113"><ele>20.6</ele></trkpt><trkpt lat="51.891154" lon="-8.497276"><ele>20.5</ele></trkpt><trkpt lat="51.891139" lon="-8.497338"><ele>20.5</ele></trkpt><trkpt lat="51.891126" lon="-8.497396"><ele>20.5</ele></trkpt><trkpt lat="51.891052" lon="-8.497732"><ele>20.3</ele></trkpt><trkpt lat="51.891028" lon="-8.497847"><ele>20.3</ele></trkpt><trkpt lat="51.890987" lon="-8.498041"><ele>20.2</ele></trkpt><trkpt lat="51.890974" lon="-8.498101"><ele>20.2</ele></trkpt><trkpt lat="51.89093" lon="-8.498309"><ele>20</ele></trkpt><trkpt lat="51.890911" lon="-8.498396"><ele>19.9</ele></trkpt><trkpt lat="51.890851" lon="-8.49869"><ele>19.7</ele></trkpt><trkpt lat="51.890794" lon="-8.498964"><ele>19.6</ele></trkpt><trkpt lat="51.890791" lon="-8.498976"><ele>19.6</ele></trkpt><trkpt lat="51.890769" lon="-8.499053"><ele>19.5</ele></trkpt><trkpt lat="51.890746" lon="-8.499118"><ele>19.5</ele></trkpt><trkpt lat="51.890737" lon="-8.499144"><ele>19.4</ele></trkpt><trkpt lat="51.890719" lon="-8.499193"><ele>19.4</ele></trkpt><trkpt lat="51.890692" lon="-8.499267"><ele>19.4</ele></trkpt><trkpt lat="51.890665" lon="-8.49933"><ele>19.3</ele></trkpt><trkpt lat="51.890648" lon="-8.499372"><ele>19.3</ele></trkpt><trkpt lat="51.890591" lon="-8.499454"><ele>19.2</ele></trkpt><trkpt lat="51.890563" lon="-8.499495"><ele>19.2</ele></trkpt><trkpt lat="51.890551" lon="-8.499511"><ele>19.1</ele></trkpt><trkpt lat="51.890439" lon="-8.499684"><ele>19</ele></trkpt><trkpt lat="51.890298" lon="-8.499898"><ele>18.7</ele></trkpt><trkpt lat="51.890205" lon="-8.500034"><ele>18.5</ele></trkpt><trkpt lat="51.890122" lon="-8.50015"><ele>18.4</ele></trkpt><trkpt lat="51.890088" lon="-8.500199"><ele>18.3</ele></trkpt><trkpt lat="51.889741" lon="-8.500749"><ele>17.2</ele></trkpt><trkpt lat="51.889712" lon="-8.5008"><ele>17.1</ele></trkpt><trkpt lat="51.889639" lon="-8.500932"><ele>16.8</ele></trkpt><trkpt lat="51.889562" lon="-8.501071"><ele>16.6</ele></trkpt><trkpt lat="51.889532" lon="-8.501125"><ele>16.5</ele></trkpt><trkpt lat="51.889425" lon="-8.501349"><ele>16.1</ele></trkpt><trkpt lat="51.889404" lon="-8.501394"><ele>16</ele></trkpt><trkpt lat="51.889321" lon="-8.501579"><ele>15.6</ele></trkpt><trkpt lat="51.889313" lon="-8.501598"><ele>15.5</ele></trkpt><trkpt lat="51.88924" lon="-8.501764"><ele>15.2</ele></trkpt><trkpt lat="51.889219" lon="-8.501812"><ele>15.1</ele></trkpt><trkpt lat="51.889212" lon="-8.501826"><ele>15</ele></trkpt><trkpt lat="51.889186" lon="-8.501885"><ele>14.9</ele></trkpt><trkpt lat="51.889122" lon="-8.502035"><ele>14.6</ele></trkpt><trkpt lat="51.889097" lon="-8.502093"><ele>14.5</ele></trkpt><trkpt lat="51.889024" lon="-8.502263"><ele>14.2</ele></trkpt><trkpt lat="51.889001" lon="-8.502302"><ele>14.1</ele></trkpt><trkpt lat="51.888951" lon="-8.502366"><ele>13.9</ele></trkpt><trkpt lat="51.888849" lon="-8.502485"><ele>13.6</ele></trkpt><trkpt lat="51.888812" lon="-8.502702"><ele>13.2</ele></trkpt><trkpt lat="51.888806" lon="-8.502741"><ele>13.2</ele></trkpt><trkpt lat="51.88879" lon="-8.502853"><ele>13</ele></trkpt><trkpt lat="51.888784" lon="-8.502975"><ele>12.8</ele></trkpt><trkpt lat="51.888807" lon="-8.503238"><ele>12.5</ele></trkpt><trkpt lat="51.888878" lon="-8.503624"><ele>12</ele></trkpt><trkpt lat="51.888961" lon="-8.504059"><ele>11.5</ele></trkpt><trkpt lat="51.889024" lon="-8.504646"><ele>11.3</ele></trkpt><trkpt lat="51.88903" lon="-8.504807"><ele>11.4</ele></trkpt><trkpt lat="51.889009" lon="-8.505937"><ele>12.3</ele></trkpt><trkpt lat="51.889002" lon="-8.506117"><ele>12.6</ele></trkpt><trkpt lat="51.888983" lon="-8.506543"><ele>13.2</ele></trkpt><trkpt lat="51.888973" lon="-8.506705"><ele>13.4</ele></trkpt><trkpt lat="51.888967" lon="-8.506796"><ele>13.5</ele></trkpt><trkpt lat="51.888959" lon="-8.506938"><ele>13.7</ele></trkpt><trkpt lat="51.888953" lon="-8.507041"><ele>13.9</ele></trkpt><trkpt lat="51.888947" lon="-8.507129"><ele>14</ele></trkpt><trkpt lat="51.888937" lon="-8.507293"><ele>14.3</ele></trkpt><trkpt lat="51.888925" lon="-8.507517"><ele>14.6</ele></trkpt><trkpt lat="51.88892" lon="-8.507594"><ele>14.7</ele></trkpt><trkpt lat="51.888907" lon="-8.50783"><ele>15.1</ele></trkpt><trkpt lat="51.888903" lon="-8.5079"><ele>15.2</ele></trkpt><trkpt lat="51.888899" lon="-8.507971"><ele>15.3</ele></trkpt><trkpt lat="51.888891" lon="-8.508148"><ele>15.5</ele></trkpt><trkpt lat="51.88889" lon="-8.50816"><ele>15.5</ele></trkpt><trkpt lat="51.888885" lon="-8.508229"><ele>15.6</ele></trkpt><trkpt lat="51.888874" lon="-8.50839"><ele>15.8</ele></trkpt><trkpt lat="51.888869" lon="-8.508453"><ele>15.9</ele></trkpt><trkpt lat="51.888856" lon="-8.508634"><ele>16.1</ele></trkpt><trkpt lat="51.88885" lon="-8.50872"><ele>16.3</ele></trkpt><trkpt lat="51.888846" lon="-8.508778"><ele>16.3</ele></trkpt><trkpt lat="51.888842" lon="-8.508847"><ele>16.4</ele></trkpt><trkpt lat="51.888826" lon="-8.509058"><ele>16.7</ele></trkpt><trkpt lat="51.888811" lon="-8.509264"><ele>16.9</ele></trkpt><trkpt lat="51.888789" lon="-8.509562"><ele>17.3</ele></trkpt><trkpt lat="51.888782" lon="-8.50963"><ele>17.4</ele></trkpt><trkpt lat="51.888762" lon="-8.509841"><ele>17.6</ele></trkpt><trkpt lat="51.888756" lon="-8.509899"><ele>17.7</ele></trkpt><trkpt lat="51.888733" lon="-8.510137"><ele>18</ele></trkpt><trkpt lat="51.888728" lon="-8.510192"><ele>18</ele></trkpt><trkpt lat="51.888718" lon="-8.510297"><ele>18.2</ele></trkpt><trkpt lat="51.88863" lon="-8.511174"><ele>19.9</ele></trkpt><trkpt lat="51.888629" lon="-8.511197"><ele>19.9</ele></trkpt><trkpt lat="51.888606" lon="-8.511488"><ele>20.5</ele></trkpt><trkpt lat="51.888578" lon="-8.511848"><ele>21.3</ele></trkpt><trkpt lat="51.888573" lon="-8.511908"><ele>21.4</ele></trkpt><trkpt lat="51.888563" lon="-8.512034"><ele>21.6</ele></trkpt><trkpt lat="51.888551" lon="-8.512195"><ele>21.8</ele></trkpt><trkpt lat="51.88855" lon="-8.512206"><ele>21.9</ele></trkpt><trkpt lat="51.888538" lon="-8.512358"><ele>22.1</ele></trkpt><trkpt lat="51.88853" lon="-8.512463"><ele>22.3</ele></trkpt><trkpt lat="51.88851" lon="-8.512771"><ele>22.7</ele></trkpt><trkpt lat="51.888486" lon="-8.513125"><ele>23.3</ele></trkpt><trkpt lat="51.888484" lon="-8.513161"><ele>23.4</ele></trkpt><trkpt lat="51.888462" lon="-8.513491"><ele>24.1</ele></trkpt><trkpt lat="51.888455" lon="-8.513609"><ele>24.3</ele></trkpt><trkpt lat="51.88845" lon="-8.513686"><ele>24.4</ele></trkpt><trkpt lat="51.888441" lon="-8.513822"><ele>24.7</ele></trkpt><trkpt lat="51.888432" lon="-8.513979"><ele>25</ele></trkpt><trkpt lat="51.888431" lon="-8.513995"><ele>25</ele></trkpt><trkpt lat="51.888415" lon="-8.51426"><ele>25.5</ele></trkpt><trkpt lat="51.888411" lon="-8.514343"><ele>25.6</ele></trkpt><trkpt lat="51.888397" lon="-8.514655"><ele>26.1</ele></trkpt><trkpt lat="51.888397" lon="-8.514666"><ele>26.1</ele></trkpt><trkpt lat="51.888398" lon="-8.514802"><ele>26.3</ele></trkpt><trkpt lat="51.888399" lon="-8.515096"><ele>26.6</ele></trkpt><trkpt lat="51.888401" lon="-8.515242"><ele>26.7</ele></trkpt><trkpt lat="51.888398" lon="-8.515429"><ele>26.9</ele></trkpt><trkpt lat="51.888404" lon="-8.515639"><ele>27.1</ele></trkpt><trkpt lat="51.888418" lon="-8.51614"><ele>27.6</ele></trkpt><trkpt lat="51.888422" lon="-8.516406"><ele>28</ele></trkpt><trkpt lat="51.888427" lon="-8.516482"><ele>28.1</ele></trkpt><trkpt lat="51.888456" lon="-8.516873"><ele>28.5</ele></trkpt><trkpt lat="51.888521" lon="-8.517273"><ele>28.7</ele></trkpt><trkpt lat="51.888534" lon="-8.517351"><ele>28.7</ele></trkpt><trkpt lat="51.88854" lon="-8.517387"><ele>28.7</ele></trkpt><trkpt lat="51.888563" lon="-8.517509"><ele>28.8</ele></trkpt><trkpt lat="51.88858" lon="-8.517592"><ele>28.8</ele></trkpt><trkpt lat="51.888596" lon="-8.517672"><ele>28.8</ele></trkpt><trkpt lat="51.888666" lon="-8.51802"><ele>28.8</ele></trkpt><trkpt lat="51.888712" lon="-8.518243"><ele>28.7</ele></trkpt><trkpt lat="51.888738" lon="-8.518372"><ele>28.7</ele></trkpt><trkpt lat="51.888785" lon="-8.518602"><ele>28.6</ele></trkpt><trkpt lat="51.888802" lon="-8.518682"><ele>28.6</ele></trkpt><trkpt lat="51.888829" lon="-8.518843"><ele>28.5</ele></trkpt><trkpt lat="51.888839" lon="-8.518899"><ele>28.5</ele></trkpt><trkpt lat="51.888895" lon="-8.519252"><ele>28.3</ele></trkpt><trkpt lat="51.88904" lon="-8.520553"><ele>26.3</ele></trkpt><trkpt lat="51.889041" lon="-8.520981"><ele>25.6</ele></trkpt><trkpt lat="51.888961" lon="-8.521913"><ele>23.8</ele></trkpt><trkpt lat="51.888933" lon="-8.522216"><ele>23.2</ele></trkpt><trkpt lat="51.888844" lon="-8.524497"><ele>19.8</ele></trkpt><trkpt lat="51.888841" lon="-8.524937"><ele>19.3</ele></trkpt><trkpt lat="51.888834" lon="-8.525761"><ele>18.8</ele></trkpt><trkpt lat="51.888831" lon="-8.526234"><ele>18.7</ele></trkpt><trkpt lat="51.888833" lon="-8.526617"><ele>18.6</ele></trkpt><trkpt lat="51.888854" lon="-8.528638"><ele>19.4</ele></trkpt><trkpt lat="51.888862" lon="-8.530361"><ele>20</ele></trkpt><trkpt lat="51.888908" lon="-8.531275"><ele>20.3</ele></trkpt><trkpt lat="51.888911" lon="-8.53133"><ele>20.3</ele></trkpt><trkpt lat="51.888928" lon="-8.531548"><ele>20.3</ele></trkpt><trkpt lat="51.888986" lon="-8.532307"><ele>20.5</ele></trkpt><trkpt lat="51.889072" lon="-8.533445"><ele>20.1</ele></trkpt><trkpt lat="51.889091" lon="-8.534026"><ele>19.9</ele></trkpt><trkpt lat="51.8891" lon="-8.534351"><ele>19.8</ele></trkpt><trkpt lat="51.889122" lon="-8.535192"><ele>19.7</ele></trkpt><trkpt lat="51.889136" lon="-8.53573"><ele>19.6</ele></trkpt><trkpt lat="51.889159" lon="-8.5366"><ele>19.3</ele></trkpt><trkpt lat="51.88918" lon="-8.537321"><ele>18.9</ele></trkpt><trkpt lat="51.889247" lon="-8.537743"><ele>18.5</ele></trkpt><trkpt lat="51.889323" lon="-8.53802"><ele>18.1</ele></trkpt><trkpt lat="51.889428" lon="-8.538238"><ele>17.6</ele></trkpt><trkpt lat="51.890001" lon="-8.538829"><ele>14.7</ele></trkpt><trkpt lat="51.89027" lon="-8.539193"><ele>13.1</ele></trkpt><trkpt lat="51.890418" lon="-8.539375"><ele>12.3</ele></trkpt><trkpt lat="51.890428" lon="-8.539401"><ele>12.2</ele></trkpt><trkpt lat="51.890651" lon="-8.539714"><ele>11.1</ele></trkpt><trkpt lat="51.890712" lon="-8.539933"><ele>10.7</ele></trkpt><trkpt lat="51.890744" lon="-8.540157"><ele>10.3</ele></trkpt><trkpt lat="51.890771" lon="-8.540354"><ele>10.2</ele></trkpt><trkpt lat="51.890867" lon="-8.541072"><ele>10.2</ele></trkpt><trkpt lat="51.890883" lon="-8.541162"><ele>10.2</ele></trkpt><trkpt lat="51.890896" lon="-8.541236"><ele>10.3</ele></trkpt><trkpt lat="51.890932" lon="-8.541457"><ele>10.4</ele></trkpt><trkpt lat="51.891002" lon="-8.541645"><ele>10.6</ele></trkpt><trkpt lat="51.891309" lon="-8.542064"><ele>11.3</ele></trkpt><trkpt lat="51.891459" lon="-8.542325"><ele>11.7</ele></trkpt><trkpt lat="51.89154" lon="-8.542554"><ele>12.1</ele></trkpt><trkpt lat="51.891571" lon="-8.542653"><ele>12.2</ele></trkpt><trkpt lat="51.891629" lon="-8.543247"><ele>12.5</ele></trkpt><trkpt lat="51.891649" lon="-8.544182"><ele>12</ele></trkpt><trkpt lat="51.891689" lon="-8.545043"><ele>11.4</ele></trkpt><trkpt lat="51.891748" lon="-8.54536"><ele>11.3</ele></trkpt><trkpt lat="51.891873" lon="-8.545878"><ele>11.3</ele></trkpt><trkpt lat="51.891937" lon="-8.54627"><ele>11.5</ele></trkpt><trkpt lat="51.891969" lon="-8.546528"><ele>11.8</ele></trkpt><trkpt lat="51.891985" lon="-8.547233"><ele>12.9</ele></trkpt><trkpt lat="51.89196" lon="-8.548492"><ele>16.2</ele></trkpt><trkpt lat="51.892054" lon="-8.549952"><ele>20.2</ele></trkpt><trkpt lat="51.892063" lon="-8.550099"><ele>20.5</ele></trkpt><trkpt lat="51.892086" lon="-8.550978"><ele>22.4</ele></trkpt><trkpt lat="51.892086" lon="-8.551046"><ele>22.5</ele></trkpt><trkpt lat="51.892115" lon="-8.55173"><ele>23.6</ele></trkpt><trkpt lat="51.892137" lon="-8.552209"><ele>24.2</ele></trkpt><trkpt lat="51.892142" lon="-8.552353"><ele>24.4</ele></trkpt><trkpt lat="51.892128" lon="-8.553012"><ele>25.2</ele></trkpt><trkpt lat="51.89208" lon="-8.553745"><ele>26.1</ele></trkpt><trkpt lat="51.892099" lon="-8.555462"><ele>27.7</ele></trkpt><trkpt lat="51.892159" lon="-8.556564"><ele>28.2</ele></trkpt><trkpt lat="51.892122" lon="-8.557511"><ele>28.7</ele></trkpt><trkpt lat="51.892126" lon="-8.55775"><ele>28.8</ele></trkpt><trkpt lat="51.892143" lon="-8.558188"><ele>29.1</ele></trkpt><trkpt lat="51.892254" lon="-8.559373"><ele>30.1</ele></trkpt><trkpt lat="51.892255" lon="-8.55984"><ele>30.7</ele></trkpt><trkpt lat="51.892217" lon="-8.560457"><ele>31.4</ele></trkpt><trkpt lat="51.892146" lon="-8.561137"><ele>32.3</ele></trkpt><trkpt lat="51.892108" lon="-8.561895"><ele>33.1</ele></trkpt><trkpt lat="51.892161" lon="-8.562495"><ele>33.4</ele></trkpt><trkpt lat="51.892205" lon="-8.562778"><ele>33.4</ele></trkpt><trkpt lat="51.892258" lon="-8.563163"><ele>33.2</ele></trkpt><trkpt lat="51.892252" lon="-8.563878"><ele>32.3</ele></trkpt><trkpt lat="51.892214" lon="-8.564543"><ele>30.4</ele></trkpt><trkpt lat="51.892124" lon="-8.565089"><ele>28.6</ele></trkpt><trkpt lat="51.891995" lon="-8.565524"><ele>26.9</ele></trkpt><trkpt lat="51.891782" lon="-8.566082"><ele>25</ele></trkpt><trkpt lat="51.89176" lon="-8.56614"><ele>24.8</ele></trkpt><trkpt lat="51.891575" lon="-8.566745"><ele>23.5</ele></trkpt><trkpt lat="51.891548" lon="-8.566839"><ele>23.4</ele></trkpt><trkpt lat="51.891461" lon="-8.567251"><ele>23.1</ele></trkpt><trkpt lat="51.89147" lon="-8.567564"><ele>23.1</ele></trkpt><trkpt lat="51.891425" lon="-8.568134"><ele>23.6</ele></trkpt><trkpt lat="51.891356" lon="-8.568229"><ele>23.8</ele></trkpt><trkpt lat="51.891305" lon="-8.5684"><ele>24</ele></trkpt><trkpt lat="51.891299" lon="-8.568495"><ele>24.1</ele></trkpt><trkpt lat="51.891329" lon="-8.568679"><ele>24.4</ele></trkpt><trkpt lat="51.891348" lon="-8.568734"><ele>24.5</ele></trkpt><trkpt lat="51.891295" lon="-8.569014"><ele>24.9</ele></trkpt><trkpt lat="51.891191" lon="-8.569294"><ele>25.4</ele></trkpt><trkpt lat="51.89109" lon="-8.569466"><ele>25.7</ele></trkpt><trkpt lat="51.890856" lon="-8.569929"><ele>26.5</ele></trkpt><trkpt lat="51.890733" lon="-8.570199"><ele>26.8</ele></trkpt><trkpt lat="51.890635" lon="-8.570428"><ele>27</ele></trkpt><trkpt lat="51.8906" lon="-8.570516"><ele>27</ele></trkpt><trkpt lat="51.890582" lon="-8.570566"><ele>27.1</ele></trkpt><trkpt lat="51.890576" lon="-8.57058"><ele>27.1</ele></trkpt><trkpt lat="51.890506" lon="-8.57078"><ele>27.2</ele></trkpt><trkpt lat="51.890461" lon="-8.570923"><ele>27.3</ele></trkpt><trkpt lat="51.890442" lon="-8.570991"><ele>27.3</ele></trkpt><trkpt lat="51.890403" lon="-8.571138"><ele>27.3</ele></trkpt><trkpt lat="51.890372" lon="-8.571256"><ele>27.4</ele></trkpt><trkpt lat="51.89035" lon="-8.571348"><ele>27.4</ele></trkpt><trkpt lat="51.890281" lon="-8.571637"><ele>27.5</ele></trkpt><trkpt lat="51.89024" lon="-8.571818"><ele>27.5</ele></trkpt><trkpt lat="51.890215" lon="-8.571932"><ele>27.5</ele></trkpt><trkpt lat="51.89013" lon="-8.572315"><ele>27.5</ele></trkpt><trkpt lat="51.890113" lon="-8.572392"><ele>27.5</ele></trkpt><trkpt lat="51.890014" lon="-8.572859"><ele>27.5</ele></trkpt><trkpt lat="51.88996" lon="-8.573203"><ele>27.4</ele></trkpt><trkpt lat="51.889955" lon="-8.573246"><ele>27.4</ele></trkpt><trkpt lat="51.889938" lon="-8.573417"><ele>27.4</ele></trkpt><trkpt lat="51.889931" lon="-8.573541"><ele>27.3</ele></trkpt><trkpt lat="51.889916" lon="-8.574053"><ele>27.2</ele></trkpt><trkpt lat="51.889913" lon="-8.574281"><ele>27.1</ele></trkpt><trkpt lat="51.889906" lon="-8.574488"><ele>27</ele></trkpt><trkpt lat="51.889902" lon="-8.574604"><ele>27</ele></trkpt><trkpt lat="51.8899" lon="-8.574688"><ele>27</ele></trkpt><trkpt lat="51.88988" lon="-8.575082"><ele>26.7</ele></trkpt><trkpt lat="51.889863" lon="-8.575318"><ele>26.6</ele></trkpt><trkpt lat="51.889851" lon="-8.575452"><ele>26.5</ele></trkpt><trkpt lat="51.889845" lon="-8.575526"><ele>26.5</ele></trkpt><trkpt lat="51.889824" lon="-8.575779"><ele>26.4</ele></trkpt><trkpt lat="51.889819" lon="-8.575841"><ele>26.3</ele></trkpt><trkpt lat="51.889798" lon="-8.576068"><ele>26.2</ele></trkpt><trkpt lat="51.889742" lon="-8.576593"><ele>26</ele></trkpt><trkpt lat="51.889572" lon="-8.57763"><ele>25.7</ele></trkpt><trkpt lat="51.889474" lon="-8.578198"><ele>25.6</ele></trkpt><trkpt lat="51.889453" lon="-8.578321"><ele>25.6</ele></trkpt><trkpt lat="51.889412" lon="-8.57856"><ele>25.6</ele></trkpt><trkpt lat="51.889399" lon="-8.578642"><ele>25.6</ele></trkpt><trkpt lat="51.88939" lon="-8.578694"><ele>25.6</ele></trkpt><trkpt lat="51.889353" lon="-8.578923"><ele>25.6</ele></trkpt><trkpt lat="51.88935" lon="-8.578944"><ele>25.6</ele></trkpt><trkpt lat="51.889275" lon="-8.579444"><ele>25.5</ele></trkpt><trkpt lat="51.889195" lon="-8.579993"><ele>25.4</ele></trkpt><trkpt lat="51.889144" lon="-8.580352"><ele>25.3</ele></trkpt><trkpt lat="51.889138" lon="-8.58039"><ele>25.3</ele></trkpt><trkpt lat="51.889103" lon="-8.580619"><ele>25.2</ele></trkpt><trkpt lat="51.889096" lon="-8.580671"><ele>25.2</ele></trkpt><trkpt lat="51.889093" lon="-8.580697"><ele>25.2</ele></trkpt><trkpt lat="51.889066" lon="-8.580874"><ele>25.1</ele></trkpt><trkpt lat="51.889034" lon="-8.581087"><ele>25</ele></trkpt><trkpt lat="51.889007" lon="-8.581259"><ele>25</ele></trkpt><trkpt lat="51.88898" lon="-8.581438"><ele>24.9</ele></trkpt><trkpt lat="51.888972" lon="-8.581482"><ele>24.9</ele></trkpt><trkpt lat="51.888963" lon="-8.581539"><ele>24.9</ele></trkpt><trkpt lat="51.888917" lon="-8.581819"><ele>24.8</ele></trkpt><trkpt lat="51.888849" lon="-8.582259"><ele>24.8</ele></trkpt><trkpt lat="51.888759" lon="-8.582819"><ele>24.8</ele></trkpt><trkpt lat="51.888755" lon="-8.582845"><ele>24.8</ele></trkpt><trkpt lat="51.888737" lon="-8.582964"><ele>24.9</ele></trkpt><trkpt lat="51.888726" lon="-8.583033"><ele>24.9</ele></trkpt><trkpt lat="51.88872" lon="-8.58307"><ele>24.9</ele></trkpt><trkpt lat="51.888666" lon="-8.583378"><ele>25</ele></trkpt><trkpt lat="51.88865" lon="-8.583492"><ele>25</ele></trkpt><trkpt lat="51.888588" lon="-8.583897"><ele>25.3</ele></trkpt><trkpt lat="51.888586" lon="-8.583909"><ele>25.3</ele></trkpt><trkpt lat="51.888551" lon="-8.584166"><ele>25.4</ele></trkpt><trkpt lat="51.888548" lon="-8.584189"><ele>25.4</ele></trkpt><trkpt lat="51.888538" lon="-8.584251"><ele>25.4</ele></trkpt><trkpt lat="51.888486" lon="-8.584591"><ele>25.5</ele></trkpt><trkpt lat="51.888476" lon="-8.584668"><ele>25.6</ele></trkpt><trkpt lat="51.888452" lon="-8.584851"><ele>25.6</ele></trkpt><trkpt lat="51.888414" lon="-8.58508"><ele>25.6</ele></trkpt><trkpt lat="51.888408" lon="-8.585115"><ele>25.6</ele></trkpt><trkpt lat="51.888392" lon="-8.585203"><ele>25.6</ele></trkpt><trkpt lat="51.888377" lon="-8.585297"><ele>25.6</ele></trkpt><trkpt lat="51.888362" lon="-8.585396"><ele>25.6</ele></trkpt><trkpt lat="51.888249" lon="-8.586105"><ele>25.4</ele></trkpt><trkpt lat="51.888207" lon="-8.586401"><ele>25.3</ele></trkpt><trkpt lat="51.888157" lon="-8.586948"><ele>25.2</ele></trkpt><trkpt lat="51.888102" lon="-8.587587"><ele>25</ele></trkpt><trkpt lat="51.888089" lon="-8.587732"><ele>25</ele></trkpt><trkpt lat="51.888017" lon="-8.588577"><ele>25.1</ele></trkpt><trkpt lat="51.888012" lon="-8.588804"><ele>25.1</ele></trkpt><trkpt lat="51.888014" lon="-8.59007"><ele>25.5</ele></trkpt><trkpt lat="51.888015" lon="-8.590182"><ele>25.5</ele></trkpt><trkpt lat="51.888014" lon="-8.590438"><ele>25.6</ele></trkpt><trkpt lat="51.888012" lon="-8.590949"><ele>25.7</ele></trkpt><trkpt lat="51.888012" lon="-8.591015"><ele>25.7</ele></trkpt><trkpt lat="51.888013" lon="-8.591176"><ele>25.8</ele></trkpt><trkpt lat="51.888013" lon="-8.59136"><ele>25.8</ele></trkpt><trkpt lat="51.888013" lon="-8.591413"><ele>25.8</ele></trkpt><trkpt lat="51.888016" lon="-8.59201"><ele>25.8</ele></trkpt><trkpt lat="51.888015" lon="-8.592218"><ele>25.8</ele></trkpt><trkpt lat="51.888001" lon="-8.593448"><ele>25.7</ele></trkpt><trkpt lat="51.887978" lon="-8.594427"><ele>25.5</ele></trkpt><trkpt lat="51.887969" lon="-8.594867"><ele>25.5</ele></trkpt><trkpt lat="51.887966" lon="-8.595007"><ele>25.6</ele></trkpt><trkpt lat="51.887964" lon="-8.595145"><ele>25.6</ele></trkpt><trkpt lat="51.887949" lon="-8.596178"><ele>26.3</ele></trkpt><trkpt lat="51.887934" lon="-8.596462"><ele>26.7</ele></trkpt><trkpt lat="51.887928" lon="-8.596716"><ele>27</ele></trkpt><trkpt lat="51.887933" lon="-8.597177"><ele>27.6</ele></trkpt><trkpt lat="51.887878" lon="-8.597297"><ele>27.8</ele></trkpt><trkpt lat="51.88787" lon="-8.597528"><ele>28.1</ele></trkpt><trkpt lat="51.887916" lon="-8.597713"><ele>28.4</ele></trkpt><trkpt lat="51.887857" lon="-8.597892"><ele>28.6</ele></trkpt><trkpt lat="51.887853" lon="-8.598038"><ele>28.8</ele></trkpt><trkpt lat="51.887845" lon="-8.598325"><ele>29.1</ele></trkpt><trkpt lat="51.887782" lon="-8.59867"><ele>29.5</ele></trkpt><trkpt lat="51.887594" lon="-8.599519"><ele>29.9</ele></trkpt><trkpt lat="51.887563" lon="-8.599634"><ele>29.9</ele></trkpt><trkpt lat="51.887434" lon="-8.600131"><ele>29.9</ele></trkpt><trkpt lat="51.887362" lon="-8.600442"><ele>29.8</ele></trkpt><trkpt lat="51.887274" lon="-8.60091"><ele>29.6</ele></trkpt><trkpt lat="51.887252" lon="-8.601059"><ele>29.6</ele></trkpt><trkpt lat="51.887197" lon="-8.601387"><ele>29.4</ele></trkpt><trkpt lat="51.887116" lon="-8.601904"><ele>29.1</ele></trkpt><trkpt lat="51.887102" lon="-8.602002"><ele>29</ele></trkpt><trkpt lat="51.887081" lon="-8.602138"><ele>28.8</ele></trkpt><trkpt lat="51.887074" lon="-8.602184"><ele>28.8</ele></trkpt><trkpt lat="51.887071" lon="-8.602207"><ele>28.8</ele></trkpt><trkpt lat="51.887041" lon="-8.602407"><ele>28.6</ele></trkpt><trkpt lat="51.886986" lon="-8.602774"><ele>28.3</ele></trkpt><trkpt lat="51.886951" lon="-8.603009"><ele>28</ele></trkpt><trkpt lat="51.886915" lon="-8.603244"><ele>27.8</ele></trkpt><trkpt lat="51.886896" lon="-8.603376"><ele>27.6</ele></trkpt><trkpt lat="51.886844" lon="-8.603715"><ele>27.2</ele></trkpt><trkpt lat="51.886826" lon="-8.603833"><ele>27</ele></trkpt><trkpt lat="51.886782" lon="-8.604124"><ele>26.6</ele></trkpt><trkpt lat="51.886744" lon="-8.60437"><ele>26.2</ele></trkpt><trkpt lat="51.886691" lon="-8.604719"><ele>25.6</ele></trkpt><trkpt lat="51.886659" lon="-8.604928"><ele>25.2</ele></trkpt><trkpt lat="51.886651" lon="-8.604983"><ele>25.1</ele></trkpt><trkpt lat="51.886644" lon="-8.605028"><ele>25.1</ele></trkpt><trkpt lat="51.886577" lon="-8.605468"><ele>24.3</ele></trkpt><trkpt lat="51.886552" lon="-8.605659"><ele>24</ele></trkpt><trkpt lat="51.886446" lon="-8.606443"><ele>22.8</ele></trkpt><trkpt lat="51.886403" lon="-8.606768"><ele>22.3</ele></trkpt><trkpt lat="51.886386" lon="-8.606892"><ele>22.2</ele></trkpt><trkpt lat="51.88637" lon="-8.607005"><ele>22.1</ele></trkpt><trkpt lat="51.886353" lon="-8.607138"><ele>22</ele></trkpt><trkpt lat="51.886303" lon="-8.607217"><ele>21.9</ele></trkpt><trkpt lat="51.88628" lon="-8.607371"><ele>21.8</ele></trkpt><trkpt lat="51.886313" lon="-8.607482"><ele>21.7</ele></trkpt><trkpt lat="51.886201" lon="-8.608331"><ele>21.3</ele></trkpt><trkpt lat="51.886181" lon="-8.608487"><ele>21.3</ele></trkpt><trkpt lat="51.886148" lon="-8.60877"><ele>21.2</ele></trkpt><trkpt lat="51.886119" lon="-8.608957"><ele>21.2</ele></trkpt><trkpt lat="51.886091" lon="-8.609129"><ele>21.2</ele></trkpt><trkpt lat="51.886211" lon="-8.609316"><ele>21.2</ele></trkpt><trkpt lat="51.886255" lon="-8.60937"><ele>21.2</ele></trkpt><trkpt lat="51.886328" lon="-8.609683"><ele>21.2</ele></trkpt><trkpt lat="51.886334" lon="-8.60975"><ele>21.2</ele></trkpt><trkpt lat="51.886338" lon="-8.609784"><ele>21.2</ele></trkpt><trkpt lat="51.886341" lon="-8.609812"><ele>21.2</ele></trkpt><trkpt lat="51.886363" lon="-8.609964"><ele>21.2</ele></trkpt><trkpt lat="51.886405" lon="-8.610179"><ele>21.2</ele></trkpt><trkpt lat="51.886498" lon="-8.61061"><ele>21.2</ele></trkpt><trkpt lat="51.886624" lon="-8.611224"><ele>21.1</ele></trkpt><trkpt lat="51.886717" lon="-8.611677"><ele>21.2</ele></trkpt><trkpt lat="51.886734" lon="-8.611758"><ele>21.2</ele></trkpt><trkpt lat="51.886775" lon="-8.611952"><ele>21.2</ele></trkpt><trkpt lat="51.88684" lon="-8.612279"><ele>21.2</ele></trkpt><trkpt lat="51.88696" lon="-8.612809"><ele>21.3</ele></trkpt><trkpt lat="51.887148" lon="-8.613524"><ele>21.5</ele></trkpt><trkpt lat="51.887375" lon="-8.614383"><ele>22</ele></trkpt><trkpt lat="51.887456" lon="-8.61472"><ele>22.2</ele></trkpt><trkpt lat="51.887598" lon="-8.615603"><ele>23</ele></trkpt><trkpt lat="51.887903" lon="-8.616921"><ele>24.5</ele></trkpt><trkpt lat="51.887922" lon="-8.617003"><ele>24.6</ele></trkpt><trkpt lat="51.888004" lon="-8.617406"><ele>24.9</ele></trkpt><trkpt lat="51.888295" lon="-8.618738"><ele>25.2</ele></trkpt><trkpt lat="51.88851" lon="-8.619653"><ele>24.2</ele></trkpt><trkpt lat="51.888621" lon="-8.62033"><ele>22.3</ele></trkpt><trkpt lat="51.888673" lon="-8.620643"><ele>21.2</ele></trkpt><trkpt lat="51.888728" lon="-8.620761"><ele>20.9</ele></trkpt><trkpt lat="51.888803" lon="-8.620826"><ele>20.4</ele></trkpt><trkpt lat="51.889067" lon="-8.621003"><ele>19</ele></trkpt><trkpt lat="51.889338" lon="-8.621186"><ele>17.4</ele></trkpt><trkpt lat="51.889552" lon="-8.621333"><ele>16.1</ele></trkpt><trkpt lat="51.889695" lon="-8.621431"><ele>15.3</ele></trkpt><trkpt lat="51.890463" lon="-8.621927"><ele>12.9</ele></trkpt><trkpt lat="51.890625" lon="-8.622021"><ele>12.8</ele></trkpt><trkpt lat="51.891066" lon="-8.622276"><ele>12.7</ele></trkpt><trkpt lat="51.89164" lon="-8.622613"><ele>13.1</ele></trkpt><trkpt lat="51.891967" lon="-8.622814"><ele>13.6</ele></trkpt><trkpt lat="51.892225" lon="-8.622965"><ele>14</ele></trkpt><trkpt lat="51.892363" lon="-8.623039"><ele>14.2</ele></trkpt><trkpt lat="51.892484" lon="-8.623104"><ele>14.4</ele></trkpt><trkpt lat="51.892824" lon="-8.623342"><ele>14.9</ele></trkpt><trkpt lat="51.892727" lon="-8.623708"><ele>15.1</ele></trkpt><trkpt lat="51.892611" lon="-8.623972"><ele>15.2</ele></trkpt><trkpt lat="51.892302" lon="-8.624461"><ele>15.3</ele></trkpt><trkpt lat="51.892204" lon="-8.62469"><ele>15.2</ele></trkpt><trkpt lat="51.892118" lon="-8.62503"><ele>15.1</ele></trkpt><trkpt lat="51.892028" lon="-8.625568"><ele>14.9</ele></trkpt><trkpt lat="51.891918" lon="-8.626223"><ele>14.8</ele></trkpt><trkpt lat="51.891612" lon="-8.627832"><ele>15.2</ele></trkpt><trkpt lat="51.891595" lon="-8.628257"><ele>15.6</ele></trkpt><trkpt lat="51.891656" lon="-8.628903"><ele>16</ele></trkpt><trkpt lat="51.891709" lon="-8.629222"><ele>16.3</ele></trkpt><trkpt lat="51.892005" lon="-8.630355"><ele>16.8</ele></trkpt><trkpt lat="51.892195" lon="-8.631063"><ele>17.1</ele></trkpt><trkpt lat="51.892405" lon="-8.631845"><ele>17.5</ele></trkpt><trkpt lat="51.892621" lon="-8.632649"><ele>18.3</ele></trkpt><trkpt lat="51.892773" lon="-8.633079"><ele>18.8</ele></trkpt><trkpt lat="51.892963" lon="-8.633463"><ele>19.5</ele></trkpt><trkpt lat="51.893283" lon="-8.633971"><ele>20.7</ele></trkpt><trkpt lat="51.893533" lon="-8.634235"><ele>21.5</ele></trkpt><trkpt lat="51.894565" lon="-8.634807"><ele>23.7</ele></trkpt><trkpt lat="51.895455" lon="-8.635416"><ele>24.3</ele></trkpt><trkpt lat="51.895722" lon="-8.635646"><ele>24.4</ele></trkpt><trkpt lat="51.89625" lon="-8.636102"><ele>24.3</ele></trkpt><trkpt lat="51.896993" lon="-8.636992"><ele>24.3</ele></trkpt><trkpt lat="51.897568" lon="-8.637512"><ele>23.8</ele></trkpt><trkpt lat="51.898131" lon="-8.638116"><ele>23.8</ele></trkpt><trkpt lat="51.898835" lon="-8.639044"><ele>24.3</ele></trkpt><trkpt lat="51.899435" lon="-8.639954"><ele>25.1</ele></trkpt><trkpt lat="51.899481" lon="-8.640028"><ele>25.2</ele></trkpt><trkpt lat="51.89977" lon="-8.640487"><ele>25.6</ele></trkpt><trkpt lat="51.900341" lon="-8.64163"><ele>26.3</ele></trkpt><trkpt lat="51.900512" lon="-8.641825"><ele>26.7</ele></trkpt><trkpt lat="51.900662" lon="-8.641998"><ele>27</ele></trkpt><trkpt lat="51.900993" lon="-8.642242"><ele>27.7</ele></trkpt><trkpt lat="51.90159" lon="-8.642512"><ele>28.7</ele></trkpt><trkpt lat="51.901857" lon="-8.642714"><ele>29.2</ele></trkpt><trkpt lat="51.902299" lon="-8.643375"><ele>29.7</ele></trkpt><trkpt lat="51.903025" lon="-8.644247"><ele>29.5</ele></trkpt><trkpt lat="51.903145" lon="-8.644497"><ele>29.7</ele></trkpt><trkpt lat="51.903206" lon="-8.644783"><ele>29.9</ele></trkpt><trkpt lat="51.903337" lon="-8.645206"><ele>30.6</ele></trkpt><trkpt lat="51.90347" lon="-8.645477"><ele>31.4</ele></trkpt><trkpt lat="51.903639" lon="-8.645668"><ele>32.3</ele></trkpt><trkpt lat="51.903912" lon="-8.645757"><ele>33.6</ele></trkpt><trkpt lat="51.904286" lon="-8.645984"><ele>35.8</ele></trkpt><trkpt lat="51.904457" lon="-8.646156"><ele>37</ele></trkpt><trkpt lat="51.904574" lon="-8.646294"><ele>37.8</ele></trkpt><trkpt lat="51.905461" lon="-8.64759"><ele>42.9</ele></trkpt><trkpt lat="51.905723" lon="-8.648149"><ele>43.6</ele></trkpt><trkpt lat="51.905733" lon="-8.648189"><ele>43.6</ele></trkpt><trkpt lat="51.905964" lon="-8.649076"><ele>44</ele></trkpt><trkpt lat="51.906192" lon="-8.650346"><ele>43</ele></trkpt><trkpt lat="51.906432" lon="-8.651115"><ele>42.2</ele></trkpt><trkpt lat="51.906632" lon="-8.651653"><ele>41.8</ele></trkpt><trkpt lat="51.907158" lon="-8.652735"><ele>41.4</ele></trkpt><trkpt lat="51.907278" lon="-8.653082"><ele>41.4</ele></trkpt><trkpt lat="51.907349" lon="-8.653395"><ele>41.3</ele></trkpt><trkpt lat="51.907401" lon="-8.653785"><ele>41</ele></trkpt><trkpt lat="51.907387" lon="-8.65415"><ele>40.7</ele></trkpt><trkpt lat="51.907335" lon="-8.654467"><ele>40.3</ele></trkpt><trkpt lat="51.907229" lon="-8.654682"><ele>40</ele></trkpt><trkpt lat="51.906805" lon="-8.65521"><ele>38.8</ele></trkpt><trkpt lat="51.906557" lon="-8.655616"><ele>38.2</ele></trkpt><trkpt lat="51.906384" lon="-8.655993"><ele>38</ele></trkpt><trkpt lat="51.906092" lon="-8.657056"><ele>39.4</ele></trkpt><trkpt lat="51.905844" lon="-8.658065"><ele>42.3</ele></trkpt><trkpt lat="51.905649" lon="-8.658635"><ele>44.2</ele></trkpt><trkpt lat="51.905289" lon="-8.659409"><ele>46.9</ele></trkpt><trkpt lat="51.90508" lon="-8.659913"><ele>48.1</ele></trkpt><trkpt lat="51.904812" lon="-8.660813"><ele>49.1</ele></trkpt><trkpt lat="51.904689" lon="-8.661076"><ele>49.2</ele></trkpt><trkpt lat="51.904397" lon="-8.661376"><ele>49.1</ele></trkpt><trkpt lat="51.903887" lon="-8.661682"><ele>48.6</ele></trkpt><trkpt lat="51.903393" lon="-8.662063"><ele>47.9</ele></trkpt><trkpt lat="51.902697" lon="-8.662394"><ele>48.1</ele></trkpt><trkpt lat="51.90231" lon="-8.662701"><ele>48.8</ele></trkpt><trkpt lat="51.901837" lon="-8.663262"><ele>50.2</ele></trkpt><trkpt lat="51.901036" lon="-8.664193"><ele>52.7</ele></trkpt><trkpt lat="51.900662" lon="-8.664691"><ele>53.9</ele></trkpt><trkpt lat="51.900457" lon="-8.665134"><ele>55</ele></trkpt><trkpt lat="51.90036" lon="-8.665412"><ele>55.8</ele></trkpt><trkpt lat="51.900276" lon="-8.665729"><ele>56.6</ele></trkpt><trkpt lat="51.900216" lon="-8.666076"><ele>57.6</ele></trkpt><trkpt lat="51.900191" lon="-8.666576"><ele>59.2</ele></trkpt><trkpt lat="51.90023" lon="-8.668519"><ele>65.3</ele></trkpt><trkpt lat="51.900303" lon="-8.669387"><ele>67.3</ele></trkpt><trkpt lat="51.900461" lon="-8.670364"><ele>68.8</ele></trkpt><trkpt lat="51.9007" lon="-8.67112"><ele>69.3</ele></trkpt><trkpt lat="51.900965" lon="-8.671684"><ele>69.3</ele></trkpt><trkpt lat="51.901076" lon="-8.671913"><ele>69.2</ele></trkpt><trkpt lat="51.901255" lon="-8.672315"><ele>68.9</ele></trkpt><trkpt lat="51.902186" lon="-8.674096"><ele>66.1</ele></trkpt><trkpt lat="51.904063" lon="-8.677686"><ele>64.9</ele></trkpt><trkpt lat="51.905093" lon="-8.679627"><ele>66.2</ele></trkpt><trkpt lat="51.905306" lon="-8.680214"><ele>66.3</ele></trkpt><trkpt lat="51.905438" lon="-8.680763"><ele>66.2</ele></trkpt><trkpt lat="51.905519" lon="-8.681247"><ele>66</ele></trkpt><trkpt lat="51.905555" lon="-8.68171"><ele>65.7</ele></trkpt><trkpt lat="51.905619" lon="-8.682771"><ele>64.7</ele></trkpt><trkpt lat="51.905623" lon="-8.682856"><ele>64.6</ele></trkpt><trkpt lat="51.90578" lon="-8.686048"><ele>59.7</ele></trkpt><trkpt lat="51.905853" lon="-8.68718"><ele>58.1</ele></trkpt><trkpt lat="51.90594" lon="-8.687705"><ele>57.7</ele></trkpt><trkpt lat="51.906485" lon="-8.690296"><ele>59</ele></trkpt><trkpt lat="51.906573" lon="-8.690963"><ele>59</ele></trkpt><trkpt lat="51.906599" lon="-8.691553"><ele>58.5</ele></trkpt><trkpt lat="51.906538" lon="-8.693067"><ele>56.4</ele></trkpt><trkpt lat="51.906498" lon="-8.694106"><ele>54.8</ele></trkpt><trkpt lat="51.906511" lon="-8.694664"><ele>54.1</ele></trkpt><trkpt lat="51.906581" lon="-8.695497"><ele>53.1</ele></trkpt><trkpt lat="51.906776" lon="-8.697566"><ele>50.8</ele></trkpt><trkpt lat="51.906835" lon="-8.698167"><ele>50.3</ele></trkpt><trkpt lat="51.9069" lon="-8.698894"><ele>50</ele></trkpt><trkpt lat="51.906951" lon="-8.699398"><ele>49.9</ele></trkpt><trkpt lat="51.907451" lon="-8.704935"><ele>50.8</ele></trkpt><trkpt lat="51.907545" lon="-8.705633"><ele>50.8</ele></trkpt><trkpt lat="51.907682" lon="-8.706235"><ele>50.9</ele></trkpt><trkpt lat="51.907848" lon="-8.706679"><ele>50.9</ele></trkpt><trkpt lat="51.908047" lon="-8.707101"><ele>51</ele></trkpt><trkpt lat="51.908301" lon="-8.707446"><ele>51</ele></trkpt><trkpt lat="51.909202" lon="-8.708149"><ele>51.3</ele></trkpt><trkpt lat="51.909742" lon="-8.708639"><ele>51.6</ele></trkpt><trkpt lat="51.910116" lon="-8.708875"><ele>51.9</ele></trkpt><trkpt lat="51.911087" lon="-8.709102"><ele>52.8</ele></trkpt><trkpt lat="51.911602" lon="-8.709322"><ele>54.2</ele></trkpt><trkpt lat="51.911895" lon="-8.709369"><ele>54.7</ele></trkpt><trkpt lat="51.912144" lon="-8.709368"><ele>54.9</ele></trkpt><trkpt lat="51.912288" lon="-8.709446"><ele>54.9</ele></trkpt><trkpt lat="51.912364" lon="-8.70958"><ele>54.9</ele></trkpt><trkpt lat="51.912449" lon="-8.709807"><ele>55</ele></trkpt><trkpt lat="51.912455" lon="-8.710062"><ele>55.1</ele></trkpt><trkpt lat="51.912396" lon="-8.710653"><ele>55.4</ele></trkpt><trkpt lat="51.912401" lon="-8.710992"><ele>55.4</ele></trkpt><trkpt lat="51.912453" lon="-8.711424"><ele>55.1</ele></trkpt><trkpt lat="51.912575" lon="-8.712467"><ele>54.1</ele></trkpt><trkpt lat="51.91276" lon="-8.713971"><ele>53.3</ele></trkpt><trkpt lat="51.912887" lon="-8.714727"><ele>52.7</ele></trkpt><trkpt lat="51.913564" lon="-8.71771"><ele>53.7</ele></trkpt><trkpt lat="51.913651" lon="-8.71798"><ele>53.7</ele></trkpt><trkpt lat="51.913678" lon="-8.718206"><ele>53.7</ele></trkpt><trkpt lat="51.913671" lon="-8.71845"><ele>53.7</ele></trkpt><trkpt lat="51.913614" lon="-8.718697"><ele>53.6</ele></trkpt><trkpt lat="51.913079" lon="-8.719853"><ele>53.2</ele></trkpt><trkpt lat="51.912947" lon="-8.720579"><ele>53.2</ele></trkpt><trkpt lat="51.912836" lon="-8.72162"><ele>54</ele></trkpt><trkpt lat="51.912813" lon="-8.721785"><ele>54.2</ele></trkpt><trkpt lat="51.91258" lon="-8.722888"><ele>55.8</ele></trkpt><trkpt lat="51.91219" lon="-8.725166"><ele>56.6</ele></trkpt><trkpt lat="51.912134" lon="-8.725503"><ele>56.3</ele></trkpt><trkpt lat="51.911978" lon="-8.727145"><ele>54.5</ele></trkpt><trkpt lat="51.911779" lon="-8.729956"><ele>53.1</ele></trkpt><trkpt lat="51.911707" lon="-8.731254"><ele>53.8</ele></trkpt><trkpt lat="51.911587" lon="-8.732422"><ele>55.2</ele></trkpt><trkpt lat="51.911568" lon="-8.732929"><ele>55.8</ele></trkpt><trkpt lat="51.911628" lon="-8.733576"><ele>56.5</ele></trkpt><trkpt lat="51.911719" lon="-8.734256"><ele>57.4</ele></trkpt><trkpt lat="51.911833" lon="-8.735008"><ele>58.3</ele></trkpt><trkpt lat="51.911894" lon="-8.735412"><ele>58.7</ele></trkpt><trkpt lat="51.912123" lon="-8.736935"><ele>60.5</ele></trkpt><trkpt lat="51.912151" lon="-8.73711"><ele>60.7</ele></trkpt><trkpt lat="51.912481" lon="-8.739172"><ele>62.5</ele></trkpt><trkpt lat="51.912508" lon="-8.739348"><ele>62.5</ele></trkpt><trkpt lat="51.912675" lon="-8.740233"><ele>62.4</ele></trkpt><trkpt lat="51.912793" lon="-8.740708"><ele>62.1</ele></trkpt><trkpt lat="51.912964" lon="-8.741088"><ele>61.8</ele></trkpt><trkpt lat="51.913114" lon="-8.741338"><ele>61.6</ele></trkpt><trkpt lat="51.913581" lon="-8.741826"><ele>61</ele></trkpt><trkpt lat="51.914008" lon="-8.741975"><ele>60.3</ele></trkpt><trkpt lat="51.914076" lon="-8.741994"><ele>60.1</ele></trkpt><trkpt lat="51.914112" lon="-8.742002"><ele>60</ele></trkpt><trkpt lat="51.914305" lon="-8.742047"><ele>59.4</ele></trkpt><trkpt lat="51.914541" lon="-8.742101"><ele>58.5</ele></trkpt><trkpt lat="51.914726" lon="-8.742187"><ele>57.8</ele></trkpt><trkpt lat="51.914831" lon="-8.742526"><ele>56.7</ele></trkpt><trkpt lat="51.914865" lon="-8.742909"><ele>55.6</ele></trkpt><trkpt lat="51.914887" lon="-8.743155"><ele>54.9</ele></trkpt><trkpt lat="51.915033" lon="-8.743901"><ele>52.7</ele></trkpt><trkpt lat="51.915262" lon="-8.744635"><ele>51.5</ele></trkpt><trkpt lat="51.915316" lon="-8.744843"><ele>51.4</ele></trkpt><trkpt lat="51.915339" lon="-8.744956"><ele>51.4</ele></trkpt><trkpt lat="51.915345" lon="-8.745038"><ele>51.4</ele></trkpt><trkpt lat="51.915291" lon="-8.745397"><ele>51.4</ele></trkpt><trkpt lat="51.91518" lon="-8.74557"><ele>51.4</ele></trkpt><trkpt lat="51.914169" lon="-8.745762"><ele>53.9</ele></trkpt><trkpt lat="51.913806" lon="-8.745841"><ele>55.1</ele></trkpt><trkpt lat="51.913594" lon="-8.746021"><ele>55.9</ele></trkpt><trkpt lat="51.913236" lon="-8.746397"><ele>57.7</ele></trkpt><trkpt lat="51.912924" lon="-8.746811"><ele>59.4</ele></trkpt><trkpt lat="51.912417" lon="-8.74737"><ele>61.3</ele></trkpt><trkpt lat="51.911417" lon="-8.748045"><ele>62</ele></trkpt><trkpt lat="51.910742" lon="-8.748655"><ele>60.9</ele></trkpt><trkpt lat="51.910327" lon="-8.749127"><ele>59.7</ele></trkpt><trkpt lat="51.909186" lon="-8.750675"><ele>56.4</ele></trkpt><trkpt lat="51.90901" lon="-8.751064"><ele>56</ele></trkpt><trkpt lat="51.908552" lon="-8.752431"><ele>55.6</ele></trkpt><trkpt lat="51.908407" lon="-8.753008"><ele>55.7</ele></trkpt><trkpt lat="51.908295" lon="-8.753714"><ele>55.8</ele></trkpt><trkpt lat="51.908265" lon="-8.755489"><ele>56.1</ele></trkpt><trkpt lat="51.908275" lon="-8.757483"><ele>56.3</ele></trkpt><trkpt lat="51.908222" lon="-8.758231"><ele>56.5</ele></trkpt><trkpt lat="51.908001" lon="-8.759645"><ele>57</ele></trkpt><trkpt lat="51.907931" lon="-8.760859"><ele>57.6</ele></trkpt><trkpt lat="51.908012" lon="-8.762598"><ele>58.8</ele></trkpt><trkpt lat="51.908041" lon="-8.762805"><ele>59</ele></trkpt><trkpt lat="51.908105" lon="-8.763006"><ele>59.3</ele></trkpt><trkpt lat="51.908623" lon="-8.764131"><ele>60.7</ele></trkpt><trkpt lat="51.908897" lon="-8.765"><ele>61.4</ele></trkpt><trkpt lat="51.908957" lon="-8.765297"><ele>61.5</ele></trkpt><trkpt lat="51.909033" lon="-8.765982"><ele>61.6</ele></trkpt><trkpt lat="51.909084" lon="-8.766755"><ele>61.2</ele></trkpt><trkpt lat="51.9091" lon="-8.766925"><ele>61.1</ele></trkpt><trkpt lat="51.909094" lon="-8.767554"><ele>60.6</ele></trkpt><trkpt lat="51.909066" lon="-8.768033"><ele>60.2</ele></trkpt><trkpt lat="51.908939" lon="-8.768978"><ele>59.7</ele></trkpt><trkpt lat="51.908927" lon="-8.769117"><ele>59.6</ele></trkpt><trkpt lat="51.908824" lon="-8.769915"><ele>59.6</ele></trkpt><trkpt lat="51.908731" lon="-8.770477"><ele>59.8</ele></trkpt><trkpt lat="51.908613" lon="-8.771026"><ele>60.2</ele></trkpt><trkpt lat="51.908337" lon="-8.772063"><ele>60.7</ele></trkpt><trkpt lat="51.908169" lon="-8.773237"><ele>60.7</ele></trkpt><trkpt lat="51.908163" lon="-8.773277"><ele>60.7</ele></trkpt><trkpt lat="51.908047" lon="-8.774182"><ele>60.5</ele></trkpt><trkpt lat="51.907948" lon="-8.774952"><ele>60.2</ele></trkpt><trkpt lat="51.907799" lon="-8.776899"><ele>59.7</ele></trkpt><trkpt lat="51.90769" lon="-8.778547"><ele>59.1</ele></trkpt><trkpt lat="51.907687" lon="-8.779279"><ele>58.6</ele></trkpt><trkpt lat="51.90771" lon="-8.780195"><ele>58.1</ele></trkpt><trkpt lat="51.907816" lon="-8.781273"><ele>57.8</ele></trkpt><trkpt lat="51.907963" lon="-8.782036"><ele>58.3</ele></trkpt><trkpt lat="51.908082" lon="-8.782428"><ele>58.6</ele></trkpt><trkpt lat="51.908437" lon="-8.78335"><ele>59.2</ele></trkpt><trkpt lat="51.908505" lon="-8.783538"><ele>59.4</ele></trkpt><trkpt lat="51.908589" lon="-8.78451"><ele>59.8</ele></trkpt><trkpt lat="51.908617" lon="-8.785141"><ele>59.7</ele></trkpt><trkpt lat="51.90861" lon="-8.785595"><ele>59.6</ele></trkpt><trkpt lat="51.908647" lon="-8.785896"><ele>59.7</ele></trkpt><trkpt lat="51.908709" lon="-8.786166"><ele>59.8</ele></trkpt><trkpt lat="51.908997" lon="-8.786997"><ele>60.5</ele></trkpt><trkpt lat="51.909017" lon="-8.787055"><ele>60.6</ele></trkpt><trkpt lat="51.909376" lon="-8.788121"><ele>62.1</ele></trkpt><trkpt lat="51.909405" lon="-8.788207"><ele>62.3</ele></trkpt><trkpt lat="51.909455" lon="-8.788604"><ele>62.9</ele></trkpt><trkpt lat="51.909467" lon="-8.789293"><ele>64.1</ele></trkpt><trkpt lat="51.909475" lon="-8.789847"><ele>65.1</ele></trkpt><trkpt lat="51.909432" lon="-8.790408"><ele>66</ele></trkpt><trkpt lat="51.909263" lon="-8.791365"><ele>67.4</ele></trkpt><trkpt lat="51.909221" lon="-8.791562"><ele>67.6</ele></trkpt><trkpt lat="51.909106" lon="-8.792105"><ele>68.3</ele></trkpt><trkpt lat="51.908718" lon="-8.793661"><ele>69.3</ele></trkpt><trkpt lat="51.908628" lon="-8.794021"><ele>69.5</ele></trkpt><trkpt lat="51.908583" lon="-8.794201"><ele>69.5</ele></trkpt><trkpt lat="51.908557" lon="-8.794306"><ele>69.6</ele></trkpt><trkpt lat="51.908459" lon="-8.794701"><ele>69.7</ele></trkpt><trkpt lat="51.908444" lon="-8.794762"><ele>69.7</ele></trkpt><trkpt lat="51.908377" lon="-8.795031"><ele>69.8</ele></trkpt><trkpt lat="51.908075" lon="-8.796161"><ele>70.4</ele></trkpt><trkpt lat="51.90791" lon="-8.79665"><ele>70.7</ele></trkpt><trkpt lat="51.907672" lon="-8.79751"><ele>71.4</ele></trkpt><trkpt lat="51.907626" lon="-8.797863"><ele>71.7</ele></trkpt><trkpt lat="51.907609" lon="-8.798259"><ele>72.1</ele></trkpt><trkpt lat="51.907624" lon="-8.79866"><ele>72.6</ele></trkpt><trkpt lat="51.907652" lon="-8.800513"><ele>75.9</ele></trkpt><trkpt lat="51.907656" lon="-8.801289"><ele>77.5</ele></trkpt><trkpt lat="51.907697" lon="-8.80198"><ele>78.9</ele></trkpt><trkpt lat="51.907896" lon="-8.803586"><ele>81.9</ele></trkpt><trkpt lat="51.908049" lon="-8.80441"><ele>83.1</ele></trkpt><trkpt lat="51.908225" lon="-8.805167"><ele>84.2</ele></trkpt><trkpt lat="51.908253" lon="-8.805289"><ele>84.4</ele></trkpt><trkpt lat="51.908414" lon="-8.805979"><ele>85.2</ele></trkpt><trkpt lat="51.908598" lon="-8.806663"><ele>85.9</ele></trkpt><trkpt lat="51.908986" lon="-8.807596"><ele>86.5</ele></trkpt><trkpt lat="51.909154" lon="-8.808004"><ele>86.7</ele></trkpt><trkpt lat="51.909303" lon="-8.808337"><ele>86.9</ele></trkpt><trkpt lat="51.909713" lon="-8.809174"><ele>87</ele></trkpt><trkpt lat="51.910239" lon="-8.810147"><ele>87.2</ele></trkpt><trkpt lat="51.911246" lon="-8.811757"><ele>86.4</ele></trkpt><trkpt lat="51.911512" lon="-8.812367"><ele>85.4</ele></trkpt><trkpt lat="51.91171" lon="-8.812957"><ele>84.2</ele></trkpt><trkpt lat="51.911856" lon="-8.813667"><ele>82.7</ele></trkpt><trkpt lat="51.912086" lon="-8.814589"><ele>80.5</ele></trkpt><trkpt lat="51.912312" lon="-8.815811"><ele>78.3</ele></trkpt><trkpt lat="51.912423" lon="-8.816227"><ele>77.7</ele></trkpt><trkpt lat="51.912502" lon="-8.816451"><ele>77.5</ele></trkpt><trkpt lat="51.91297" lon="-8.817263"><ele>76.5</ele></trkpt><trkpt lat="51.913151" lon="-8.817629"><ele>76.2</ele></trkpt><trkpt lat="51.91362" lon="-8.818539"><ele>75.6</ele></trkpt><trkpt lat="51.914064" lon="-8.819369"><ele>74.9</ele></trkpt><trkpt lat="51.914147" lon="-8.819663"><ele>74.6</ele></trkpt><trkpt lat="51.914302" lon="-8.82071"><ele>73.4</ele></trkpt><trkpt lat="51.914399" lon="-8.821111"><ele>72.8</ele></trkpt><trkpt lat="51.91473" lon="-8.822145"><ele>70.5</ele></trkpt><trkpt lat="51.914916" lon="-8.822557"><ele>69.3</ele></trkpt><trkpt lat="51.915022" lon="-8.82271"><ele>68.6</ele></trkpt><trkpt lat="51.915385" lon="-8.822974"><ele>66.5</ele></trkpt><trkpt lat="51.915774" lon="-8.823318"><ele>64.2</ele></trkpt><trkpt lat="51.915859" lon="-8.823484"><ele>63.6</ele></trkpt><trkpt lat="51.915892" lon="-8.823627"><ele>63.2</ele></trkpt><trkpt lat="51.915909" lon="-8.823996"><ele>62.3</ele></trkpt><trkpt lat="51.915841" lon="-8.824625"><ele>61.3</ele></trkpt><trkpt lat="51.915768" lon="-8.824968"><ele>60.9</ele></trkpt><trkpt lat="51.915736" lon="-8.825115"><ele>60.8</ele></trkpt><trkpt lat="51.915594" lon="-8.825336"><ele>60.8</ele></trkpt><trkpt lat="51.915383" lon="-8.825547"><ele>60.9</ele></trkpt><trkpt lat="51.914911" lon="-8.825925"><ele>61.4</ele></trkpt><trkpt lat="51.914672" lon="-8.826321"><ele>61.6</ele></trkpt><trkpt lat="51.913756" lon="-8.828639"><ele>60.6</ele></trkpt><trkpt lat="51.913689" lon="-8.828809"><ele>60.6</ele></trkpt><trkpt lat="51.913408" lon="-8.829544"><ele>60.8</ele></trkpt><trkpt lat="51.913255" lon="-8.829953"><ele>61.1</ele></trkpt><trkpt lat="51.913164" lon="-8.830355"><ele>61.5</ele></trkpt><trkpt lat="51.913089" lon="-8.830893"><ele>62</ele></trkpt><trkpt lat="51.913108" lon="-8.831821"><ele>62.9</ele></trkpt><trkpt lat="51.913048" lon="-8.832276"><ele>63.3</ele></trkpt><trkpt lat="51.912982" lon="-8.832508"><ele>63.5</ele></trkpt><trkpt lat="51.912532" lon="-8.833355"><ele>64</ele></trkpt><trkpt lat="51.912212" lon="-8.834181"><ele>63.8</ele></trkpt><trkpt lat="51.911777" lon="-8.835433"><ele>63.7</ele></trkpt><trkpt lat="51.911561" lon="-8.83612"><ele>63.8</ele></trkpt><trkpt lat="51.911451" lon="-8.836299"><ele>63.8</ele></trkpt><trkpt lat="51.911211" lon="-8.836521"><ele>63.7</ele></trkpt><trkpt lat="51.911094" lon="-8.83655"><ele>63.6</ele></trkpt><trkpt lat="51.910983" lon="-8.83652"><ele>63.5</ele></trkpt><trkpt lat="51.910832" lon="-8.836426"><ele>63.2</ele></trkpt><trkpt lat="51.910596" lon="-8.83597"><ele>62.2</ele></trkpt><trkpt lat="51.910172" lon="-8.835244"><ele>59.2</ele></trkpt><trkpt lat="51.910057" lon="-8.835098"><ele>58.4</ele></trkpt><trkpt lat="51.909901" lon="-8.834978"><ele>57.4</ele></trkpt><trkpt lat="51.90975" lon="-8.834897"><ele>56.5</ele></trkpt><trkpt lat="51.909571" lon="-8.834872"><ele>55.6</ele></trkpt><trkpt lat="51.909443" lon="-8.83493"><ele>54.9</ele></trkpt><trkpt lat="51.909325" lon="-8.835033"><ele>54.3</ele></trkpt><trkpt lat="51.909222" lon="-8.835198"><ele>53.8</ele></trkpt><trkpt lat="51.909151" lon="-8.835411"><ele>53.2</ele></trkpt><trkpt lat="51.909011" lon="-8.836443"><ele>52.1</ele></trkpt><trkpt lat="51.908865" lon="-8.837054"><ele>52.1</ele></trkpt><trkpt lat="51.908668" lon="-8.837569"><ele>52.4</ele></trkpt><trkpt lat="51.908319" lon="-8.838209"><ele>53.1</ele></trkpt><trkpt lat="51.90781" lon="-8.839484"><ele>54.4</ele></trkpt><trkpt lat="51.907343" lon="-8.841405"><ele>53.9</ele></trkpt><trkpt lat="51.907034" lon="-8.84256"><ele>52.1</ele></trkpt><trkpt lat="51.906933" lon="-8.843013"><ele>51.4</ele></trkpt><trkpt lat="51.906895" lon="-8.843304"><ele>50.9</ele></trkpt><trkpt lat="51.906938" lon="-8.844312"><ele>49.9</ele></trkpt><trkpt lat="51.906901" lon="-8.844681"><ele>49.6</ele></trkpt><trkpt lat="51.906677" lon="-8.845218"><ele>49.3</ele></trkpt><trkpt lat="51.906096" lon="-8.845773"><ele>48.3</ele></trkpt><trkpt lat="51.905914" lon="-8.845993"><ele>47.9</ele></trkpt><trkpt lat="51.905768" lon="-8.846283"><ele>47.6</ele></trkpt><trkpt lat="51.905688" lon="-8.846571"><ele>47.4</ele></trkpt><trkpt lat="51.905624" lon="-8.846964"><ele>47.3</ele></trkpt><trkpt lat="51.905583" lon="-8.847631"><ele>47.1</ele></trkpt><trkpt lat="51.905575" lon="-8.847712"><ele>47.1</ele></trkpt><trkpt lat="51.905458" lon="-8.848358"><ele>47.1</ele></trkpt><trkpt lat="51.905419" lon="-8.848503"><ele>47.1</ele></trkpt><trkpt lat="51.904931" lon="-8.849657"><ele>47.7</ele></trkpt><trkpt lat="51.904596" lon="-8.85042"><ele>47.9</ele></trkpt><trkpt lat="51.904293" lon="-8.850981"><ele>48.2</ele></trkpt><trkpt lat="51.903992" lon="-8.851375"><ele>48.5</ele></trkpt><trkpt lat="51.903744" lon="-8.851579"><ele>48.8</ele></trkpt><trkpt lat="51.903208" lon="-8.851941"><ele>49.4</ele></trkpt><trkpt lat="51.903149" lon="-8.851981"><ele>49.5</ele></trkpt><trkpt lat="51.902779" lon="-8.852231"><ele>49.8</ele></trkpt><trkpt lat="51.901827" lon="-8.852723"><ele>50.5</ele></trkpt><trkpt lat="51.901673" lon="-8.852919"><ele>50.7</ele></trkpt><trkpt lat="51.901621" lon="-8.853124"><ele>50.9</ele></trkpt><trkpt lat="51.901586" lon="-8.853341"><ele>51.1</ele></trkpt><trkpt lat="51.90162" lon="-8.853675"><ele>51.5</ele></trkpt><trkpt lat="51.901684" lon="-8.853862"><ele>51.8</ele></trkpt><trkpt lat="51.902129" lon="-8.854812"><ele>54.7</ele></trkpt><trkpt lat="51.902319" lon="-8.85539"><ele>56.8</ele></trkpt><trkpt lat="51.902372" lon="-8.855617"><ele>57.7</ele></trkpt><trkpt lat="51.902461" lon="-8.856332"><ele>60.5</ele></trkpt><trkpt lat="51.902465" lon="-8.858486"><ele>68.1</ele></trkpt><trkpt lat="51.902495" lon="-8.859533"><ele>71.4</ele></trkpt><trkpt lat="51.902581" lon="-8.861067"><ele>75</ele></trkpt><trkpt lat="51.902581" lon="-8.861067"><ele>75</ele></trkpt><trkpt lat="51.90257" lon="-8.861318"><ele>75.3</ele></trkpt><trkpt lat="51.902673" lon="-8.86128"><ele>75.4</ele></trkpt><trkpt lat="51.902756" lon="-8.860895"><ele>75.7</ele></trkpt><trkpt lat="51.902775" lon="-8.860849"><ele>75.7</ele></trkpt><trkpt lat="51.902756" lon="-8.860895"><ele>75.8</ele></trkpt><trkpt lat="51.902673" lon="-8.86128"><ele>76</ele></trkpt><trkpt lat="51.90257" lon="-8.861318"><ele>76</ele></trkpt><trkpt lat="51.902538" lon="-8.861931"><ele>76.1</ele></trkpt><trkpt lat="51.902348" lon="-8.863737"><ele>76.2</ele></trkpt><trkpt lat="51.902099" lon="-8.866157"><ele>75.7</ele></trkpt><trkpt lat="51.90205" lon="-8.866808"><ele>75.4</ele></trkpt><trkpt lat="51.90205" lon="-8.867347"><ele>75.2</ele></trkpt><trkpt lat="51.902141" lon="-8.868417"><ele>75.3</ele></trkpt><trkpt lat="51.90222" lon="-8.869299"><ele>75.5</ele></trkpt><trkpt lat="51.902258" lon="-8.870072"><ele>75.7</ele></trkpt><trkpt lat="51.902257" lon="-8.870476"><ele>75.8</ele></trkpt><trkpt lat="51.902189" lon="-8.871078"><ele>75.8</ele></trkpt><trkpt lat="51.902141" lon="-8.872073"><ele>75.7</ele></trkpt><trkpt lat="51.90211" lon="-8.872924"><ele>75.6</ele></trkpt><trkpt lat="51.902101" lon="-8.874158"><ele>75.6</ele></trkpt><trkpt lat="51.902141" lon="-8.87526"><ele>75.7</ele></trkpt><trkpt lat="51.902225" lon="-8.876623"><ele>75.9</ele></trkpt><trkpt lat="51.902232" lon="-8.876896"><ele>75.9</ele></trkpt><trkpt lat="51.902221" lon="-8.877151"><ele>75.9</ele></trkpt><trkpt lat="51.902151" lon="-8.877384"><ele>75.8</ele></trkpt><trkpt lat="51.90205" lon="-8.877612"><ele>75.7</ele></trkpt><trkpt lat="51.900708" lon="-8.879116"><ele>73.5</ele></trkpt><trkpt lat="51.900251" lon="-8.879917"><ele>72.7</ele></trkpt><trkpt lat="51.900028" lon="-8.880448"><ele>72.4</ele></trkpt><trkpt lat="51.899867" lon="-8.881068"><ele>72.3</ele></trkpt><trkpt lat="51.89982" lon="-8.881351"><ele>72.3</ele></trkpt><trkpt lat="51.899875" lon="-8.882243"><ele>72.2</ele></trkpt><trkpt lat="51.899921" lon="-8.883506"><ele>72.3</ele></trkpt><trkpt lat="51.899965" lon="-8.884509"><ele>72.4</ele></trkpt><trkpt lat="51.900085" lon="-8.885341"><ele>72.5</ele></trkpt><trkpt lat="51.900089" lon="-8.885794"><ele>72.6</ele></trkpt><trkpt lat="51.900143" lon="-8.886386"><ele>72.7</ele></trkpt><trkpt lat="51.90012" lon="-8.887001"><ele>72.9</ele></trkpt><trkpt lat="51.900154" lon="-8.888309"><ele>73.4</ele></trkpt><trkpt lat="51.900214" lon="-8.888794"><ele>73.6</ele></trkpt><trkpt lat="51.90029" lon="-8.88919"><ele>73.7</ele></trkpt><trkpt lat="51.900361" lon="-8.889842"><ele>73.9</ele></trkpt><trkpt lat="51.90041" lon="-8.891021"><ele>73.9</ele></trkpt><trkpt lat="51.900533" lon="-8.892344"><ele>73.3</ele></trkpt><trkpt lat="51.900565" lon="-8.893148"><ele>73.8</ele></trkpt><trkpt lat="51.900556" lon="-8.893772"><ele>74.9</ele></trkpt><trkpt lat="51.900257" lon="-8.895728"><ele>82.4</ele></trkpt><trkpt lat="51.900119" lon="-8.897094"><ele>87.4</ele></trkpt><trkpt lat="51.900021" lon="-8.897899"><ele>89.3</ele></trkpt><trkpt lat="51.899846" lon="-8.899026"><ele>90.2</ele></trkpt><trkpt lat="51.899742" lon="-8.900117"><ele>90.7</ele></trkpt><trkpt lat="51.899631" lon="-8.900715"><ele>91.2</ele></trkpt><trkpt lat="51.899441" lon="-8.902306"><ele>93.3</ele></trkpt><trkpt lat="51.898989" lon="-8.904583"><ele>94.8</ele></trkpt><trkpt lat="51.89871" lon="-8.905736"><ele>92.4</ele></trkpt><trkpt lat="51.898492" lon="-8.906404"><ele>90.2</ele></trkpt><trkpt lat="51.89759" lon="-8.90904"><ele>82.2</ele></trkpt><trkpt lat="51.897424" lon="-8.909381"><ele>81.4</ele></trkpt><trkpt lat="51.897275" lon="-8.909606"><ele>80.7</ele></trkpt><trkpt lat="51.896652" lon="-8.910409"><ele>78.6</ele></trkpt><trkpt lat="51.896098" lon="-8.911109"><ele>77.5</ele></trkpt><trkpt lat="51.895933" lon="-8.911358"><ele>77.2</ele></trkpt><trkpt lat="51.895831" lon="-8.911583"><ele>77</ele></trkpt><trkpt lat="51.895727" lon="-8.912588"><ele>76.5</ele></trkpt><trkpt lat="51.89561" lon="-8.913192"><ele>76.4</ele></trkpt><trkpt lat="51.895395" lon="-8.914922"><ele>76.1</ele></trkpt><trkpt lat="51.895408" lon="-8.915528"><ele>75.7</ele></trkpt><trkpt lat="51.895466" lon="-8.916083"><ele>75.1</ele></trkpt><trkpt lat="51.89553" lon="-8.916536"><ele>74.5</ele></trkpt><trkpt lat="51.895612" lon="-8.916928"><ele>73.9</ele></trkpt><trkpt lat="51.895744" lon="-8.917657"><ele>72.5</ele></trkpt><trkpt lat="51.895925" lon="-8.919137"><ele>70.3</ele></trkpt><trkpt lat="51.896047" lon="-8.919657"><ele>70.1</ele></trkpt><trkpt lat="51.896379" lon="-8.920566"><ele>70.2</ele></trkpt><trkpt lat="51.896452" lon="-8.920917"><ele>70.3</ele></trkpt><trkpt lat="51.896538" lon="-8.921569"><ele>70.6</ele></trkpt><trkpt lat="51.896676" lon="-8.922053"><ele>70.7</ele></trkpt><trkpt lat="51.896805" lon="-8.922391"><ele>70.8</ele></trkpt><trkpt lat="51.897339" lon="-8.924642"><ele>70.1</ele></trkpt><trkpt lat="51.897827" lon="-8.926259"><ele>68.2</ele></trkpt><trkpt lat="51.898041" lon="-8.927405"><ele>67.2</ele></trkpt><trkpt lat="51.898441" lon="-8.928177"><ele>66.6</ele></trkpt><trkpt lat="51.898584" lon="-8.928506"><ele>66.6</ele></trkpt><trkpt lat="51.898843" lon="-8.929264"><ele>66.8</ele></trkpt><trkpt lat="51.898983" lon="-8.930201"><ele>66.9</ele></trkpt><trkpt lat="51.899078" lon="-8.931511"><ele>67.8</ele></trkpt><trkpt lat="51.899166" lon="-8.932383"><ele>68.4</ele></trkpt><trkpt lat="51.899352" lon="-8.933368"><ele>68.8</ele></trkpt><trkpt lat="51.899412" lon="-8.933838"><ele>68.9</ele></trkpt><trkpt lat="51.899409" lon="-8.934323"><ele>68.7</ele></trkpt><trkpt lat="51.899432" lon="-8.934723"><ele>68.5</ele></trkpt><trkpt lat="51.899526" lon="-8.935116"><ele>68.3</ele></trkpt><trkpt lat="51.900576" lon="-8.937583"><ele>67</ele></trkpt><trkpt lat="51.90081" lon="-8.937926"><ele>66.7</ele></trkpt><trkpt lat="51.90164" lon="-8.938827"><ele>65.3</ele></trkpt><trkpt lat="51.901733" lon="-8.939037"><ele>65.2</ele></trkpt><trkpt lat="51.901734" lon="-8.939252"><ele>65.1</ele></trkpt><trkpt lat="51.901613" lon="-8.93973"><ele>65.7</ele></trkpt><trkpt lat="51.901288" lon="-8.940843"><ele>68.7</ele></trkpt><trkpt lat="51.901253" lon="-8.941173"><ele>70</ele></trkpt><trkpt lat="51.901314" lon="-8.941524"><ele>71.5</ele></trkpt><trkpt lat="51.901493" lon="-8.942047"><ele>73.9</ele></trkpt><trkpt lat="51.901931" lon="-8.942947"><ele>76.8</ele></trkpt><trkpt lat="51.901988" lon="-8.943123"><ele>76.9</ele></trkpt><trkpt lat="51.902089" lon="-8.943776"><ele>76.8</ele></trkpt><trkpt lat="51.9022" lon="-8.944744"><ele>74.8</ele></trkpt><trkpt lat="51.902265" lon="-8.945091"><ele>73.7</ele></trkpt><trkpt lat="51.902392" lon="-8.94538"><ele>72.8</ele></trkpt><trkpt lat="51.902785" lon="-8.946065"><ele>71</ele></trkpt><trkpt lat="51.902884" lon="-8.946263"><ele>70.6</ele></trkpt><trkpt lat="51.902974" lon="-8.946463"><ele>70.3</ele></trkpt><trkpt lat="51.903083" lon="-8.946739"><ele>70</ele></trkpt><trkpt lat="51.90314" lon="-8.946884"><ele>70</ele></trkpt><trkpt lat="51.903315" lon="-8.947453"><ele>70.2</ele></trkpt><trkpt lat="51.903476" lon="-8.948093"><ele>71</ele></trkpt><trkpt lat="51.903537" lon="-8.94835"><ele>71.4</ele></trkpt><trkpt lat="51.903726" lon="-8.94926"><ele>72.7</ele></trkpt><trkpt lat="51.904015" lon="-8.950115"><ele>73.8</ele></trkpt><trkpt lat="51.904086" lon="-8.950391"><ele>74.1</ele></trkpt><trkpt lat="51.904096" lon="-8.950432"><ele>74.2</ele></trkpt><trkpt lat="51.904262" lon="-8.951192"><ele>75</ele></trkpt><trkpt lat="51.90435" lon="-8.951642"><ele>75.4</ele></trkpt><trkpt lat="51.904383" lon="-8.952067"><ele>75.8</ele></trkpt><trkpt lat="51.904315" lon="-8.953098"><ele>76.9</ele></trkpt><trkpt lat="51.904302" lon="-8.953213"><ele>77</ele></trkpt><trkpt lat="51.90424" lon="-8.953778"><ele>77.7</ele></trkpt><trkpt lat="51.904241" lon="-8.954372"><ele>78.5</ele></trkpt><trkpt lat="51.904287" lon="-8.954737"><ele>79</ele></trkpt><trkpt lat="51.904439" lon="-8.95548"><ele>80</ele></trkpt><trkpt lat="51.904479" lon="-8.955679"><ele>80.3</ele></trkpt><trkpt lat="51.904553" lon="-8.956021"><ele>80.8</ele></trkpt><trkpt lat="51.90461" lon="-8.956282"><ele>81.2</ele></trkpt><trkpt lat="51.904699" lon="-8.956802"><ele>81.7</ele></trkpt><trkpt lat="51.904765" lon="-8.957399"><ele>82.3</ele></trkpt><trkpt lat="51.904765" lon="-8.958325"><ele>82.7</ele></trkpt><trkpt lat="51.904773" lon="-8.958844"><ele>82.6</ele></trkpt><trkpt lat="51.904781" lon="-8.959091"><ele>82.5</ele></trkpt><trkpt lat="51.904832" lon="-8.959387"><ele>82.1</ele></trkpt><trkpt lat="51.904868" lon="-8.959527"><ele>81.9</ele></trkpt><trkpt lat="51.904946" lon="-8.959931"><ele>81.1</ele></trkpt><trkpt lat="51.904961" lon="-8.960008"><ele>81</ele></trkpt><trkpt lat="51.905005" lon="-8.960228"><ele>80.4</ele></trkpt><trkpt lat="51.905045" lon="-8.960463"><ele>79.8</ele></trkpt><trkpt lat="51.905148" lon="-8.960918"><ele>78.3</ele></trkpt><trkpt lat="51.905171" lon="-8.960997"><ele>78</ele></trkpt><trkpt lat="51.90546" lon="-8.961761"><ele>75.1</ele></trkpt><trkpt lat="51.905533" lon="-8.961871"><ele>74.6</ele></trkpt><trkpt lat="51.905567" lon="-8.961965"><ele>74.3</ele></trkpt><trkpt lat="51.905645" lon="-8.962375"><ele>73.2</ele></trkpt><trkpt lat="51.905815" lon="-8.963287"><ele>72</ele></trkpt><trkpt lat="51.905851" lon="-8.963466"><ele>72</ele></trkpt><trkpt lat="51.90586" lon="-8.963575"><ele>72</ele></trkpt><trkpt lat="51.905865" lon="-8.963632"><ele>72</ele></trkpt><trkpt lat="51.905868" lon="-8.963686"><ele>72</ele></trkpt><trkpt lat="51.905757" lon="-8.965184"><ele>73.9</ele></trkpt><trkpt lat="51.905625" lon="-8.96679"><ele>76.6</ele></trkpt><trkpt lat="51.905604" lon="-8.967147"><ele>77.1</ele></trkpt><trkpt lat="51.905599" lon="-8.967249"><ele>77.2</ele></trkpt><trkpt lat="51.905584" lon="-8.96753"><ele>77.6</ele></trkpt><trkpt lat="51.905562" lon="-8.967961"><ele>78.1</ele></trkpt><trkpt lat="51.905558" lon="-8.968039"><ele>78.2</ele></trkpt><trkpt lat="51.90555" lon="-8.968199"><ele>78.3</ele></trkpt><trkpt lat="51.905549" lon="-8.968233"><ele>78.4</ele></trkpt><trkpt lat="51.905527" lon="-8.968759"><ele>78.9</ele></trkpt><trkpt lat="51.905481" lon="-8.969558"><ele>79.7</ele></trkpt><trkpt lat="51.905488" lon="-8.969888"><ele>80</ele></trkpt><trkpt lat="51.905549" lon="-8.970427"><ele>80.5</ele></trkpt><trkpt lat="51.905618" lon="-8.970791"><ele>80.8</ele></trkpt><trkpt lat="51.905641" lon="-8.970913"><ele>80.9</ele></trkpt><trkpt lat="51.905692" lon="-8.971158"><ele>81.1</ele></trkpt><trkpt lat="51.90573" lon="-8.971324"><ele>81.1</ele></trkpt><trkpt lat="51.905761" lon="-8.971459"><ele>81.2</ele></trkpt><trkpt lat="51.905843" lon="-8.971891"><ele>81.4</ele></trkpt><trkpt lat="51.905915" lon="-8.972292"><ele>81.4</ele></trkpt><trkpt lat="51.905936" lon="-8.972401"><ele>81.5</ele></trkpt><trkpt lat="51.90612" lon="-8.973576"><ele>81.5</ele></trkpt><trkpt lat="51.906148" lon="-8.973758"><ele>81.5</ele></trkpt><trkpt lat="51.906221" lon="-8.974244"><ele>81.4</ele></trkpt><trkpt lat="51.90635" lon="-8.9751"><ele>81.2</ele></trkpt><trkpt lat="51.906411" lon="-8.97558"><ele>81</ele></trkpt><trkpt lat="51.906421" lon="-8.975727"><ele>80.9</ele></trkpt><trkpt lat="51.906432" lon="-8.9764"><ele>80.6</ele></trkpt><trkpt lat="51.906447" lon="-8.978186"><ele>78.8</ele></trkpt><trkpt lat="51.906447" lon="-8.979551"><ele>77.3</ele></trkpt><trkpt lat="51.906427" lon="-8.980232"><ele>76.5</ele></trkpt><trkpt lat="51.906365" lon="-8.980811"><ele>75.8</ele></trkpt><trkpt lat="51.906323" lon="-8.98103"><ele>75.5</ele></trkpt><trkpt lat="51.90628" lon="-8.981239"><ele>75.2</ele></trkpt><trkpt lat="51.906147" lon="-8.981625"><ele>74.6</ele></trkpt><trkpt lat="51.905647" lon="-8.982737"><ele>73.6</ele></trkpt><trkpt lat="51.905559" lon="-8.982944"><ele>73.5</ele></trkpt><trkpt lat="51.905383" lon="-8.983427"><ele>73.5</ele></trkpt><trkpt lat="51.905323" lon="-8.98363"><ele>73.5</ele></trkpt><trkpt lat="51.905157" lon="-8.984279"><ele>73.6</ele></trkpt><trkpt lat="51.905072" lon="-8.984823"><ele>73.6</ele></trkpt><trkpt lat="51.905035" lon="-8.985326"><ele>73.6</ele></trkpt><trkpt lat="51.905017" lon="-8.985948"><ele>73.7</ele></trkpt><trkpt lat="51.90505" lon="-8.986857"><ele>74.4</ele></trkpt><trkpt lat="51.905152" lon="-8.988043"><ele>76.1</ele></trkpt><trkpt lat="51.905174" lon="-8.988289"><ele>76.6</ele></trkpt><trkpt lat="51.905265" lon="-8.989308"><ele>79</ele></trkpt><trkpt lat="51.905384" lon="-8.990704"><ele>81.7</ele></trkpt><trkpt lat="51.905431" lon="-8.991931"><ele>83.8</ele></trkpt><trkpt lat="51.905455" lon="-8.992791"><ele>85.3</ele></trkpt><trkpt lat="51.90551" lon="-8.994661"><ele>87.5</ele></trkpt><trkpt lat="51.905648" lon="-8.999799"><ele>81.6</ele></trkpt><trkpt lat="51.905668" lon="-9.000752"><ele>80.5</ele></trkpt><trkpt lat="51.905697" lon="-9.001579"><ele>79.9</ele></trkpt><trkpt lat="51.905762" lon="-9.002456"><ele>79.3</ele></trkpt><trkpt lat="51.905869" lon="-9.003425"><ele>79.1</ele></trkpt><trkpt lat="51.90603" lon="-9.004404"><ele>78.8</ele></trkpt><trkpt lat="51.906185" lon="-9.005161"><ele>78.7</ele></trkpt><trkpt lat="51.906394" lon="-9.006005"><ele>78.6</ele></trkpt><trkpt lat="51.90697" lon="-9.008186"><ele>78.6</ele></trkpt><trkpt lat="51.907148" lon="-9.008729"><ele>78.8</ele></trkpt><trkpt lat="51.90745" lon="-9.009401"><ele>79.2</ele></trkpt><trkpt lat="51.90775" lon="-9.009938"><ele>79.6</ele></trkpt><trkpt lat="51.90826" lon="-9.010691"><ele>80.2</ele></trkpt><trkpt lat="51.908512" lon="-9.011133"><ele>80.5</ele></trkpt><trkpt lat="51.908713" lon="-9.011561"><ele>80.8</ele></trkpt><trkpt lat="51.908899" lon="-9.012035"><ele>81</ele></trkpt><trkpt lat="51.909054" lon="-9.012537"><ele>81.3</ele></trkpt><trkpt lat="51.909193" lon="-9.013111"><ele>81.5</ele></trkpt><trkpt lat="51.909354" lon="-9.013952"><ele>81.7</ele></trkpt><trkpt lat="51.909413" lon="-9.014249"><ele>81.8</ele></trkpt><trkpt lat="51.910579" lon="-9.02015"><ele>81.4</ele></trkpt><trkpt lat="51.910695" lon="-9.020742"><ele>80.9</ele></trkpt><trkpt lat="51.911038" lon="-9.022536"><ele>79.8</ele></trkpt><trkpt lat="51.911125" lon="-9.022971"><ele>79.9</ele></trkpt><trkpt lat="51.911217" lon="-9.023512"><ele>80.3</ele></trkpt><trkpt lat="51.911332" lon="-9.023943"><ele>81.1</ele></trkpt><trkpt lat="51.911436" lon="-9.024288"><ele>81.9</ele></trkpt><trkpt lat="51.911544" lon="-9.024614"><ele>82.7</ele></trkpt><trkpt lat="51.911704" lon="-9.024932"><ele>83.8</ele></trkpt><trkpt lat="51.911982" lon="-9.025281"><ele>85.4</ele></trkpt><trkpt lat="51.912052" lon="-9.025363"><ele>85.8</ele></trkpt><trkpt lat="51.912177" lon="-9.025551"><ele>86.5</ele></trkpt><trkpt lat="51.912162" lon="-9.025678"><ele>86.9</ele></trkpt><trkpt lat="51.912184" lon="-9.025802"><ele>87.2</ele></trkpt><trkpt lat="51.912089" lon="-9.026075"><ele>87.9</ele></trkpt><trkpt lat="51.911579" lon="-9.026977"><ele>89.6</ele></trkpt><trkpt lat="51.911394" lon="-9.027426"><ele>89.8</ele></trkpt><trkpt lat="51.911307" lon="-9.027729"><ele>89.6</ele></trkpt><trkpt lat="51.911091" lon="-9.028704"><ele>89.3</ele></trkpt><trkpt lat="51.911002" lon="-9.029517"><ele>89.4</ele></trkpt><trkpt lat="51.911019" lon="-9.032052"><ele>92.9</ele></trkpt><trkpt lat="51.910933" lon="-9.033321"><ele>94.3</ele></trkpt><trkpt lat="51.910822" lon="-9.0345"><ele>94.8</ele></trkpt><trkpt lat="51.910785" lon="-9.035364"><ele>95</ele></trkpt><trkpt lat="51.910927" lon="-9.038033"><ele>95.2</ele></trkpt><trkpt lat="51.910961" lon="-9.03878"><ele>94.3</ele></trkpt><trkpt lat="51.910902" lon="-9.040004"><ele>92.2</ele></trkpt><trkpt lat="51.910822" lon="-9.040725"><ele>90.8</ele></trkpt><trkpt lat="51.910771" lon="-9.040999"><ele>90.3</ele></trkpt><trkpt lat="51.910495" lon="-9.042259"><ele>89</ele></trkpt><trkpt lat="51.910369" lon="-9.043129"><ele>88.6</ele></trkpt><trkpt lat="51.91035" lon="-9.043499"><ele>88.5</ele></trkpt><trkpt lat="51.910358" lon="-9.043909"><ele>88.2</ele></trkpt><trkpt lat="51.91046" lon="-9.045141"><ele>87.4</ele></trkpt><trkpt lat="51.910698" lon="-9.047289"><ele>85.5</ele></trkpt><trkpt lat="51.910767" lon="-9.047729"><ele>85.2</ele></trkpt><trkpt lat="51.910849" lon="-9.048127"><ele>84.9</ele></trkpt><trkpt lat="51.91102" lon="-9.048643"><ele>84.7</ele></trkpt><trkpt lat="51.911724" lon="-9.05021"><ele>84.4</ele></trkpt><trkpt lat="51.91196" lon="-9.050655"><ele>84.4</ele></trkpt><trkpt lat="51.912232" lon="-9.051094"><ele>84.4</ele></trkpt><trkpt lat="51.913275" lon="-9.052472"><ele>84.5</ele></trkpt><trkpt lat="51.914665" lon="-9.054182"><ele>86.4</ele></trkpt><trkpt lat="51.915261" lon="-9.054966"><ele>88.2</ele></trkpt><trkpt lat="51.915456" lon="-9.055285"><ele>88.9</ele></trkpt><trkpt lat="51.915813" lon="-9.055989"><ele>89.9</ele></trkpt><trkpt lat="51.915979" lon="-9.056392"><ele>90.3</ele></trkpt><trkpt lat="51.916187" lon="-9.057004"><ele>90.5</ele></trkpt><trkpt lat="51.916275" lon="-9.057293"><ele>90.5</ele></trkpt><trkpt lat="51.916412" lon="-9.057896"><ele>90.1</ele></trkpt><trkpt lat="51.916547" lon="-9.058643"><ele>89.5</ele></trkpt><trkpt lat="51.916673" lon="-9.059294"><ele>89</ele></trkpt><trkpt lat="51.916768" lon="-9.059673"><ele>88.7</ele></trkpt><trkpt lat="51.916922" lon="-9.060153"><ele>88.5</ele></trkpt><trkpt lat="51.917488" lon="-9.061635"><ele>88.6</ele></trkpt><trkpt lat="51.917721" lon="-9.062288"><ele>89</ele></trkpt><trkpt lat="51.917898" lon="-9.062973"><ele>89.4</ele></trkpt><trkpt lat="51.918015" lon="-9.063801"><ele>89.9</ele></trkpt><trkpt lat="51.91829" lon="-9.066175"><ele>91.8</ele></trkpt><trkpt lat="51.918351" lon="-9.066689"><ele>92.1</ele></trkpt><trkpt lat="51.918399" lon="-9.067265"><ele>92.3</ele></trkpt><trkpt lat="51.918404" lon="-9.06844"><ele>92.8</ele></trkpt><trkpt lat="51.918391" lon="-9.068855"><ele>93</ele></trkpt><trkpt lat="51.918382" lon="-9.069073"><ele>93.1</ele></trkpt><trkpt lat="51.918295" lon="-9.07087"><ele>95.4</ele></trkpt><trkpt lat="51.918299" lon="-9.071098"><ele>95.8</ele></trkpt><trkpt lat="51.91832" lon="-9.07146"><ele>96.5</ele></trkpt><trkpt lat="51.918368" lon="-9.071675"><ele>96.8</ele></trkpt><trkpt lat="51.918639" lon="-9.072409"><ele>98</ele></trkpt><trkpt lat="51.918805" lon="-9.073188"><ele>98.9</ele></trkpt><trkpt lat="51.918965" lon="-9.073616"><ele>99.6</ele></trkpt><trkpt lat="51.919212" lon="-9.074084"><ele>100.6</ele></trkpt><trkpt lat="51.919325" lon="-9.074319"><ele>101.1</ele></trkpt><trkpt lat="51.919473" lon="-9.074744"><ele>102</ele></trkpt><trkpt lat="51.919515" lon="-9.075108"><ele>102.8</ele></trkpt><trkpt lat="51.919511" lon="-9.076929"><ele>106.8</ele></trkpt><trkpt lat="51.919615" lon="-9.078391"><ele>109.4</ele></trkpt><trkpt lat="51.919632" lon="-9.07917"><ele>110.6</ele></trkpt><trkpt lat="51.919618" lon="-9.079666"><ele>111.3</ele></trkpt><trkpt lat="51.919579" lon="-9.079985"><ele>111.8</ele></trkpt><trkpt lat="51.919492" lon="-9.080326"><ele>112.4</ele></trkpt><trkpt lat="51.919358" lon="-9.080598"><ele>112.9</ele></trkpt><trkpt lat="51.918845" lon="-9.081126"><ele>114.8</ele></trkpt><trkpt lat="51.918706" lon="-9.081322"><ele>115.4</ele></trkpt><trkpt lat="51.918596" lon="-9.081736"><ele>116.4</ele></trkpt><trkpt lat="51.918565" lon="-9.08194"><ele>117</ele></trkpt><trkpt lat="51.918544" lon="-9.082127"><ele>117.4</ele></trkpt><trkpt lat="51.918554" lon="-9.082572"><ele>118.5</ele></trkpt><trkpt lat="51.918612" lon="-9.082929"><ele>119.4</ele></trkpt><trkpt lat="51.91882" lon="-9.083589"><ele>120.8</ele></trkpt><trkpt lat="51.918933" lon="-9.084087"><ele>121.6</ele></trkpt><trkpt lat="51.919016" lon="-9.084767"><ele>122.5</ele></trkpt><trkpt lat="51.919109" lon="-9.085225"><ele>123.1</ele></trkpt><trkpt lat="51.919238" lon="-9.085662"><ele>123.8</ele></trkpt><trkpt lat="51.919415" lon="-9.086039"><ele>124.7</ele></trkpt><trkpt lat="51.919659" lon="-9.086352"><ele>126.1</ele></trkpt><trkpt lat="51.92014" lon="-9.086778"><ele>129.3</ele></trkpt><trkpt lat="51.920444" lon="-9.087102"><ele>131.6</ele></trkpt><trkpt lat="51.920631" lon="-9.087367"><ele>132.8</ele></trkpt><trkpt lat="51.92077" lon="-9.087648"><ele>133.6</ele></trkpt><trkpt lat="51.92087" lon="-9.087918"><ele>134.1</ele></trkpt><trkpt lat="51.920933" lon="-9.088268"><ele>134.6</ele></trkpt><trkpt lat="51.920881" lon="-9.088913"><ele>134.9</ele></trkpt><trkpt lat="51.920904" lon="-9.089212"><ele>135</ele></trkpt><trkpt lat="51.921173" lon="-9.090145"><ele>134.7</ele></trkpt><trkpt lat="51.921693" lon="-9.092132"><ele>136.8</ele></trkpt><trkpt lat="51.922129" lon="-9.093937"><ele>138.8</ele></trkpt><trkpt lat="51.922386" lon="-9.095015"><ele>138.7</ele></trkpt><trkpt lat="51.922408" lon="-9.095099"><ele>138.6</ele></trkpt><trkpt lat="51.92255" lon="-9.095598"><ele>138.2</ele></trkpt><trkpt lat="51.922624" lon="-9.095768"><ele>138</ele></trkpt><trkpt lat="51.922736" lon="-9.095925"><ele>137.8</ele></trkpt><trkpt lat="51.923588" lon="-9.096764"><ele>136</ele></trkpt><trkpt lat="51.923728" lon="-9.097002"><ele>135.6</ele></trkpt><trkpt lat="51.923903" lon="-9.097422"><ele>135.2</ele></trkpt><trkpt lat="51.92418" lon="-9.098313"><ele>134.7</ele></trkpt><trkpt lat="51.924379" lon="-9.098961"><ele>134.8</ele></trkpt><trkpt lat="51.92493" lon="-9.100972"><ele>137.2</ele></trkpt><trkpt lat="51.92527" lon="-9.102195"><ele>139.5</ele></trkpt><trkpt lat="51.925452" lon="-9.103187"><ele>140.6</ele></trkpt><trkpt lat="51.925528" lon="-9.103832"><ele>140.8</ele></trkpt><trkpt lat="51.925648" lon="-9.105205"><ele>139.4</ele></trkpt><trkpt lat="51.925659" lon="-9.105595"><ele>138.8</ele></trkpt><trkpt lat="51.925642" lon="-9.105983"><ele>138.1</ele></trkpt><trkpt lat="51.925528" lon="-9.106573"><ele>136.8</ele></trkpt><trkpt lat="51.925298" lon="-9.107512"><ele>134.4</ele></trkpt><trkpt lat="51.925232" lon="-9.107841"><ele>133.5</ele></trkpt><trkpt lat="51.925215" lon="-9.108343"><ele>132.3</ele></trkpt><trkpt lat="51.925215" lon="-9.10883"><ele>131</ele></trkpt><trkpt lat="51.925192" lon="-9.10911"><ele>130.3</ele></trkpt><trkpt lat="51.925049" lon="-9.109623"><ele>129</ele></trkpt><trkpt lat="51.924821" lon="-9.110154"><ele>127.5</ele></trkpt><trkpt lat="51.924726" lon="-9.110567"><ele>126.7</ele></trkpt><trkpt lat="51.924719" lon="-9.111033"><ele>126.1</ele></trkpt><trkpt lat="51.924756" lon="-9.112084"><ele>125.4</ele></trkpt><trkpt lat="51.924723" lon="-9.11248"><ele>125.2</ele></trkpt><trkpt lat="51.924656" lon="-9.112855"><ele>125</ele></trkpt><trkpt lat="51.924224" lon="-9.114385"><ele>124.3</ele></trkpt><trkpt lat="51.923973" lon="-9.115622"><ele>121.7</ele></trkpt><trkpt lat="51.923928" lon="-9.115935"><ele>121</ele></trkpt><trkpt lat="51.923924" lon="-9.11637"><ele>120.1</ele></trkpt><trkpt lat="51.923984" lon="-9.116805"><ele>119.3</ele></trkpt><trkpt lat="51.924104" lon="-9.117232"><ele>118.7</ele></trkpt><trkpt lat="51.9242" lon="-9.11745"><ele>118.4</ele></trkpt><trkpt lat="51.924289" lon="-9.117585"><ele>118.4</ele></trkpt><trkpt lat="51.924526" lon="-9.1178"><ele>118.4</ele></trkpt><trkpt lat="51.924892" lon="-9.118034"><ele>119.2</ele></trkpt><trkpt lat="51.925162" lon="-9.11816"><ele>119.9</ele></trkpt><trkpt lat="51.925697" lon="-9.118545"><ele>120.6</ele></trkpt><trkpt lat="51.92597" lon="-9.118631"><ele>120.6</ele></trkpt><trkpt lat="51.926123" lon="-9.118704"><ele>120.4</ele></trkpt><trkpt lat="51.926304" lon="-9.118913"><ele>120</ele></trkpt><trkpt lat="51.926503" lon="-9.119307"><ele>119</ele></trkpt><trkpt lat="51.926729" lon="-9.119939"><ele>117</ele></trkpt><trkpt lat="51.927081" lon="-9.120899"><ele>113.9</ele></trkpt><trkpt lat="51.927255" lon="-9.121155"><ele>112.9</ele></trkpt><trkpt lat="51.927587" lon="-9.121461"><ele>111.4</ele></trkpt><trkpt lat="51.927819" lon="-9.121855"><ele>110.4</ele></trkpt><trkpt lat="51.927867" lon="-9.121995"><ele>110.1</ele></trkpt><trkpt lat="51.927933" lon="-9.122356"><ele>109.5</ele></trkpt><trkpt lat="51.927973" lon="-9.122991"><ele>109</ele></trkpt><trkpt lat="51.928124" lon="-9.12354"><ele>108.7</ele></trkpt><trkpt lat="51.928315" lon="-9.123886"><ele>108.8</ele></trkpt><trkpt lat="51.928421" lon="-9.124034"><ele>108.9</ele></trkpt><trkpt lat="51.928618" lon="-9.124232"><ele>109.1</ele></trkpt><trkpt lat="51.92914" lon="-9.124693"><ele>110.5</ele></trkpt><trkpt lat="51.929401" lon="-9.124844"><ele>111.4</ele></trkpt><trkpt lat="51.929719" lon="-9.124925"><ele>112.5</ele></trkpt><trkpt lat="51.930162" lon="-9.124939"><ele>114.1</ele></trkpt><trkpt lat="51.930444" lon="-9.125096"><ele>115.3</ele></trkpt><trkpt lat="51.93058" lon="-9.125208"><ele>115.9</ele></trkpt><trkpt lat="51.930821" lon="-9.125476"><ele>116.9</ele></trkpt><trkpt lat="51.931168" lon="-9.125976"><ele>118.1</ele></trkpt><trkpt lat="51.931874" lon="-9.126793"><ele>119.4</ele></trkpt><trkpt lat="51.93199" lon="-9.126967"><ele>119.6</ele></trkpt><trkpt lat="51.93277" lon="-9.128499"><ele>120.2</ele></trkpt><trkpt lat="51.932904" lon="-9.128765"><ele>120.3</ele></trkpt><trkpt lat="51.933059" lon="-9.129074"><ele>120.5</ele></trkpt><trkpt lat="51.933111" lon="-9.129337"><ele>120.7</ele></trkpt><trkpt lat="51.933115" lon="-9.129535"><ele>120.8</ele></trkpt><trkpt lat="51.933075" lon="-9.129757"><ele>120.9</ele></trkpt><trkpt lat="51.933124" lon="-9.129973"><ele>121.1</ele></trkpt><trkpt lat="51.933178" lon="-9.130052"><ele>121.2</ele></trkpt><trkpt lat="51.933315" lon="-9.13011"><ele>121.4</ele></trkpt><trkpt lat="51.933401" lon="-9.130222"><ele>121.5</ele></trkpt><trkpt lat="51.933493" lon="-9.130463"><ele>121.9</ele></trkpt><trkpt lat="51.933612" lon="-9.131118"><ele>122.8</ele></trkpt><trkpt lat="51.933737" lon="-9.131795"><ele>124.1</ele></trkpt><trkpt lat="51.934049" lon="-9.13338"><ele>126.8</ele></trkpt><trkpt lat="51.9343" lon="-9.134451"><ele>128.5</ele></trkpt><trkpt lat="51.934579" lon="-9.135561"><ele>130</ele></trkpt><trkpt lat="51.93475" lon="-9.136495"><ele>130.6</ele></trkpt><trkpt lat="51.93484" lon="-9.137204"><ele>130.5</ele></trkpt><trkpt lat="51.934972" lon="-9.138953"><ele>127.8</ele></trkpt><trkpt lat="51.935044" lon="-9.139584"><ele>126.1</ele></trkpt><trkpt lat="51.935127" lon="-9.140265"><ele>124.1</ele></trkpt><trkpt lat="51.935139" lon="-9.140361"><ele>123.9</ele></trkpt><trkpt lat="51.935191" lon="-9.140931"><ele>122.2</ele></trkpt><trkpt lat="51.935215" lon="-9.141564"><ele>120.5</ele></trkpt><trkpt lat="51.93519" lon="-9.142265"><ele>118.8</ele></trkpt><trkpt lat="51.935208" lon="-9.142547"><ele>118.1</ele></trkpt><trkpt lat="51.935324" lon="-9.143055"><ele>117</ele></trkpt><trkpt lat="51.935432" lon="-9.143341"><ele>116.4</ele></trkpt><trkpt lat="51.935787" lon="-9.144106"><ele>115</ele></trkpt><trkpt lat="51.935787" lon="-9.144106"><ele>115</ele></trkpt><trkpt lat="51.93602" lon="-9.144632"><ele>114.5</ele></trkpt><trkpt lat="51.935915" lon="-9.144714"><ele>114.4</ele></trkpt><trkpt lat="51.935812" lon="-9.144519"><ele>114.3</ele></trkpt><trkpt lat="51.935737" lon="-9.144376"><ele>114.2</ele></trkpt><trkpt lat="51.935701" lon="-9.144365"><ele>114.2</ele></trkpt><trkpt lat="51.935552" lon="-9.144566"><ele>114.1</ele></trkpt><trkpt lat="51.935501" lon="-9.144484"><ele>114.1</ele></trkpt><trkpt lat="51.935787" lon="-9.144106"><ele>114.1</ele></trkpt><trkpt lat="51.93602" lon="-9.144632"><ele>114.1</ele></trkpt><trkpt lat="51.93602" lon="-9.144632"><ele>114.1</ele></trkpt><trkpt lat="51.936307" lon="-9.145369"><ele>114.2</ele></trkpt><trkpt lat="51.936347" lon="-9.145484"><ele>114.2</ele></trkpt><trkpt lat="51.936439" lon="-9.145806"><ele>114.1</ele></trkpt><trkpt lat="51.936593" lon="-9.146312"><ele>114.2</ele></trkpt><trkpt lat="51.936781" lon="-9.14692"><ele>114.3</ele></trkpt><trkpt lat="51.936849" lon="-9.147194"><ele>114.4</ele></trkpt><trkpt lat="51.937005" lon="-9.147826"><ele>114.7</ele></trkpt><trkpt lat="51.937377" lon="-9.149432"><ele>115.3</ele></trkpt><trkpt lat="51.937789" lon="-9.151234"><ele>115.7</ele></trkpt><trkpt lat="51.937981" lon="-9.152083"><ele>115.7</ele></trkpt><trkpt lat="51.938096" lon="-9.152604"><ele>115.7</ele></trkpt><trkpt lat="51.938153" lon="-9.152862"><ele>115.7</ele></trkpt><trkpt lat="51.938258" lon="-9.153337"><ele>115.7</ele></trkpt><trkpt lat="51.938291" lon="-9.153485"><ele>115.8</ele></trkpt><trkpt lat="51.938309" lon="-9.153567"><ele>115.8</ele></trkpt><trkpt lat="51.938355" lon="-9.153775"><ele>115.8</ele></trkpt><trkpt lat="51.938372" lon="-9.153852"><ele>115.8</ele></trkpt><trkpt lat="51.938433" lon="-9.154129"><ele>115.8</ele></trkpt><trkpt lat="51.938443" lon="-9.154174"><ele>115.8</ele></trkpt><trkpt lat="51.938602" lon="-9.15488"><ele>116.1</ele></trkpt><trkpt lat="51.9388" lon="-9.155741"><ele>116.5</ele></trkpt><trkpt lat="51.938926" lon="-9.15629"><ele>116.8</ele></trkpt><trkpt lat="51.938971" lon="-9.156487"><ele>116.9</ele></trkpt><trkpt lat="51.93902" lon="-9.156708"><ele>117</ele></trkpt><trkpt lat="51.939073" lon="-9.156956"><ele>117.1</ele></trkpt><trkpt lat="51.939361" lon="-9.158289"><ele>117.6</ele></trkpt><trkpt lat="51.939493" lon="-9.15883"><ele>117.7</ele></trkpt><trkpt lat="51.939545" lon="-9.159024"><ele>117.7</ele></trkpt><trkpt lat="51.939632" lon="-9.15923"><ele>117.7</ele></trkpt><trkpt lat="51.939829" lon="-9.159557"><ele>117.8</ele></trkpt><trkpt lat="51.939928" lon="-9.159658"><ele>117.8</ele></trkpt><trkpt lat="51.940045" lon="-9.15975"><ele>117.8</ele></trkpt><trkpt lat="51.940081" lon="-9.159778"><ele>117.8</ele></trkpt><trkpt lat="51.940713" lon="-9.160152"><ele>118.1</ele></trkpt><trkpt lat="51.941522" lon="-9.160595"><ele>118.8</ele></trkpt><trkpt lat="51.941777" lon="-9.160727"><ele>119</ele></trkpt><trkpt lat="51.942054" lon="-9.160892"><ele>119.4</ele></trkpt><trkpt lat="51.942266" lon="-9.161041"><ele>119.7</ele></trkpt><trkpt lat="51.942512" lon="-9.161318"><ele>120</ele></trkpt><trkpt lat="51.943579" lon="-9.163009"><ele>121.8</ele></trkpt><trkpt lat="51.943682" lon="-9.163159"><ele>122</ele></trkpt><trkpt lat="51.943806" lon="-9.163424"><ele>122.3</ele></trkpt><trkpt lat="51.943964" lon="-9.164417"><ele>123.2</ele></trkpt><trkpt lat="51.944198" lon="-9.165341"><ele>124.2</ele></trkpt><trkpt lat="51.944762" lon="-9.167369"><ele>125.8</ele></trkpt><trkpt lat="51.945295" lon="-9.169221"><ele>126.4</ele></trkpt><trkpt lat="51.945314" lon="-9.169305"><ele>126.4</ele></trkpt><trkpt lat="51.945406" lon="-9.169691"><ele>126.5</ele></trkpt><trkpt lat="51.945419" lon="-9.169747"><ele>126.5</ele></trkpt><trkpt lat="51.945512" lon="-9.1702"><ele>126.7</ele></trkpt><trkpt lat="51.945583" lon="-9.170966"><ele>127.3</ele></trkpt><trkpt lat="51.945617" lon="-9.171421"><ele>127.7</ele></trkpt><trkpt lat="51.945699" lon="-9.172676"><ele>129.4</ele></trkpt><trkpt lat="51.945703" lon="-9.172706"><ele>129.5</ele></trkpt><trkpt lat="51.94582" lon="-9.173393"><ele>131</ele></trkpt><trkpt lat="51.945935" lon="-9.173778"><ele>132</ele></trkpt><trkpt lat="51.946169" lon="-9.174426"><ele>133.2</ele></trkpt><trkpt lat="51.946383" lon="-9.174974"><ele>133.8</ele></trkpt><trkpt lat="51.946301" lon="-9.175611"><ele>134.3</ele></trkpt><trkpt lat="51.945897" lon="-9.176765"><ele>134.5</ele></trkpt><trkpt lat="51.945531" lon="-9.177604"><ele>134.9</ele></trkpt><trkpt lat="51.945492" lon="-9.177752"><ele>134.9</ele></trkpt><trkpt lat="51.945485" lon="-9.178042"><ele>135.1</ele></trkpt><trkpt lat="51.94557" lon="-9.178462"><ele>135.3</ele></trkpt><trkpt lat="51.945556" lon="-9.178573"><ele>135.4</ele></trkpt><trkpt lat="51.945516" lon="-9.178664"><ele>135.4</ele></trkpt><trkpt lat="51.945434" lon="-9.178731"><ele>135.5</ele></trkpt><trkpt lat="51.944777" lon="-9.178916"><ele>135.4</ele></trkpt><trkpt lat="51.944485" lon="-9.179125"><ele>135.2</ele></trkpt><trkpt lat="51.944417" lon="-9.179257"><ele>135.1</ele></trkpt><trkpt lat="51.944328" lon="-9.1796"><ele>135</ele></trkpt><trkpt lat="51.944201" lon="-9.17994"><ele>135</ele></trkpt><trkpt lat="51.944177" lon="-9.180102"><ele>135</ele></trkpt><trkpt lat="51.944147" lon="-9.18033"><ele>135</ele></trkpt><trkpt lat="51.944065" lon="-9.180678"><ele>135.1</ele></trkpt><trkpt lat="51.944018" lon="-9.181096"><ele>135.4</ele></trkpt><trkpt lat="51.943891" lon="-9.182302"><ele>136.4</ele></trkpt><trkpt lat="51.943818" lon="-9.182784"><ele>136.8</ele></trkpt><trkpt lat="51.943632" lon="-9.183602"><ele>136.7</ele></trkpt><trkpt lat="51.943314" lon="-9.184573"><ele>135.9</ele></trkpt><trkpt lat="51.942845" lon="-9.185815"><ele>134.3</ele></trkpt><trkpt lat="51.942379" lon="-9.186635"><ele>133.4</ele></trkpt><trkpt lat="51.941458" lon="-9.188078"><ele>133.7</ele></trkpt><trkpt lat="51.940968" lon="-9.188921"><ele>134.3</ele></trkpt><trkpt lat="51.94088" lon="-9.18913"><ele>134.4</ele></trkpt><trkpt lat="51.940731" lon="-9.189567"><ele>134.8</ele></trkpt><trkpt lat="51.940295" lon="-9.190946"><ele>137</ele></trkpt><trkpt lat="51.939971" lon="-9.191823"><ele>139.1</ele></trkpt><trkpt lat="51.93942" lon="-9.193928"><ele>145.1</ele></trkpt><trkpt lat="51.939271" lon="-9.194245"><ele>146.3</ele></trkpt><trkpt lat="51.939007" lon="-9.194561"><ele>148</ele></trkpt><trkpt lat="51.938699" lon="-9.195157"><ele>150.6</ele></trkpt><trkpt lat="51.938651" lon="-9.195307"><ele>151.2</ele></trkpt><trkpt lat="51.938354" lon="-9.196568"><ele>156</ele></trkpt><trkpt lat="51.938242" lon="-9.197849"><ele>159.5</ele></trkpt><trkpt lat="51.938054" lon="-9.19903"><ele>161.1</ele></trkpt><trkpt lat="51.938041" lon="-9.199333"><ele>161.3</ele></trkpt><trkpt lat="51.938065" lon="-9.199618"><ele>161.4</ele></trkpt><trkpt lat="51.938119" lon="-9.200663"><ele>161.7</ele></trkpt><trkpt lat="51.938053" lon="-9.201321"><ele>162.2</ele></trkpt><trkpt lat="51.938061" lon="-9.201986"><ele>163.2</ele></trkpt><trkpt lat="51.938605" lon="-9.203512"><ele>167.4</ele></trkpt><trkpt lat="51.93869" lon="-9.203991"><ele>168.8</ele></trkpt><trkpt lat="51.938785" lon="-9.20458"><ele>170.4</ele></trkpt><trkpt lat="51.939093" lon="-9.205481"><ele>173</ele></trkpt><trkpt lat="51.939199" lon="-9.205728"><ele>173.7</ele></trkpt><trkpt lat="51.939418" lon="-9.206088"><ele>174.9</ele></trkpt><trkpt lat="51.939742" lon="-9.206426"><ele>176.6</ele></trkpt><trkpt lat="51.940317" lon="-9.206925"><ele>179.6</ele></trkpt><trkpt lat="51.94121" lon="-9.207564"><ele>184.1</ele></trkpt><trkpt lat="51.941678" lon="-9.207828"><ele>186</ele></trkpt><trkpt lat="51.94275" lon="-9.208254"><ele>189</ele></trkpt><trkpt lat="51.943443" lon="-9.208443"><ele>190.6</ele></trkpt><trkpt lat="51.943762" lon="-9.208603"><ele>191.4</ele></trkpt><trkpt lat="51.944028" lon="-9.20884"><ele>192.1</ele></trkpt><trkpt lat="51.944775" lon="-9.209747"><ele>193</ele></trkpt><trkpt lat="51.945402" lon="-9.210315"><ele>193.5</ele></trkpt><trkpt lat="51.945932" lon="-9.210824"><ele>194.6</ele></trkpt><trkpt lat="51.946359" lon="-9.211329"><ele>196.4</ele></trkpt><trkpt lat="51.946622" lon="-9.211591"><ele>197.6</ele></trkpt><trkpt lat="51.947093" lon="-9.212161"><ele>200.2</ele></trkpt><trkpt lat="51.947317" lon="-9.212664"><ele>201.9</ele></trkpt><trkpt lat="51.94759" lon="-9.213459"><ele>203.8</ele></trkpt><trkpt lat="51.947838" lon="-9.213984"><ele>204.9</ele></trkpt><trkpt lat="51.948094" lon="-9.214481"><ele>206</ele></trkpt><trkpt lat="51.94821" lon="-9.214686"><ele>206.5</ele></trkpt><trkpt lat="51.948365" lon="-9.214879"><ele>206.9</ele></trkpt><trkpt lat="51.948672" lon="-9.2152"><ele>207.7</ele></trkpt><trkpt lat="51.949229" lon="-9.215642"><ele>209.4</ele></trkpt><trkpt lat="51.950842" lon="-9.216821"><ele>216.3</ele></trkpt><trkpt lat="51.9514" lon="-9.217095"><ele>218.4</ele></trkpt><trkpt lat="51.952072" lon="-9.217322"><ele>220.3</ele></trkpt><trkpt lat="51.952317" lon="-9.217477"><ele>220.9</ele></trkpt><trkpt lat="51.952492" lon="-9.217649"><ele>221.3</ele></trkpt><trkpt lat="51.952842" lon="-9.218077"><ele>221.8</ele></trkpt><trkpt lat="51.953378" lon="-9.218883"><ele>222.4</ele></trkpt><trkpt lat="51.953706" lon="-9.219258"><ele>222.7</ele></trkpt><trkpt lat="51.955242" lon="-9.220871"><ele>224.8</ele></trkpt><trkpt lat="51.955402" lon="-9.221028"><ele>225.2</ele></trkpt><trkpt lat="51.955923" lon="-9.221376"><ele>226.5</ele></trkpt><trkpt lat="51.95644" lon="-9.221785"><ele>228.5</ele></trkpt><trkpt lat="51.956499" lon="-9.221913"><ele>228.8</ele></trkpt><trkpt lat="51.956911" lon="-9.224208"><ele>235.7</ele></trkpt><trkpt lat="51.957091" lon="-9.225014"><ele>238.7</ele></trkpt><trkpt lat="51.957503" lon="-9.227185"><ele>248.2</ele></trkpt><trkpt lat="51.957668" lon="-9.22843"><ele>253.9</ele></trkpt><trkpt lat="51.957785" lon="-9.229112"><ele>256.8</ele></trkpt><trkpt lat="51.958541" lon="-9.231986"><ele>265.7</ele></trkpt><trkpt lat="51.958746" lon="-9.232501"><ele>267.3</ele></trkpt><trkpt lat="51.95985" lon="-9.234991"><ele>275.1</ele></trkpt><trkpt lat="51.960247" lon="-9.235843"><ele>277.3</ele></trkpt><trkpt lat="51.960393" lon="-9.236033"><ele>277.7</ele></trkpt><trkpt lat="51.960498" lon="-9.23609"><ele>277.9</ele></trkpt><trkpt lat="51.960554" lon="-9.237807"><ele>278.8</ele></trkpt><trkpt lat="51.960618" lon="-9.238565"><ele>279</ele></trkpt><trkpt lat="51.960734" lon="-9.239137"><ele>279.1</ele></trkpt><trkpt lat="51.96091" lon="-9.239043"><ele>279.1</ele></trkpt><trkpt lat="51.961011" lon="-9.239551"><ele>279.1</ele></trkpt><trkpt lat="51.961236" lon="-9.240374"><ele>278.7</ele></trkpt><trkpt lat="51.961599" lon="-9.241421"><ele>277.1</ele></trkpt><trkpt lat="51.962047" lon="-9.242486"><ele>276.1</ele></trkpt><trkpt lat="51.962436" lon="-9.24335"><ele>276.5</ele></trkpt><trkpt lat="51.962994" lon="-9.244432"><ele>278.4</ele></trkpt><trkpt lat="51.963586" lon="-9.245445"><ele>280.9</ele></trkpt><trkpt lat="51.963748" lon="-9.245675"><ele>281.4</ele></trkpt><trkpt lat="51.964833" lon="-9.247202"><ele>284.4</ele></trkpt><trkpt lat="51.96585" lon="-9.248323"><ele>285.8</ele></trkpt><trkpt lat="51.966952" lon="-9.249342"><ele>286.7</ele></trkpt><trkpt lat="51.968693" lon="-9.250834"><ele>288.4</ele></trkpt><trkpt lat="51.969091" lon="-9.251142"><ele>288.6</ele></trkpt><trkpt lat="51.969597" lon="-9.251511"><ele>288.9</ele></trkpt><trkpt lat="51.970659" lon="-9.252154"><ele>288.7</ele></trkpt><trkpt lat="51.971143" lon="-9.252392"><ele>288</ele></trkpt><trkpt lat="51.97204" lon="-9.25266"><ele>284.9</ele></trkpt><trkpt lat="51.972664" lon="-9.252697"><ele>281.7</ele></trkpt><trkpt lat="51.973213" lon="-9.252655"><ele>278.6</ele></trkpt><trkpt lat="51.97474" lon="-9.252195"><ele>269.8</ele></trkpt><trkpt lat="51.975083" lon="-9.252124"><ele>267.9</ele></trkpt><trkpt lat="51.975646" lon="-9.252094"><ele>264.7</ele></trkpt><trkpt lat="51.976187" lon="-9.252169"><ele>261.9</ele></trkpt><trkpt lat="51.976487" lon="-9.252275"><ele>260.3</ele></trkpt><trkpt lat="51.976697" lon="-9.252359"><ele>259.3</ele></trkpt><trkpt lat="51.9772" lon="-9.252614"><ele>256.7</ele></trkpt><trkpt lat="51.977712" lon="-9.252973"><ele>254.1</ele></trkpt><trkpt lat="51.978227" lon="-9.253457"><ele>251.1</ele></trkpt><trkpt lat="51.978582" lon="-9.253871"><ele>248.9</ele></trkpt><trkpt lat="51.97902" lon="-9.254521"><ele>245.9</ele></trkpt><trkpt lat="51.979302" lon="-9.255022"><ele>243.9</ele></trkpt><trkpt lat="51.9796" lon="-9.255665"><ele>241.8</ele></trkpt><trkpt lat="51.979898" lon="-9.256519"><ele>239.4</ele></trkpt><trkpt lat="51.980057" lon="-9.257071"><ele>238</ele></trkpt><trkpt lat="51.980227" lon="-9.257819"><ele>236.4</ele></trkpt><trkpt lat="51.980459" lon="-9.259312"><ele>233.8</ele></trkpt><trkpt lat="51.981349" lon="-9.264945"><ele>223.9</ele></trkpt><trkpt lat="51.982135" lon="-9.269683"><ele>212.8</ele></trkpt><trkpt lat="51.982161" lon="-9.26985"><ele>212.5</ele></trkpt><trkpt lat="51.982216" lon="-9.270833"><ele>211.2</ele></trkpt><trkpt lat="51.982161" lon="-9.272064"><ele>208.9</ele></trkpt><trkpt lat="51.982024" lon="-9.273638"><ele>203.8</ele></trkpt><trkpt lat="51.981974" lon="-9.274511"><ele>200.7</ele></trkpt><trkpt lat="51.981986" lon="-9.275248"><ele>198.3</ele></trkpt><trkpt lat="51.982051" lon="-9.276017"><ele>196.3</ele></trkpt><trkpt lat="51.982112" lon="-9.276406"><ele>195.5</ele></trkpt><trkpt lat="51.982251" lon="-9.277175"><ele>194.3</ele></trkpt><trkpt lat="51.982475" lon="-9.278026"><ele>192.9</ele></trkpt><trkpt lat="51.982633" lon="-9.27851"><ele>191.9</ele></trkpt><trkpt lat="51.982878" lon="-9.279045"><ele>190.4</ele></trkpt><trkpt lat="51.983145" lon="-9.279558"><ele>188.6</ele></trkpt><trkpt lat="51.983642" lon="-9.28036"><ele>185.7</ele></trkpt><trkpt lat="51.985122" lon="-9.282641"><ele>182.3</ele></trkpt><trkpt lat="51.985617" lon="-9.283375"><ele>182.7</ele></trkpt><trkpt lat="51.985757" lon="-9.283583"><ele>182.9</ele></trkpt><trkpt lat="51.985889" lon="-9.283802"><ele>183.2</ele></trkpt><trkpt lat="51.986218" lon="-9.284354"><ele>183.9</ele></trkpt><trkpt lat="51.986622" lon="-9.28512"><ele>184.7</ele></trkpt><trkpt lat="51.986856" lon="-9.285644"><ele>185.1</ele></trkpt><trkpt lat="51.987205" lon="-9.286597"><ele>185.3</ele></trkpt><trkpt lat="51.98744" lon="-9.287453"><ele>184.7</ele></trkpt><trkpt lat="51.987664" lon="-9.288432"><ele>183</ele></trkpt><trkpt lat="51.987821" lon="-9.28964"><ele>179.6</ele></trkpt><trkpt lat="51.987916" lon="-9.290876"><ele>176</ele></trkpt><trkpt lat="51.9879" lon="-9.291983"><ele>173.7</ele></trkpt><trkpt lat="51.98783" lon="-9.293021"><ele>172</ele></trkpt><trkpt lat="51.987509" lon="-9.294865"><ele>167.3</ele></trkpt><trkpt lat="51.98726" lon="-9.295758"><ele>164.2</ele></trkpt><trkpt lat="51.987015" lon="-9.296527"><ele>161.1</ele></trkpt><trkpt lat="51.986868" lon="-9.296891"><ele>159.5</ele></trkpt><trkpt lat="51.986781" lon="-9.297106"><ele>158.6</ele></trkpt><trkpt lat="51.986666" lon="-9.297392"><ele>157.4</ele></trkpt><trkpt lat="51.98625" lon="-9.298197"><ele>153.6</ele></trkpt><trkpt lat="51.985804" lon="-9.298877"><ele>149.7</ele></trkpt><trkpt lat="51.984039" lon="-9.301325"><ele>138.2</ele></trkpt><trkpt lat="51.983561" lon="-9.3021"><ele>136.2</ele></trkpt><trkpt lat="51.983304" lon="-9.302657"><ele>135</ele></trkpt><trkpt lat="51.982984" lon="-9.303531"><ele>132.9</ele></trkpt><trkpt lat="51.982726" lon="-9.304483"><ele>129.7</ele></trkpt><trkpt lat="51.982573" lon="-9.305335"><ele>126.5</ele></trkpt><trkpt lat="51.982476" lon="-9.306233"><ele>122.7</ele></trkpt><trkpt lat="51.982448" lon="-9.307128"><ele>118.4</ele></trkpt><trkpt lat="51.982511" lon="-9.308787"><ele>110.6</ele></trkpt><trkpt lat="51.982523" lon="-9.309861"><ele>106.7</ele></trkpt><trkpt lat="51.982516" lon="-9.310877"><ele>104</ele></trkpt><trkpt lat="51.982424" lon="-9.312052"><ele>101.1</ele></trkpt><trkpt lat="51.982279" lon="-9.31296"><ele>98.7</ele></trkpt><trkpt lat="51.982147" lon="-9.31353"><ele>97.4</ele></trkpt><trkpt lat="51.982265" lon="-9.313592"><ele>97</ele></trkpt><trkpt lat="51.982301" lon="-9.313656"><ele>96.8</ele></trkpt><trkpt lat="51.98236" lon="-9.313759"><ele>96.5</ele></trkpt><trkpt lat="51.982376" lon="-9.313917"><ele>96.2</ele></trkpt><trkpt lat="51.982345" lon="-9.314207"><ele>95.6</ele></trkpt><trkpt lat="51.982313" lon="-9.314286"><ele>95.4</ele></trkpt><trkpt lat="51.982139" lon="-9.315507"><ele>93.2</ele></trkpt><trkpt lat="51.981941" lon="-9.318674"><ele>86.8</ele></trkpt><trkpt lat="51.981941" lon="-9.319324"><ele>85</ele></trkpt><trkpt lat="51.981972" lon="-9.319774"><ele>83.7</ele></trkpt><trkpt lat="51.982027" lon="-9.320116"><ele>82.7</ele></trkpt><trkpt lat="51.981792" lon="-9.320244"><ele>81.5</ele></trkpt><trkpt lat="51.982294" lon="-9.321846"><ele>77.4</ele></trkpt><trkpt lat="51.982867" lon="-9.323587"><ele>75.7</ele></trkpt><trkpt lat="51.984033" lon="-9.327124"><ele>73.7</ele></trkpt><trkpt lat="51.984159" lon="-9.327449"><ele>73.6</ele></trkpt><trkpt lat="51.984303" lon="-9.327823"><ele>73.4</ele></trkpt><trkpt lat="51.984522" lon="-9.328264"><ele>73</ele></trkpt><trkpt lat="51.98491" lon="-9.328913"><ele>72.4</ele></trkpt><trkpt lat="51.985028" lon="-9.329095"><ele>72.3</ele></trkpt><trkpt lat="51.985551" lon="-9.329698"><ele>71.6</ele></trkpt><trkpt lat="51.98601" lon="-9.330077"><ele>71</ele></trkpt><trkpt lat="51.986527" lon="-9.33043"><ele>70.3</ele></trkpt><trkpt lat="51.98684" lon="-9.330637"><ele>70</ele></trkpt><trkpt lat="51.987118" lon="-9.33082"><ele>69.7</ele></trkpt><trkpt lat="51.987154" lon="-9.330844"><ele>69.7</ele></trkpt><trkpt lat="51.989589" lon="-9.332467"><ele>67.8</ele></trkpt><trkpt lat="51.991054" lon="-9.333439"><ele>68</ele></trkpt><trkpt lat="51.992103" lon="-9.333953"><ele>67.7</ele></trkpt><trkpt lat="51.992647" lon="-9.334152"><ele>67.4</ele></trkpt><trkpt lat="51.994138" lon="-9.334718"><ele>66.9</ele></trkpt><trkpt lat="51.994438" lon="-9.334838"><ele>66.8</ele></trkpt><trkpt lat="51.994945" lon="-9.335039"><ele>66.6</ele></trkpt><trkpt lat="51.996009" lon="-9.335453"><ele>66.5</ele></trkpt><trkpt lat="51.996591" lon="-9.335845"><ele>66.5</ele></trkpt><trkpt lat="51.996963" lon="-9.336186"><ele>66.4</ele></trkpt><trkpt lat="51.997319" lon="-9.336573"><ele>66.1</ele></trkpt><trkpt lat="51.99766" lon="-9.337015"><ele>65.8</ele></trkpt><trkpt lat="51.997941" lon="-9.337435"><ele>65.5</ele></trkpt><trkpt lat="51.998219" lon="-9.337915"><ele>65.3</ele></trkpt><trkpt lat="51.998284" lon="-9.338037"><ele>65.2</ele></trkpt><trkpt lat="51.998477" lon="-9.338395"><ele>65.2</ele></trkpt><trkpt lat="51.998864" lon="-9.339117"><ele>65.5</ele></trkpt><trkpt lat="51.999244" lon="-9.339817"><ele>65.8</ele></trkpt><trkpt lat="51.999328" lon="-9.33997"><ele>65.8</ele></trkpt><trkpt lat="52.000451" lon="-9.342012"><ele>64.9</ele></trkpt><trkpt lat="52.000984" lon="-9.342727"><ele>64.4</ele></trkpt><trkpt lat="52.00156" lon="-9.343365"><ele>64.1</ele></trkpt><trkpt lat="52.002213" lon="-9.34398"><ele>64</ele></trkpt><trkpt lat="52.004582" lon="-9.346329"><ele>64.3</ele></trkpt><trkpt lat="52.004866" lon="-9.346581"><ele>64.7</ele></trkpt><trkpt lat="52.005498" lon="-9.347142"><ele>65.8</ele></trkpt><trkpt lat="52.008006" lon="-9.348959"><ele>69.5</ele></trkpt><trkpt lat="52.008537" lon="-9.349326"><ele>71</ele></trkpt><trkpt lat="52.009316" lon="-9.350061"><ele>71.8</ele></trkpt><trkpt lat="52.00964" lon="-9.350544"><ele>71</ele></trkpt><trkpt lat="52.00995" lon="-9.351102"><ele>69.6</ele></trkpt><trkpt lat="52.010315" lon="-9.352064"><ele>67.1</ele></trkpt><trkpt lat="52.010449" lon="-9.352748"><ele>65.9</ele></trkpt><trkpt lat="52.010736" lon="-9.355094"><ele>64.2</ele></trkpt><trkpt lat="52.010892" lon="-9.356172"><ele>64.2</ele></trkpt><trkpt lat="52.011065" lon="-9.357091"><ele>64.9</ele></trkpt><trkpt lat="52.01125" lon="-9.357864"><ele>65.6</ele></trkpt><trkpt lat="52.011344" lon="-9.358198"><ele>65.8</ele></trkpt><trkpt lat="52.011522" lon="-9.358732"><ele>66.1</ele></trkpt><trkpt lat="52.011567" lon="-9.35887"><ele>66.2</ele></trkpt><trkpt lat="52.01171" lon="-9.359298"><ele>66.3</ele></trkpt><trkpt lat="52.011749" lon="-9.359417"><ele>66.3</ele></trkpt><trkpt lat="52.011828" lon="-9.359655"><ele>66.3</ele></trkpt><trkpt lat="52.012043" lon="-9.360249"><ele>66.2</ele></trkpt><trkpt lat="52.012408" lon="-9.361041"><ele>66</ele></trkpt><trkpt lat="52.012455" lon="-9.361156"><ele>66.1</ele></trkpt><trkpt lat="52.012714" lon="-9.361723"><ele>66.1</ele></trkpt><trkpt lat="52.012784" lon="-9.361875"><ele>66.1</ele></trkpt><trkpt lat="52.012964" lon="-9.362335"><ele>66.2</ele></trkpt><trkpt lat="52.013174" lon="-9.362913"><ele>66.1</ele></trkpt><trkpt lat="52.013243" lon="-9.363048"><ele>66.1</ele></trkpt><trkpt lat="52.013438" lon="-9.363597"><ele>65.9</ele></trkpt><trkpt lat="52.013929" lon="-9.365174"><ele>65.4</ele></trkpt><trkpt lat="52.014255" lon="-9.366396"><ele>65.1</ele></trkpt><trkpt lat="52.014515" lon="-9.367588"><ele>64.9</ele></trkpt><trkpt lat="52.014582" lon="-9.367896"><ele>64.8</ele></trkpt><trkpt lat="52.014696" lon="-9.368546"><ele>64.7</ele></trkpt><trkpt lat="52.014709" lon="-9.368642"><ele>64.7</ele></trkpt><trkpt lat="52.014988" lon="-9.37063"><ele>64.6</ele></trkpt><trkpt lat="52.015433" lon="-9.374726"><ele>64.3</ele></trkpt><trkpt lat="52.015553" lon="-9.375464"><ele>64.2</ele></trkpt><trkpt lat="52.015756" lon="-9.376153"><ele>64.4</ele></trkpt><trkpt lat="52.015973" lon="-9.376607"><ele>64.5</ele></trkpt><trkpt lat="52.016146" lon="-9.376968"><ele>64.7</ele></trkpt><trkpt lat="52.016561" lon="-9.377465"><ele>65.1</ele></trkpt><trkpt lat="52.018029" lon="-9.379224"><ele>66.1</ele></trkpt><trkpt lat="52.018341" lon="-9.37957"><ele>66.7</ele></trkpt><trkpt lat="52.018661" lon="-9.379936"><ele>67.7</ele></trkpt><trkpt lat="52.018233" lon="-9.380874"><ele>70.1</ele></trkpt><trkpt lat="52.018114" lon="-9.381135"><ele>70.9</ele></trkpt><trkpt lat="52.01797" lon="-9.38145"><ele>71.9</ele></trkpt><trkpt lat="52.016889" lon="-9.383258"><ele>78.9</ele></trkpt><trkpt lat="52.015948" lon="-9.384899"><ele>88.8</ele></trkpt><trkpt lat="52.015917" lon="-9.385"><ele>89.4</ele></trkpt><trkpt lat="52.015902" lon="-9.385141"><ele>90.2</ele></trkpt><trkpt lat="52.015935" lon="-9.386326"><ele>96.1</ele></trkpt><trkpt lat="52.015924" lon="-9.38684"><ele>98.3</ele></trkpt><trkpt lat="52.01579" lon="-9.387796"><ele>101.8</ele></trkpt><trkpt lat="52.015737" lon="-9.388665"><ele>104.2</ele></trkpt><trkpt lat="52.015581" lon="-9.390483"><ele>110.3</ele></trkpt><trkpt lat="52.015529" lon="-9.390881"><ele>111.9</ele></trkpt><trkpt lat="52.015473" lon="-9.391487"><ele>114.2</ele></trkpt><trkpt lat="52.015475" lon="-9.392527"><ele>118.2</ele></trkpt><trkpt lat="52.015594" lon="-9.394436"><ele>124.5</ele></trkpt><trkpt lat="52.015653" lon="-9.394898"><ele>125.5</ele></trkpt><trkpt lat="52.01577" lon="-9.395475"><ele>126.3</ele></trkpt><trkpt lat="52.015988" lon="-9.396674"><ele>126.6</ele></trkpt><trkpt lat="52.01603" lon="-9.397081"><ele>126.3</ele></trkpt><trkpt lat="52.016152" lon="-9.399146"><ele>126.2</ele></trkpt><trkpt lat="52.016231" lon="-9.399522"><ele>126.6</ele></trkpt><trkpt lat="52.016611" lon="-9.400536"><ele>128.2</ele></trkpt><trkpt lat="52.016716" lon="-9.400906"><ele>128.8</ele></trkpt><trkpt lat="52.016777" lon="-9.401277"><ele>129.2</ele></trkpt><trkpt lat="52.016809" lon="-9.401684"><ele>129.4</ele></trkpt><trkpt lat="52.016569" lon="-9.402596"><ele>128.4</ele></trkpt><trkpt lat="52.016548" lon="-9.40288"><ele>127.7</ele></trkpt><trkpt lat="52.016588" lon="-9.403202"><ele>126.7</ele></trkpt><trkpt lat="52.016772" lon="-9.403878"><ele>123.7</ele></trkpt><trkpt lat="52.016806" lon="-9.40412"><ele>122.5</ele></trkpt><trkpt lat="52.016663" lon="-9.405313"><ele>116.4</ele></trkpt><trkpt lat="52.016517" lon="-9.406504"><ele>111.2</ele></trkpt><trkpt lat="52.016414" lon="-9.407451"><ele>108</ele></trkpt><trkpt lat="52.016367" lon="-9.407784"><ele>106.8</ele></trkpt><trkpt lat="52.016202" lon="-9.408242"><ele>105.1</ele></trkpt><trkpt lat="52.016096" lon="-9.408489"><ele>104</ele></trkpt><trkpt lat="52.015406" lon="-9.410315"><ele>96.1</ele></trkpt><trkpt lat="52.015311" lon="-9.410623"><ele>94.9</ele></trkpt><trkpt lat="52.015392" lon="-9.413593"><ele>87.9</ele></trkpt><trkpt lat="52.015313" lon="-9.414049"><ele>87.7</ele></trkpt><trkpt lat="52.014821" lon="-9.416329"><ele>89.5</ele></trkpt><trkpt lat="52.014788" lon="-9.416693"><ele>90</ele></trkpt><trkpt lat="52.014633" lon="-9.417407"><ele>90.9</ele></trkpt><trkpt lat="52.014542" lon="-9.417967"><ele>91.6</ele></trkpt><trkpt lat="52.014461" lon="-9.420357"><ele>92.8</ele></trkpt><trkpt lat="52.014326" lon="-9.421259"><ele>92</ele></trkpt><trkpt lat="52.014244" lon="-9.422075"><ele>91.2</ele></trkpt><trkpt lat="52.014128" lon="-9.422745"><ele>90.6</ele></trkpt><trkpt lat="52.01401" lon="-9.425227"><ele>92.2</ele></trkpt><trkpt lat="52.013954" lon="-9.427337"><ele>95.4</ele></trkpt><trkpt lat="52.013876" lon="-9.428802"><ele>95.4</ele></trkpt><trkpt lat="52.013827" lon="-9.429868"><ele>93.4</ele></trkpt><trkpt lat="52.013831" lon="-9.430324"><ele>92.1</ele></trkpt><trkpt lat="52.013867" lon="-9.430496"><ele>91.5</ele></trkpt><trkpt lat="52.014188" lon="-9.431082"><ele>88.9</ele></trkpt><trkpt lat="52.0144" lon="-9.431548"><ele>87.2</ele></trkpt><trkpt lat="52.014455" lon="-9.431762"><ele>86.6</ele></trkpt><trkpt lat="52.014439" lon="-9.432101"><ele>85.9</ele></trkpt><trkpt lat="52.014035" lon="-9.434289"><ele>83.4</ele></trkpt><trkpt lat="52.013997" lon="-9.434665"><ele>83.2</ele></trkpt><trkpt lat="52.013973" lon="-9.435013"><ele>83</ele></trkpt><trkpt lat="52.01402" lon="-9.435899"><ele>82.5</ele></trkpt><trkpt lat="52.013996" lon="-9.436483"><ele>81.9</ele></trkpt><trkpt lat="52.014026" lon="-9.437062"><ele>81.1</ele></trkpt><trkpt lat="52.014122" lon="-9.438265"><ele>78.9</ele></trkpt><trkpt lat="52.014446" lon="-9.439429"><ele>76.5</ele></trkpt><trkpt lat="52.014635" lon="-9.440444"><ele>75.6</ele></trkpt><trkpt lat="52.014608" lon="-9.440774"><ele>75.5</ele></trkpt><trkpt lat="52.014601" lon="-9.440866"><ele>75.5</ele></trkpt><trkpt lat="52.01469" lon="-9.441762"><ele>75.6</ele></trkpt><trkpt lat="52.014772" lon="-9.442196"><ele>75.7</ele></trkpt><trkpt lat="52.015026" lon="-9.44255"><ele>75.9</ele></trkpt><trkpt lat="52.015162" lon="-9.442803"><ele>76</ele></trkpt><trkpt lat="52.015241" lon="-9.443086"><ele>75.9</ele></trkpt><trkpt lat="52.01545" lon="-9.444332"><ele>75.1</ele></trkpt><trkpt lat="52.015597" lon="-9.444814"><ele>74.5</ele></trkpt><trkpt lat="52.015875" lon="-9.44549"><ele>73.7</ele></trkpt><trkpt lat="52.01602" lon="-9.44593"><ele>73.2</ele></trkpt><trkpt lat="52.016393" lon="-9.44689"><ele>72.1</ele></trkpt><trkpt lat="52.016465" lon="-9.447003"><ele>71.9</ele></trkpt><trkpt lat="52.017348" lon="-9.447816"><ele>70.9</ele></trkpt><trkpt lat="52.017441" lon="-9.44791"><ele>70.8</ele></trkpt><trkpt lat="52.017524" lon="-9.448"><ele>70.8</ele></trkpt><trkpt lat="52.01913" lon="-9.449361"><ele>71</ele></trkpt><trkpt lat="52.019944" lon="-9.450152"><ele>71.6</ele></trkpt><trkpt lat="52.020267" lon="-9.450476"><ele>71.8</ele></trkpt><trkpt lat="52.021409" lon="-9.451899"><ele>72</ele></trkpt><trkpt lat="52.022285" lon="-9.452956"><ele>72.9</ele></trkpt><trkpt lat="52.022336" lon="-9.453012"><ele>73</ele></trkpt><trkpt lat="52.023076" lon="-9.453856"><ele>74.4</ele></trkpt><trkpt lat="52.02326" lon="-9.453936"><ele>74.8</ele></trkpt><trkpt lat="52.023393" lon="-9.454002"><ele>75.2</ele></trkpt><trkpt lat="52.023929" lon="-9.454208"><ele>77.1</ele></trkpt><trkpt lat="52.023989" lon="-9.454232"><ele>77.3</ele></trkpt><trkpt lat="52.024458" lon="-9.454726"><ele>79.9</ele></trkpt><trkpt lat="52.024893" lon="-9.455487"><ele>83</ele></trkpt><trkpt lat="52.025382" lon="-9.456577"><ele>84.8</ele></trkpt><trkpt lat="52.026247" lon="-9.458341"><ele>81.4</ele></trkpt><trkpt lat="52.026696" lon="-9.459597"><ele>77.8</ele></trkpt><trkpt lat="52.026847" lon="-9.460197"><ele>76.3</ele></trkpt><trkpt lat="52.026931" lon="-9.460977"><ele>74.6</ele></trkpt><trkpt lat="52.02698" lon="-9.461378"><ele>73.9</ele></trkpt><trkpt lat="52.027143" lon="-9.463442"><ele>70.2</ele></trkpt><trkpt lat="52.027246" lon="-9.464947"><ele>67.1</ele></trkpt><trkpt lat="52.02732" lon="-9.46593"><ele>65.7</ele></trkpt><trkpt lat="52.027358" lon="-9.466352"><ele>65.3</ele></trkpt><trkpt lat="52.027412" lon="-9.466815"><ele>65.2</ele></trkpt><trkpt lat="52.027515" lon="-9.467104"><ele>65.1</ele></trkpt><trkpt lat="52.027743" lon="-9.467583"><ele>65.1</ele></trkpt><trkpt lat="52.028103" lon="-9.468324"><ele>64.9</ele></trkpt><trkpt lat="52.028672" lon="-9.469179"><ele>62.5</ele></trkpt><trkpt lat="52.028814" lon="-9.469418"><ele>61.5</ele></trkpt><trkpt lat="52.028892" lon="-9.470059"><ele>59.3</ele></trkpt><trkpt lat="52.02896" lon="-9.470572"><ele>57.4</ele></trkpt><trkpt lat="52.029014" lon="-9.470749"><ele>56.6</ele></trkpt><trkpt lat="52.02912" lon="-9.470819"><ele>55.9</ele></trkpt><trkpt lat="52.029582" lon="-9.470904"><ele>53.1</ele></trkpt><trkpt lat="52.02977" lon="-9.471011"><ele>51.9</ele></trkpt><trkpt lat="52.029839" lon="-9.471098"><ele>51.4</ele></trkpt><trkpt lat="52.029982" lon="-9.471283"><ele>50.5</ele></trkpt><trkpt lat="52.03053" lon="-9.471826"><ele>47.7</ele></trkpt><trkpt lat="52.030641" lon="-9.472226"><ele>46.6</ele></trkpt><trkpt lat="52.030649" lon="-9.472287"><ele>46.5</ele></trkpt><trkpt lat="52.030681" lon="-9.472536"><ele>45.9</ele></trkpt><trkpt lat="52.030686" lon="-9.473889"><ele>43.9</ele></trkpt><trkpt lat="52.030692" lon="-9.475183"><ele>43.1</ele></trkpt><trkpt lat="52.030775" lon="-9.475661"><ele>42.9</ele></trkpt><trkpt lat="52.031088" lon="-9.476612"><ele>42.4</ele></trkpt><trkpt lat="52.031132" lon="-9.476874"><ele>42.2</ele></trkpt><trkpt lat="52.031122" lon="-9.477068"><ele>42.1</ele></trkpt><trkpt lat="52.030274" lon="-9.480352"><ele>39.9</ele></trkpt><trkpt lat="52.029803" lon="-9.482245"><ele>39</ele></trkpt><trkpt lat="52.029812" lon="-9.482302"><ele>39</ele></trkpt><trkpt lat="52.030013" lon="-9.483317"><ele>37.8</ele></trkpt><trkpt lat="52.030348" lon="-9.484828"><ele>35</ele></trkpt><trkpt lat="52.030491" lon="-9.485453"><ele>33.7</ele></trkpt><trkpt lat="52.030504" lon="-9.485839"><ele>33</ele></trkpt><trkpt lat="52.030432" lon="-9.486247"><ele>32.2</ele></trkpt><trkpt lat="52.030148" lon="-9.487127"><ele>30.5</ele></trkpt><trkpt lat="52.029976" lon="-9.487792"><ele>29.7</ele></trkpt><trkpt lat="52.02994" lon="-9.488167"><ele>29.4</ele></trkpt><trkpt lat="52.029943" lon="-9.488565"><ele>29.1</ele></trkpt><trkpt lat="52.029977" lon="-9.489057"><ele>28.8</ele></trkpt><trkpt lat="52.031803" lon="-9.490241"><ele>26.6</ele></trkpt><trkpt lat="52.032692" lon="-9.490764"><ele>26.6</ele></trkpt><trkpt lat="52.033052" lon="-9.490968"><ele>26.8</ele></trkpt><trkpt lat="52.033439" lon="-9.491152"><ele>27.1</ele></trkpt><trkpt lat="52.034389" lon="-9.491654"><ele>27</ele></trkpt><trkpt lat="52.035326" lon="-9.492035"><ele>25.5</ele></trkpt><trkpt lat="52.035952" lon="-9.492343"><ele>24.1</ele></trkpt><trkpt lat="52.036379" lon="-9.492575"><ele>23.4</ele></trkpt><trkpt lat="52.036766" lon="-9.492868"><ele>23</ele></trkpt><trkpt lat="52.037081" lon="-9.493182"><ele>23.1</ele></trkpt><trkpt lat="52.038155" lon="-9.49452"><ele>24.8</ele></trkpt><trkpt lat="52.038363" lon="-9.49473"><ele>25</ele></trkpt><trkpt lat="52.038659" lon="-9.495003"><ele>25.1</ele></trkpt><trkpt lat="52.038742" lon="-9.495082"><ele>25.1</ele></trkpt><trkpt lat="52.038811" lon="-9.495148"><ele>25</ele></trkpt><trkpt lat="52.039206" lon="-9.495526"><ele>24.6</ele></trkpt><trkpt lat="52.039839" lon="-9.496064"><ele>23.5</ele></trkpt><trkpt lat="52.040289" lon="-9.496448"><ele>22.6</ele></trkpt><trkpt lat="52.0405" lon="-9.496627"><ele>22.2</ele></trkpt><trkpt lat="52.040581" lon="-9.496696"><ele>22.1</ele></trkpt><trkpt lat="52.04127" lon="-9.497213"><ele>21.2</ele></trkpt><trkpt lat="52.041778" lon="-9.49763"><ele>20.5</ele></trkpt><trkpt lat="52.041934" lon="-9.497765"><ele>20.3</ele></trkpt><trkpt lat="52.04222" lon="-9.498203"><ele>19.7</ele></trkpt><trkpt lat="52.042735" lon="-9.499466"><ele>19.6</ele></trkpt><trkpt lat="52.042881" lon="-9.499823"><ele>19.9</ele></trkpt><trkpt lat="52.043292" lon="-9.500904"><ele>21.3</ele></trkpt><trkpt lat="52.04353" lon="-9.501509"><ele>22.4</ele></trkpt><trkpt lat="52.044074" lon="-9.502952"><ele>23.6</ele></trkpt><trkpt lat="52.044281" lon="-9.503494"><ele>23.8</ele></trkpt><trkpt lat="52.04434" lon="-9.503643"><ele>23.8</ele></trkpt><trkpt lat="52.044483" lon="-9.504007"><ele>24</ele></trkpt><trkpt lat="52.04467" lon="-9.504365"><ele>24.2</ele></trkpt><trkpt lat="52.045192" lon="-9.504966"><ele>25.1</ele></trkpt><trkpt lat="52.045225" lon="-9.505061"><ele>25.2</ele></trkpt><trkpt lat="52.045266" lon="-9.505104"><ele>25.3</ele></trkpt><trkpt lat="52.045333" lon="-9.505175"><ele>25.4</ele></trkpt><trkpt lat="52.0454" lon="-9.505187"><ele>25.5</ele></trkpt><trkpt lat="52.045995" lon="-9.505746"><ele>26.6</ele></trkpt><trkpt lat="52.046343" lon="-9.506088"><ele>26.9</ele></trkpt><trkpt lat="52.04648" lon="-9.506179"><ele>26.8</ele></trkpt><trkpt lat="52.046464" lon="-9.50625"><ele>26.8</ele></trkpt><trkpt lat="52.046452" lon="-9.50631"><ele>26.8</ele></trkpt><trkpt lat="52.046479" lon="-9.50631"><ele>26.7</ele></trkpt><trkpt lat="52.046586" lon="-9.506334"><ele>26.6</ele></trkpt><trkpt lat="52.046736" lon="-9.506389"><ele>26.5</ele></trkpt><trkpt lat="52.046815" lon="-9.50641"><ele>26.3</ele></trkpt><trkpt lat="52.047309" lon="-9.506536"><ele>25.2</ele></trkpt><trkpt lat="52.047415" lon="-9.506441"><ele>24.8</ele></trkpt><trkpt lat="52.048358" lon="-9.506504"><ele>22.8</ele></trkpt><trkpt lat="52.04874" lon="-9.506536"><ele>22.3</ele></trkpt><trkpt lat="52.048738" lon="-9.506555"><ele>22.3</ele></trkpt><trkpt lat="52.048751" lon="-9.506573"><ele>22.3</ele></trkpt><trkpt lat="52.048731" lon="-9.506595"><ele>22.3</ele></trkpt><trkpt lat="52.048674" lon="-9.506668"><ele>22.2</ele></trkpt><trkpt lat="52.048592" lon="-9.506747"><ele>22.1</ele></trkpt><trkpt lat="52.048449" lon="-9.507053"><ele>22</ele></trkpt><trkpt lat="52.048398" lon="-9.507227"><ele>21.9</ele></trkpt><trkpt lat="52.048391" lon="-9.507299"><ele>21.9</ele></trkpt><trkpt lat="52.048439" lon="-9.507576"><ele>21.9</ele></trkpt><trkpt lat="52.048433" lon="-9.508767"><ele>21.5</ele></trkpt><trkpt lat="52.048372" lon="-9.509551"><ele>21.2</ele></trkpt><trkpt lat="52.048199" lon="-9.510743"><ele>21</ele></trkpt><trkpt lat="52.048148" lon="-9.511491"><ele>21.5</ele></trkpt><trkpt lat="52.04813" lon="-9.511742"><ele>21.7</ele></trkpt><trkpt lat="52.048151" lon="-9.511822"><ele>21.8</ele></trkpt><trkpt lat="52.048213" lon="-9.512527"><ele>22.7</ele></trkpt><trkpt lat="52.048593" lon="-9.513167"><ele>23.9</ele></trkpt><trkpt lat="52.048778" lon="-9.513576"><ele>24.5</ele></trkpt><trkpt lat="52.049161" lon="-9.514133"><ele>25</ele></trkpt><trkpt lat="52.049267" lon="-9.514221"><ele>25</ele></trkpt><trkpt lat="52.049272" lon="-9.514317"><ele>25</ele></trkpt><trkpt lat="52.049594" lon="-9.514643"><ele>25.1</ele></trkpt><trkpt lat="52.049954" lon="-9.514899"><ele>24.9</ele></trkpt><trkpt lat="52.050167" lon="-9.51502"><ele>24.7</ele></trkpt><trkpt lat="52.050645" lon="-9.515284"><ele>24.1</ele></trkpt><trkpt lat="52.051521" lon="-9.515757"><ele>23.1</ele></trkpt><trkpt lat="52.051573" lon="-9.515839"><ele>23</ele></trkpt><trkpt lat="52.051569" lon="-9.515945"><ele>22.9</ele></trkpt><trkpt lat="52.051548" lon="-9.515989"><ele>22.9</ele></trkpt><trkpt lat="52.051509" lon="-9.516074"><ele>22.8</ele></trkpt><trkpt lat="52.051504" lon="-9.516201"><ele>22.7</ele></trkpt><trkpt lat="52.051462" lon="-9.516271"><ele>22.6</ele></trkpt><trkpt lat="52.051417" lon="-9.516357"><ele>22.6</ele></trkpt><trkpt lat="52.051218" lon="-9.5167"><ele>22.3</ele></trkpt><trkpt lat="52.051036" lon="-9.516963"><ele>22.1</ele></trkpt><trkpt lat="52.050864" lon="-9.517158"><ele>22.1</ele></trkpt><trkpt lat="52.050723" lon="-9.517243"><ele>22.1</ele></trkpt><trkpt lat="52.050409" lon="-9.517431"><ele>22.2</ele></trkpt><trkpt lat="52.050238" lon="-9.517602"><ele>22.3</ele></trkpt><trkpt lat="52.049635" lon="-9.518248"><ele>22.4</ele></trkpt><trkpt lat="52.048296" lon="-9.519805"><ele>22.4</ele></trkpt><trkpt lat="52.04757" lon="-9.520699"><ele>22.3</ele></trkpt><trkpt lat="52.048181" lon="-9.52103"><ele>22.3</ele></trkpt><trkpt lat="52.04841" lon="-9.520952"><ele>22.4</ele></trkpt><trkpt lat="52.048549" lon="-9.520952"><ele>22.4</ele></trkpt><trkpt lat="52.048613" lon="-9.521061"><ele>22.4</ele></trkpt><trkpt lat="52.048702" lon="-9.521495"><ele>22.4</ele></trkpt><trkpt lat="52.048799" lon="-9.521662"><ele>22.4</ele></trkpt><trkpt lat="52.049071" lon="-9.521924"><ele>22.4</ele></trkpt><trkpt lat="52.049434" lon="-9.522443"><ele>22.3</ele></trkpt><trkpt lat="52.050167" lon="-9.52312"><ele>22.2</ele></trkpt><trkpt lat="52.050352" lon="-9.523222"><ele>22.2</ele></trkpt><trkpt lat="52.050911" lon="-9.523599"><ele>22.2</ele></trkpt><trkpt lat="52.051132" lon="-9.523634"><ele>22.2</ele></trkpt><trkpt lat="52.051315" lon="-9.523759"><ele>22.3</ele></trkpt><trkpt lat="52.051667" lon="-9.524091"><ele>22.4</ele></trkpt><trkpt lat="52.052329" lon="-9.524773"><ele>22.4</ele></trkpt><trkpt lat="52.051174" lon="-9.525505"><ele>21.8</ele></trkpt><trkpt lat="52.050802" lon="-9.525797"><ele>21.4</ele></trkpt><trkpt lat="52.050582" lon="-9.526026"><ele>21.2</ele></trkpt><trkpt lat="52.050354" lon="-9.526366"><ele>21</ele></trkpt><trkpt lat="52.049621" lon="-9.527878"><ele>20.3</ele></trkpt><trkpt lat="52.049492" lon="-9.528123"><ele>20.2</ele></trkpt><trkpt lat="52.049331" lon="-9.528345"><ele>20.2</ele></trkpt><trkpt lat="52.048969" lon="-9.528645"><ele>20.1</ele></trkpt><trkpt lat="52.048456" lon="-9.528956"><ele>20.1</ele></trkpt><trkpt lat="52.04864" lon="-9.530143"><ele>20</ele></trkpt><trkpt lat="52.048736" lon="-9.531096"><ele>19.8</ele></trkpt><trkpt lat="52.048741" lon="-9.53172"><ele>19.5</ele></trkpt><trkpt lat="52.048712" lon="-9.532063"><ele>19.3</ele></trkpt><trkpt lat="52.04867" lon="-9.532255"><ele>19.2</ele></trkpt><trkpt lat="52.048541" lon="-9.53258"><ele>19</ele></trkpt><trkpt lat="52.04824" lon="-9.533118"><ele>18.7</ele></trkpt><trkpt lat="52.047669" lon="-9.533986"><ele>18.2</ele></trkpt><trkpt lat="52.047497" lon="-9.534296"><ele>18.2</ele></trkpt><trkpt lat="52.047372" lon="-9.534752"><ele>18.2</ele></trkpt><trkpt lat="52.047268" lon="-9.535379"><ele>18.2</ele></trkpt><trkpt lat="52.04713" lon="-9.535983"><ele>18.3</ele></trkpt><trkpt lat="52.046844" lon="-9.536819"><ele>18.5</ele></trkpt><trkpt lat="52.046782" lon="-9.53705"><ele>18.6</ele></trkpt><trkpt lat="52.046752" lon="-9.537271"><ele>18.6</ele></trkpt><trkpt lat="52.046775" lon="-9.537884"><ele>18.7</ele></trkpt><trkpt lat="52.046839" lon="-9.538132"><ele>18.8</ele></trkpt><trkpt lat="52.046913" lon="-9.538253"><ele>18.8</ele></trkpt><trkpt lat="52.047581" lon="-9.539011"><ele>18.9</ele></trkpt><trkpt lat="52.047772" lon="-9.539086"><ele>18.9</ele></trkpt><trkpt lat="52.047941" lon="-9.539039"><ele>18.9</ele></trkpt><trkpt lat="52.048203" lon="-9.538799"><ele>18.8</ele></trkpt><trkpt lat="52.04837" lon="-9.538591"><ele>18.8</ele></trkpt><trkpt lat="52.048747" lon="-9.537984"><ele>18.9</ele></trkpt><trkpt lat="52.048906" lon="-9.537799"><ele>19</ele></trkpt><trkpt lat="52.049202" lon="-9.537544"><ele>19.3</ele></trkpt><trkpt lat="52.049328" lon="-9.537314"><ele>19.5</ele></trkpt><trkpt lat="52.049392" lon="-9.537035"><ele>19.7</ele></trkpt><trkpt lat="52.04945" lon="-9.536054"><ele>20.2</ele></trkpt><trkpt lat="52.049532" lon="-9.535859"><ele>20.4</ele></trkpt><trkpt lat="52.049705" lon="-9.535665"><ele>20.5</ele></trkpt><trkpt lat="52.049969" lon="-9.535554"><ele>20.8</ele></trkpt><trkpt lat="52.050543" lon="-9.535679"><ele>21.3</ele></trkpt><trkpt lat="52.050693" lon="-9.535677"><ele>21.5</ele></trkpt><trkpt lat="52.050846" lon="-9.535596"><ele>21.7</ele></trkpt><trkpt lat="52.050946" lon="-9.535462"><ele>21.8</ele></trkpt><trkpt lat="52.05098" lon="-9.535371"><ele>21.8</ele></trkpt><trkpt lat="52.051081" lon="-9.53477"><ele>21.9</ele></trkpt><trkpt lat="52.051148" lon="-9.534516"><ele>21.8</ele></trkpt><trkpt lat="52.051288" lon="-9.534349"><ele>21.6</ele></trkpt><trkpt lat="52.05157" lon="-9.534271"><ele>21.2</ele></trkpt><trkpt lat="52.051752" lon="-9.534383"><ele>20.9</ele></trkpt><trkpt lat="52.051794" lon="-9.534412"><ele>20.8</ele></trkpt><trkpt lat="52.0523" lon="-9.534959"><ele>19.7</ele></trkpt><trkpt lat="52.052582" lon="-9.535159"><ele>19.3</ele></trkpt><trkpt lat="52.052938" lon="-9.535347"><ele>19.2</ele></trkpt><trkpt lat="52.053231" lon="-9.535431"><ele>19.3</ele></trkpt><trkpt lat="52.053435" lon="-9.535505"><ele>19.5</ele></trkpt><trkpt lat="52.053602" lon="-9.535505"><ele>19.8</ele></trkpt><trkpt lat="52.053721" lon="-9.535419"><ele>20</ele></trkpt><trkpt lat="52.053788" lon="-9.535274"><ele>20.1</ele></trkpt><trkpt lat="52.053826" lon="-9.53508"><ele>20.3</ele></trkpt><trkpt lat="52.054601" lon="-9.528991"><ele>21.2</ele></trkpt><trkpt lat="52.054865" lon="-9.527135"><ele>21.5</ele></trkpt><trkpt lat="52.054952" lon="-9.527169"><ele>21.5</ele></trkpt><trkpt lat="52.055258" lon="-9.527398"><ele>21.5</ele></trkpt><trkpt lat="52.05557" lon="-9.527389"><ele>21.4</ele></trkpt><trkpt lat="52.055726" lon="-9.527317"><ele>21.4</ele></trkpt><trkpt lat="52.055979" lon="-9.527103"><ele>21.3</ele></trkpt><trkpt lat="52.056855" lon="-9.526005"><ele>21.4</ele></trkpt><trkpt lat="52.057041" lon="-9.525623"><ele>21.7</ele></trkpt><trkpt lat="52.057128" lon="-9.52538"><ele>22</ele></trkpt><trkpt lat="52.057156" lon="-9.525275"><ele>22.1</ele></trkpt><trkpt lat="52.057181" lon="-9.525177"><ele>22.2</ele></trkpt><trkpt lat="52.057488" lon="-9.524146"><ele>23.8</ele></trkpt><trkpt lat="52.057814" lon="-9.52325"><ele>25.7</ele></trkpt><trkpt lat="52.058473" lon="-9.521202"><ele>29.8</ele></trkpt><trkpt lat="52.058731" lon="-9.520685"><ele>30.3</ele></trkpt><trkpt lat="52.058933" lon="-9.520145"><ele>30.3</ele></trkpt><trkpt lat="52.058965" lon="-9.519982"><ele>30.3</ele></trkpt><trkpt lat="52.058951" lon="-9.519299"><ele>29.6</ele></trkpt><trkpt lat="52.058962" lon="-9.519191"><ele>29.4</ele></trkpt><trkpt lat="52.059014" lon="-9.518935"><ele>28.9</ele></trkpt><trkpt lat="52.058933" lon="-9.518852"><ele>28.6</ele></trkpt><trkpt lat="52.058944" lon="-9.518825"><ele>28.6</ele></trkpt><trkpt lat="52.058804" lon="-9.518705"><ele>28.1</ele></trkpt><trkpt lat="52.058854" lon="-9.518467"><ele>27.6</ele></trkpt><trkpt lat="52.058865" lon="-9.518218"><ele>27.2</ele></trkpt><trkpt lat="52.058784" lon="-9.517757"><ele>26.5</ele></trkpt><trkpt lat="52.05869" lon="-9.517434"><ele>26.1</ele></trkpt><trkpt lat="52.05866" lon="-9.517374"><ele>26.1</ele></trkpt><trkpt lat="52.0586" lon="-9.517257"><ele>25.9</ele></trkpt><trkpt lat="52.058569" lon="-9.517197"><ele>25.8</ele></trkpt><trkpt lat="52.058321" lon="-9.516741"><ele>25.4</ele></trkpt><trkpt lat="52.058263" lon="-9.516576"><ele>25.3</ele></trkpt><trkpt lat="52.058232" lon="-9.516343"><ele>25.3</ele></trkpt><trkpt lat="52.058353" lon="-9.51538"><ele>25.4</ele></trkpt><trkpt lat="52.058351" lon="-9.515379"><ele>25.4</ele></trkpt><trkpt lat="52.058398" lon="-9.515043"><ele>25.5</ele></trkpt><trkpt lat="52.058468" lon="-9.514552"><ele>25.4</ele></trkpt><trkpt lat="52.059172" lon="-9.514974"><ele>25.2</ele></trkpt><trkpt lat="52.059877" lon="-9.515396"><ele>25.6</ele></trkpt><trkpt lat="52.060581" lon="-9.515817"><ele>26.1</ele></trkpt><trkpt lat="52.061286" lon="-9.516239"><ele>26.7</ele></trkpt><trkpt lat="52.06199" lon="-9.516661"><ele>26.9</ele></trkpt><trkpt lat="52.06199" lon="-9.516661"><ele>26.9</ele></trkpt><trkpt lat="52.061968" lon="-9.517214"><ele>27</ele></trkpt><trkpt lat="52.061931" lon="-9.518135"><ele>27.3</ele></trkpt><trkpt lat="52.06192" lon="-9.518391"><ele>27.4</ele></trkpt><trkpt lat="52.061911" lon="-9.518614"><ele>27.6</ele></trkpt><trkpt lat="52.061848" lon="-9.520158"><ele>28.4</ele></trkpt><trkpt lat="52.062433" lon="-9.520361"><ele>28.8</ele></trkpt><trkpt lat="52.063052" lon="-9.520578"><ele>29.2</ele></trkpt><trkpt lat="52.063274" lon="-9.520657"><ele>29.5</ele></trkpt><trkpt lat="52.063393" lon="-9.520699"><ele>29.6</ele></trkpt><trkpt lat="52.063779" lon="-9.520837"><ele>30.1</ele></trkpt><trkpt lat="52.064223" lon="-9.520995"><ele>30.8</ele></trkpt><trkpt lat="52.064599" lon="-9.521124"><ele>31.5</ele></trkpt><trkpt lat="52.064859" lon="-9.521216"><ele>32</ele></trkpt><trkpt lat="52.065539" lon="-9.521474"><ele>33.3</ele></trkpt><trkpt lat="52.065805" lon="-9.521586"><ele>33.8</ele></trkpt><trkpt lat="52.06605" lon="-9.521707"><ele>34.2</ele></trkpt><trkpt lat="52.066242" lon="-9.521846"><ele>34.6</ele></trkpt><trkpt lat="52.066143" lon="-9.52209"><ele>34.9</ele></trkpt><trkpt lat="52.066099" lon="-9.522129"><ele>34.9</ele></trkpt><trkpt lat="52.065993" lon="-9.5222"><ele>35.1</ele></trkpt><trkpt lat="52.065993" lon="-9.522402"><ele>35.3</ele></trkpt><trkpt lat="52.066063" lon="-9.522821"><ele>35.6</ele></trkpt><trkpt lat="52.066232" lon="-9.523485"><ele>36.1</ele></trkpt><trkpt lat="52.066321" lon="-9.523739"><ele>36.2</ele></trkpt><trkpt lat="52.066369" lon="-9.524008"><ele>36.3</ele></trkpt><trkpt lat="52.066363" lon="-9.52424"><ele>36.3</ele></trkpt><trkpt lat="52.06623" lon="-9.52461"><ele>36.5</ele></trkpt><trkpt lat="52.066245" lon="-9.524667"><ele>36.5</ele></trkpt><trkpt lat="52.066528" lon="-9.525092"><ele>36.7</ele></trkpt><trkpt lat="52.066582" lon="-9.52521"><ele>36.7</ele></trkpt><trkpt lat="52.066663" lon="-9.525611"><ele>36.9</ele></trkpt><trkpt lat="52.066626" lon="-9.526414"><ele>37.1</ele></trkpt><trkpt lat="52.066676" lon="-9.527191"><ele>37.3</ele></trkpt><trkpt lat="52.066944" lon="-9.528199"><ele>37.3</ele></trkpt><trkpt lat="52.066929" lon="-9.529116"><ele>37.2</ele></trkpt><trkpt lat="52.067476" lon="-9.53109"><ele>36.1</ele></trkpt><trkpt lat="52.067729" lon="-9.532682"><ele>35.1</ele></trkpt><trkpt lat="52.067779" lon="-9.532737"><ele>35</ele></trkpt><trkpt lat="52.067859" lon="-9.534334"><ele>34.2</ele></trkpt><trkpt lat="52.067867" lon="-9.535214"><ele>33.8</ele></trkpt><trkpt lat="52.067836" lon="-9.535716"><ele>33.6</ele></trkpt><trkpt lat="52.067822" lon="-9.535965"><ele>33.5</ele></trkpt><trkpt lat="52.067807" lon="-9.536198"><ele>33.4</ele></trkpt><trkpt lat="52.066832" lon="-9.539865"><ele>31.5</ele></trkpt><trkpt lat="52.067068" lon="-9.540165"><ele>31.1</ele></trkpt><trkpt lat="52.06731" lon="-9.54042"><ele>30.8</ele></trkpt><trkpt lat="52.067131" lon="-9.541277"><ele>30.4</ele></trkpt><trkpt lat="52.067147" lon="-9.54182"><ele>30.3</ele></trkpt><trkpt lat="52.067189" lon="-9.541953"><ele>30.3</ele></trkpt><trkpt lat="52.067256" lon="-9.542735"><ele>30.7</ele></trkpt><trkpt lat="52.067209" lon="-9.54378"><ele>31.5</ele></trkpt><trkpt lat="52.067134" lon="-9.544521"><ele>32</ele></trkpt><trkpt lat="52.066795" lon="-9.546141"><ele>32.7</ele></trkpt><trkpt lat="52.066765" lon="-9.546581"><ele>32.7</ele></trkpt><trkpt lat="52.066804" lon="-9.547541"><ele>32.4</ele></trkpt><trkpt lat="52.066831" lon="-9.549107"><ele>32.1</ele></trkpt><trkpt lat="52.066872" lon="-9.550031"><ele>32</ele></trkpt><trkpt lat="52.066912" lon="-9.550519"><ele>32.2</ele></trkpt><trkpt lat="52.066959" lon="-9.551183"><ele>32.6</ele></trkpt><trkpt lat="52.066975" lon="-9.551482"><ele>32.8</ele></trkpt><trkpt lat="52.066937" lon="-9.551982"><ele>33</ele></trkpt><trkpt lat="52.06696" lon="-9.552163"><ele>33.1</ele></trkpt><trkpt lat="52.066977" lon="-9.552359"><ele>33.2</ele></trkpt><trkpt lat="52.066979" lon="-9.552703"><ele>33.4</ele></trkpt><trkpt lat="52.067066" lon="-9.553059"><ele>33.5</ele></trkpt><trkpt lat="52.067063" lon="-9.553534"><ele>33.5</ele></trkpt><trkpt lat="52.067128" lon="-9.553738"><ele>33.5</ele></trkpt><trkpt lat="52.067076" lon="-9.554075"><ele>33.4</ele></trkpt><trkpt lat="52.067085" lon="-9.554577"><ele>33.1</ele></trkpt><trkpt lat="52.067123" lon="-9.554802"><ele>33</ele></trkpt><trkpt lat="52.067172" lon="-9.555005"><ele>32.8</ele></trkpt><trkpt lat="52.067166" lon="-9.555149"><ele>32.7</ele></trkpt><trkpt lat="52.067275" lon="-9.555829"><ele>32.1</ele></trkpt><trkpt lat="52.067317" lon="-9.556377"><ele>31.7</ele></trkpt><trkpt lat="52.067407" lon="-9.55663"><ele>31.5</ele></trkpt><trkpt lat="52.067462" lon="-9.557223"><ele>31.2</ele></trkpt><trkpt lat="52.067578" lon="-9.557647"><ele>31.1</ele></trkpt><trkpt lat="52.067603" lon="-9.558162"><ele>31.1</ele></trkpt><trkpt lat="52.067708" lon="-9.558457"><ele>31.2</ele></trkpt><trkpt lat="52.067735" lon="-9.558601"><ele>31.2</ele></trkpt><trkpt lat="52.067717" lon="-9.558689"><ele>31.2</ele></trkpt><trkpt lat="52.067773" lon="-9.558854"><ele>31.3</ele></trkpt><trkpt lat="52.067869" lon="-9.55931"><ele>31.6</ele></trkpt><trkpt lat="52.068034" lon="-9.560471"><ele>32.5</ele></trkpt><trkpt lat="52.068175" lon="-9.56102"><ele>32.9</ele></trkpt><trkpt lat="52.068167" lon="-9.561125"><ele>33</ele></trkpt><trkpt lat="52.068203" lon="-9.561403"><ele>33.2</ele></trkpt><trkpt lat="52.06824" lon="-9.561521"><ele>33.2</ele></trkpt><trkpt lat="52.06826" lon="-9.561723"><ele>33.4</ele></trkpt><trkpt lat="52.068295" lon="-9.561821"><ele>33.4</ele></trkpt><trkpt lat="52.068301" lon="-9.5621"><ele>33.5</ele></trkpt><trkpt lat="52.068416" lon="-9.562632"><ele>33.7</ele></trkpt><trkpt lat="52.068507" lon="-9.56329"><ele>33.7</ele></trkpt><trkpt lat="52.068565" lon="-9.563457"><ele>33.7</ele></trkpt><trkpt lat="52.068607" lon="-9.563862"><ele>33.7</ele></trkpt><trkpt lat="52.068693" lon="-9.564224"><ele>33.7</ele></trkpt><trkpt lat="52.068734" lon="-9.56428"><ele>33.7</ele></trkpt><trkpt lat="52.068803" lon="-9.564913"><ele>33.7</ele></trkpt><trkpt lat="52.068867" lon="-9.565153"><ele>33.8</ele></trkpt><trkpt lat="52.068893" lon="-9.565565"><ele>33.9</ele></trkpt><trkpt lat="52.068937" lon="-9.565718"><ele>34</ele></trkpt><trkpt lat="52.068976" lon="-9.566043"><ele>34.2</ele></trkpt><trkpt lat="52.069156" lon="-9.566982"><ele>34.6</ele></trkpt><trkpt lat="52.069188" lon="-9.567401"><ele>34.7</ele></trkpt><trkpt lat="52.069226" lon="-9.567379"><ele>34.7</ele></trkpt><trkpt lat="52.069265" lon="-9.567286"><ele>34.7</ele></trkpt><trkpt lat="52.069305" lon="-9.567297"><ele>34.8</ele></trkpt><trkpt lat="52.069487" lon="-9.568808"><ele>34.5</ele></trkpt><trkpt lat="52.069544" lon="-9.569147"><ele>34.3</ele></trkpt><trkpt lat="52.069715" lon="-9.569757"><ele>34</ele></trkpt><trkpt lat="52.069959" lon="-9.57056"><ele>33.5</ele></trkpt><trkpt lat="52.070056" lon="-9.57098"><ele>33.2</ele></trkpt><trkpt lat="52.070097" lon="-9.571289"><ele>33</ele></trkpt><trkpt lat="52.070135" lon="-9.571977"><ele>32.6</ele></trkpt><trkpt lat="52.070264" lon="-9.572061"><ele>32.5</ele></trkpt><trkpt lat="52.070604" lon="-9.572561"><ele>32.6</ele></trkpt><trkpt lat="52.070926" lon="-9.573052"><ele>33.6</ele></trkpt><trkpt lat="52.071145" lon="-9.573385"><ele>34.8</ele></trkpt><trkpt lat="52.072023" lon="-9.574721"><ele>43.3</ele></trkpt><trkpt lat="52.072926" lon="-9.576105"><ele>52.3</ele></trkpt><trkpt lat="52.073238" lon="-9.576652"><ele>54.9</ele></trkpt><trkpt lat="52.073589" lon="-9.57728"><ele>57.3</ele></trkpt><trkpt lat="52.073916" lon="-9.577769"><ele>58.7</ele></trkpt><trkpt lat="52.074113" lon="-9.578062"><ele>59.5</ele></trkpt><trkpt lat="52.07623" lon="-9.581221"><ele>62.7</ele></trkpt><trkpt lat="52.081917" lon="-9.590276"><ele>58.2</ele></trkpt><trkpt lat="52.084549" lon="-9.594365"><ele>58.4</ele></trkpt><trkpt lat="52.085639" lon="-9.596122"><ele>58.8</ele></trkpt><trkpt lat="52.086083" lon="-9.596939"><ele>59.2</ele></trkpt><trkpt lat="52.086391" lon="-9.597659"><ele>59.5</ele></trkpt><trkpt lat="52.086638" lon="-9.598305"><ele>59.6</ele></trkpt><trkpt lat="52.086784" lon="-9.599006"><ele>59.8</ele></trkpt><trkpt lat="52.086929" lon="-9.599521"><ele>59.9</ele></trkpt><trkpt lat="52.087151" lon="-9.600052"><ele>60.2</ele></trkpt><trkpt lat="52.087496" lon="-9.600588"><ele>60.6</ele></trkpt><trkpt lat="52.087744" lon="-9.601063"><ele>61.1</ele></trkpt><trkpt lat="52.087901" lon="-9.601508"><ele>61.6</ele></trkpt><trkpt lat="52.088143" lon="-9.602539"><ele>62.8</ele></trkpt><trkpt lat="52.088157" lon="-9.602595"><ele>62.9</ele></trkpt><trkpt lat="52.088425" lon="-9.603348"><ele>63.9</ele></trkpt><trkpt lat="52.088647" lon="-9.603819"><ele>64.7</ele></trkpt><trkpt lat="52.089335" lon="-9.60503"><ele>66.2</ele></trkpt><trkpt lat="52.09025" lon="-9.606523"><ele>66.5</ele></trkpt><trkpt lat="52.091977" lon="-9.609217"><ele>65</ele></trkpt><trkpt lat="52.093566" lon="-9.611373"><ele>64.8</ele></trkpt><trkpt lat="52.094132" lon="-9.612099"><ele>64.7</ele></trkpt><trkpt lat="52.094428" lon="-9.612479"><ele>64.7</ele></trkpt><trkpt lat="52.095303" lon="-9.613946"><ele>64.5</ele></trkpt><trkpt lat="52.096044" lon="-9.614891"><ele>63.3</ele></trkpt><trkpt lat="52.096378" lon="-9.614984"><ele>62.5</ele></trkpt><trkpt lat="52.096829" lon="-9.614906"><ele>61.2</ele></trkpt><trkpt lat="52.097012" lon="-9.615027"><ele>60.6</ele></trkpt><trkpt lat="52.097289" lon="-9.615298"><ele>59.6</ele></trkpt><trkpt lat="52.097854" lon="-9.61552"><ele>57.9</ele></trkpt><trkpt lat="52.098083" lon="-9.615709"><ele>57.2</ele></trkpt><trkpt lat="52.098254" lon="-9.615902"><ele>56.6</ele></trkpt><trkpt lat="52.098381" lon="-9.616141"><ele>56.1</ele></trkpt><trkpt lat="52.098971" lon="-9.618106"><ele>52.4</ele></trkpt><trkpt lat="52.099817" lon="-9.620735"><ele>47.7</ele></trkpt><trkpt lat="52.101553" lon="-9.626375"><ele>37</ele></trkpt><trkpt lat="52.102366" lon="-9.629018"><ele>35.1</ele></trkpt><trkpt lat="52.103803" lon="-9.633686"><ele>31.5</ele></trkpt><trkpt lat="52.106408" lon="-9.642275"><ele>26.9</ele></trkpt><trkpt lat="52.108614" lon="-9.649545"><ele>20.4</ele></trkpt><trkpt lat="52.108678" lon="-9.649753"><ele>20.3</ele></trkpt><trkpt lat="52.109071" lon="-9.651078"><ele>20.3</ele></trkpt><trkpt lat="52.109686" lon="-9.653149"><ele>22</ele></trkpt><trkpt lat="52.110094" lon="-9.654525"><ele>23.5</ele></trkpt><trkpt lat="52.11175" lon="-9.660103"><ele>27.6</ele></trkpt><trkpt lat="52.112539" lon="-9.662558"><ele>26.7</ele></trkpt><trkpt lat="52.113282" lon="-9.665041"><ele>24.6</ele></trkpt><trkpt lat="52.113396" lon="-9.665401"><ele>24.3</ele></trkpt><trkpt lat="52.11354" lon="-9.665866"><ele>24</ele></trkpt><trkpt lat="52.113815" lon="-9.666612"><ele>23.8</ele></trkpt><trkpt lat="52.114089" lon="-9.667312"><ele>23.9</ele></trkpt><trkpt lat="52.114143" lon="-9.66744"><ele>24</ele></trkpt><trkpt lat="52.114381" lon="-9.668033"><ele>24.7</ele></trkpt><trkpt lat="52.114576" lon="-9.668518"><ele>25.5</ele></trkpt><trkpt lat="52.114992" lon="-9.669543"><ele>28</ele></trkpt><trkpt lat="52.115395" lon="-9.670523"><ele>30.4</ele></trkpt><trkpt lat="52.115617" lon="-9.670958"><ele>31.3</ele></trkpt><trkpt lat="52.11798" lon="-9.674222"><ele>35.1</ele></trkpt><trkpt lat="52.118353" lon="-9.674722"><ele>34.9</ele></trkpt><trkpt lat="52.121253" lon="-9.678725"><ele>32.6</ele></trkpt><trkpt lat="52.121654" lon="-9.679279"><ele>32.9</ele></trkpt><trkpt lat="52.1349" lon="-9.697571"><ele>59.5</ele></trkpt><trkpt lat="52.136193" lon="-9.699355"><ele>59.5</ele></trkpt><trkpt lat="52.136378" lon="-9.69961"><ele>59.4</ele></trkpt><trkpt lat="52.137763" lon="-9.701973"><ele>57.4</ele></trkpt><trkpt lat="52.138117" lon="-9.702628"><ele>56.4</ele></trkpt><trkpt lat="52.139088" lon="-9.704429"><ele>53.6</ele></trkpt><trkpt lat="52.139691" lon="-9.705546"><ele>52</ele></trkpt><trkpt lat="52.139784" lon="-9.705719"><ele>51.8</ele></trkpt><trkpt lat="52.139936" lon="-9.706001"><ele>51.3</ele></trkpt><trkpt lat="52.141184" lon="-9.70885"><ele>45.5</ele></trkpt><trkpt lat="52.141624" lon="-9.709858"><ele>43.3</ele></trkpt><trkpt lat="52.141655" lon="-9.709927"><ele>43.2</ele></trkpt><trkpt lat="52.14182" lon="-9.710292"><ele>42.3</ele></trkpt><trkpt lat="52.14204" lon="-9.710786"><ele>41.1</ele></trkpt><trkpt lat="52.142295" lon="-9.711364"><ele>39.6</ele></trkpt><trkpt lat="52.142629" lon="-9.712129"><ele>37.5</ele></trkpt><trkpt lat="52.143458" lon="-9.713947"><ele>31.9</ele></trkpt><trkpt lat="52.143475" lon="-9.713987"><ele>31.8</ele></trkpt><trkpt lat="52.143644" lon="-9.714368"><ele>30.6</ele></trkpt><trkpt lat="52.143919" lon="-9.714989"><ele>28.5</ele></trkpt><trkpt lat="52.143989" lon="-9.715146"><ele>28</ele></trkpt><trkpt lat="52.144363" lon="-9.715887"><ele>25</ele></trkpt><trkpt lat="52.144692" lon="-9.716519"><ele>22.7</ele></trkpt><trkpt lat="52.144721" lon="-9.716575"><ele>22.6</ele></trkpt><trkpt lat="52.144898" lon="-9.716916"><ele>21.6</ele></trkpt><trkpt lat="52.144991" lon="-9.717093"><ele>21.1</ele></trkpt><trkpt lat="52.145066" lon="-9.717237"><ele>20.7</ele></trkpt><trkpt lat="52.145278" lon="-9.717596"><ele>19.8</ele></trkpt><trkpt lat="52.145347" lon="-9.717629"><ele>19.6</ele></trkpt><trkpt lat="52.145424" lon="-9.717596"><ele>19.4</ele></trkpt><trkpt lat="52.145468" lon="-9.717553"><ele>19.2</ele></trkpt><trkpt lat="52.14575" lon="-9.717222"><ele>18.4</ele></trkpt><trkpt lat="52.146301" lon="-9.716724"><ele>17.4</ele></trkpt><trkpt lat="52.146464" lon="-9.716641"><ele>17.1</ele></trkpt><trkpt lat="52.14649" lon="-9.716631"><ele>17</ele></trkpt><trkpt lat="52.147266" lon="-9.716375"><ele>15.3</ele></trkpt><trkpt lat="52.147743" lon="-9.71636"><ele>14.4</ele></trkpt><trkpt lat="52.147943" lon="-9.7164"><ele>14.1</ele></trkpt><trkpt lat="52.148343" lon="-9.716531"><ele>13.3</ele></trkpt><trkpt lat="52.14855" lon="-9.716649"><ele>12.9</ele></trkpt><trkpt lat="52.14919" lon="-9.717141"><ele>11.8</ele></trkpt><trkpt lat="52.149837" lon="-9.717625"><ele>10.9</ele></trkpt><trkpt lat="52.1503" lon="-9.717844"><ele>10.4</ele></trkpt><trkpt lat="52.150557" lon="-9.717899"><ele>10.2</ele></trkpt><trkpt lat="52.150837" lon="-9.717894"><ele>9.9</ele></trkpt><trkpt lat="52.151208" lon="-9.717787"><ele>9.5</ele></trkpt><trkpt lat="52.151654" lon="-9.717509"><ele>8.9</ele></trkpt><trkpt lat="52.152716" lon="-9.7165"><ele>7.7</ele></trkpt><trkpt lat="52.153796" lon="-9.715396"><ele>7.4</ele></trkpt><trkpt lat="52.154165" lon="-9.715022"><ele>7.4</ele></trkpt><trkpt lat="52.154336" lon="-9.714751"><ele>7.5</ele></trkpt><trkpt lat="52.15446" lon="-9.714497"><ele>7.5</ele></trkpt><trkpt lat="52.154798" lon="-9.713115"><ele>8.1</ele></trkpt><trkpt lat="52.155094" lon="-9.712181"><ele>8.3</ele></trkpt><trkpt lat="52.155211" lon="-9.711887"><ele>8.4</ele></trkpt><trkpt lat="52.155697" lon="-9.710877"><ele>8.2</ele></trkpt><trkpt lat="52.155983" lon="-9.710414"><ele>8</ele></trkpt><trkpt lat="52.156665" lon="-9.70935"><ele>7.6</ele></trkpt><trkpt lat="52.157594" lon="-9.707892"><ele>7.2</ele></trkpt><trkpt lat="52.159375" lon="-9.705118"><ele>6</ele></trkpt><trkpt lat="52.159855" lon="-9.704364"><ele>5.7</ele></trkpt><trkpt lat="52.160163" lon="-9.703986"><ele>5.5</ele></trkpt><trkpt lat="52.160873" lon="-9.703557"><ele>5</ele></trkpt><trkpt lat="52.160935" lon="-9.703523"><ele>5</ele></trkpt><trkpt lat="52.16119" lon="-9.703382"><ele>4.9</ele></trkpt><trkpt lat="52.162114" lon="-9.702869"><ele>4.8</ele></trkpt><trkpt lat="52.16244" lon="-9.702662"><ele>5</ele></trkpt><trkpt lat="52.163082" lon="-9.702255"><ele>5.4</ele></trkpt><trkpt lat="52.163156" lon="-9.702208"><ele>5.4</ele></trkpt><trkpt lat="52.163402" lon="-9.701996"><ele>5.5</ele></trkpt><trkpt lat="52.163572" lon="-9.701716"><ele>5.5</ele></trkpt><trkpt lat="52.163603" lon="-9.701647"><ele>5.5</ele></trkpt><trkpt lat="52.163821" lon="-9.701063"><ele>5.2</ele></trkpt><trkpt lat="52.163848" lon="-9.70094"><ele>5.2</ele></trkpt><trkpt lat="52.163868" lon="-9.700805"><ele>5.1</ele></trkpt><trkpt lat="52.164192" lon="-9.700906"><ele>4.8</ele></trkpt><trkpt lat="52.164363" lon="-9.700967"><ele>4.7</ele></trkpt><trkpt lat="52.164628" lon="-9.701097"><ele>4.4</ele></trkpt><trkpt lat="52.164935" lon="-9.701309"><ele>3.9</ele></trkpt><trkpt lat="52.164989" lon="-9.701353"><ele>3.8</ele></trkpt><trkpt lat="52.165626" lon="-9.702008"><ele>3</ele></trkpt><trkpt lat="52.165666" lon="-9.702044"><ele>2.9</ele></trkpt><trkpt lat="52.165784" lon="-9.702153"><ele>2.8</ele></trkpt><trkpt lat="52.166095" lon="-9.702376"><ele>2.3</ele></trkpt><trkpt lat="52.166457" lon="-9.702562"><ele>1.7</ele></trkpt><trkpt lat="52.166857" lon="-9.702634"><ele>1.3</ele></trkpt><trkpt lat="52.167115" lon="-9.702625"><ele>1.2</ele></trkpt><trkpt lat="52.167579" lon="-9.702465"><ele>1.6</ele></trkpt><trkpt lat="52.16766" lon="-9.702424"><ele>1.7</ele></trkpt><trkpt lat="52.167889" lon="-9.702202"><ele>2.1</ele></trkpt><trkpt lat="52.168041" lon="-9.701974"><ele>2.5</ele></trkpt><trkpt lat="52.168081" lon="-9.701901"><ele>2.6</ele></trkpt><trkpt lat="52.168328" lon="-9.701476"><ele>3.5</ele></trkpt><trkpt lat="52.168444" lon="-9.701379"><ele>3.8</ele></trkpt><trkpt lat="52.168602" lon="-9.701248"><ele>4.2</ele></trkpt><trkpt lat="52.168775" lon="-9.701005"><ele>4.7</ele></trkpt><trkpt lat="52.168854" lon="-9.700922"><ele>4.9</ele></trkpt><trkpt lat="52.168936" lon="-9.700904"><ele>5.1</ele></trkpt><trkpt lat="52.169429" lon="-9.700856"><ele>5.8</ele></trkpt><trkpt lat="52.169498" lon="-9.700849"><ele>5.8</ele></trkpt><trkpt lat="52.169688" lon="-9.700848"><ele>6</ele></trkpt><trkpt lat="52.169903" lon="-9.700832"><ele>6.2</ele></trkpt><trkpt lat="52.170072" lon="-9.700834"><ele>6.3</ele></trkpt><trkpt lat="52.170363" lon="-9.700918"><ele>6.7</ele></trkpt><trkpt lat="52.170566" lon="-9.700959"><ele>7</ele></trkpt><trkpt lat="52.170768" lon="-9.700907"><ele>7.3</ele></trkpt><trkpt lat="52.171802" lon="-9.700283"><ele>8.8</ele></trkpt><trkpt lat="52.172379" lon="-9.699931"><ele>9.3</ele></trkpt><trkpt lat="52.172455" lon="-9.699889"><ele>9.4</ele></trkpt><trkpt lat="52.172767" lon="-9.699859"><ele>9.5</ele></trkpt><trkpt lat="52.17417" lon="-9.699721"><ele>9.5</ele></trkpt><trkpt lat="52.174505" lon="-9.69964"><ele>9.2</ele></trkpt><trkpt lat="52.17512" lon="-9.699627"><ele>8.5</ele></trkpt><trkpt lat="52.175408" lon="-9.699652"><ele>8</ele></trkpt><trkpt lat="52.176224" lon="-9.700018"><ele>6.6</ele></trkpt><trkpt lat="52.176409" lon="-9.700016"><ele>6.3</ele></trkpt><trkpt lat="52.177576" lon="-9.699774"><ele>4.7</ele></trkpt><trkpt lat="52.178365" lon="-9.699589"><ele>3.9</ele></trkpt><trkpt lat="52.17933" lon="-9.699258"><ele>3.5</ele></trkpt><trkpt lat="52.179665" lon="-9.699073"><ele>3.6</ele></trkpt><trkpt lat="52.179729" lon="-9.699204"><ele>3.7</ele></trkpt><trkpt lat="52.181694" lon="-9.700282"><ele>5.9</ele></trkpt><trkpt lat="52.182528" lon="-9.700669"><ele>6.2</ele></trkpt><trkpt lat="52.184783" lon="-9.703167"><ele>7.3</ele></trkpt><trkpt lat="52.186794" lon="-9.703886"><ele>14.2</ele></trkpt><trkpt lat="52.187473" lon="-9.704377"><ele>17.3</ele></trkpt><trkpt lat="52.188199" lon="-9.704698"><ele>20.9</ele></trkpt><trkpt lat="52.188807" lon="-9.705"><ele>24.6</ele></trkpt><trkpt lat="52.189436" lon="-9.70527"><ele>28.9</ele></trkpt><trkpt lat="52.189636" lon="-9.705202"><ele>30.4</ele></trkpt><trkpt lat="52.189794" lon="-9.705056"><ele>31.8</ele></trkpt><trkpt lat="52.189927" lon="-9.704985"><ele>32.9</ele></trkpt><trkpt lat="52.190111" lon="-9.704988"><ele>34.3</ele></trkpt><trkpt lat="52.19053" lon="-9.705103"><ele>37.8</ele></trkpt><trkpt lat="52.191409" lon="-9.705255"><ele>45.6</ele></trkpt><trkpt lat="52.192145" lon="-9.705494"><ele>52.7</ele></trkpt><trkpt lat="52.193039" lon="-9.705775"><ele>61.9</ele></trkpt><trkpt lat="52.196111" lon="-9.706496"><ele>97.4</ele></trkpt><trkpt lat="52.196455" lon="-9.70657"><ele>101.8</ele></trkpt><trkpt lat="52.196615" lon="-9.706551"><ele>103.8</ele></trkpt><trkpt lat="52.196932" lon="-9.706335"><ele>107.9</ele></trkpt><trkpt lat="52.197203" lon="-9.706017"><ele>111.8</ele></trkpt><trkpt lat="52.198111" lon="-9.704768"><ele>123.9</ele></trkpt><trkpt lat="52.198623" lon="-9.704269"><ele>130.1</ele></trkpt><trkpt lat="52.198704" lon="-9.704194"><ele>131.1</ele></trkpt><trkpt lat="52.19929" lon="-9.703738"><ele>138.7</ele></trkpt><trkpt lat="52.20003" lon="-9.703268"><ele>150.2</ele></trkpt><trkpt lat="52.200344" lon="-9.70322"><ele>155.2</ele></trkpt><trkpt lat="52.200787" lon="-9.703317"><ele>162.6</ele></trkpt><trkpt lat="52.201021" lon="-9.703408"><ele>166.8</ele></trkpt><trkpt lat="52.201955" lon="-9.703603"><ele>183.6</ele></trkpt><trkpt lat="52.203319" lon="-9.704215"><ele>208</ele></trkpt><trkpt lat="52.203416" lon="-9.704224"><ele>209.6</ele></trkpt><trkpt lat="52.204581" lon="-9.703606"><ele>228.9</ele></trkpt><trkpt lat="52.204912" lon="-9.703397"><ele>234.5</ele></trkpt><trkpt lat="52.205762" lon="-9.703024"><ele>248.2</ele></trkpt><trkpt lat="52.205888" lon="-9.703091"><ele>250.3</ele></trkpt><trkpt lat="52.205915" lon="-9.703165"><ele>251.1</ele></trkpt><trkpt lat="52.205939" lon="-9.704062"><ele>259</ele></trkpt><trkpt lat="52.20597" lon="-9.704226"><ele>260.4</ele></trkpt><trkpt lat="52.206035" lon="-9.704302"><ele>261.5</ele></trkpt><trkpt lat="52.20625" lon="-9.704388"><ele>264.3</ele></trkpt><trkpt lat="52.207965" lon="-9.704828"><ele>283.4</ele></trkpt><trkpt lat="52.20959" lon="-9.705232"><ele>301.3</ele></trkpt><trkpt lat="52.210136" lon="-9.705344"><ele>306.9</ele></trkpt><trkpt lat="52.211371" lon="-9.705493"><ele>315.8</ele></trkpt><trkpt lat="52.211942" lon="-9.705493"><ele>316.7</ele></trkpt><trkpt lat="52.211985" lon="-9.705488"><ele>316.7</ele></trkpt><trkpt lat="52.212606" lon="-9.705004"><ele>314.3</ele></trkpt><trkpt lat="52.213015" lon="-9.704694"><ele>310.8</ele></trkpt><trkpt lat="52.213188" lon="-9.704661"><ele>309.1</ele></trkpt><trkpt lat="52.213493" lon="-9.704648"><ele>305.8</ele></trkpt><trkpt lat="52.213593" lon="-9.704608"><ele>304.6</ele></trkpt><trkpt lat="52.213731" lon="-9.704498"><ele>302.8</ele></trkpt><trkpt lat="52.213867" lon="-9.704336"><ele>300.7</ele></trkpt><trkpt lat="52.213982" lon="-9.704138"><ele>298.6</ele></trkpt><trkpt lat="52.214093" lon="-9.703814"><ele>295.8</ele></trkpt><trkpt lat="52.21454" lon="-9.70207"><ele>281</ele></trkpt><trkpt lat="52.214645" lon="-9.701845"><ele>278.8</ele></trkpt><trkpt lat="52.215591" lon="-9.700655"><ele>263.8</ele></trkpt><trkpt lat="52.21662" lon="-9.699459"><ele>249.4</ele></trkpt><trkpt lat="52.216818" lon="-9.699304"><ele>247</ele></trkpt><trkpt lat="52.22194" lon="-9.697073"><ele>197.6</ele></trkpt><trkpt lat="52.222216" lon="-9.69696"><ele>195.6</ele></trkpt><trkpt lat="52.222565" lon="-9.696819"><ele>193.2</ele></trkpt><trkpt lat="52.222747" lon="-9.696763"><ele>192.1</ele></trkpt><trkpt lat="52.222818" lon="-9.69678"><ele>191.6</ele></trkpt><trkpt lat="52.223324" lon="-9.697084"><ele>188.5</ele></trkpt><trkpt lat="52.223534" lon="-9.697222"><ele>187.1</ele></trkpt><trkpt lat="52.223746" lon="-9.697454"><ele>185.5</ele></trkpt><trkpt lat="52.225074" lon="-9.699739"><ele>175.2</ele></trkpt><trkpt lat="52.225911" lon="-9.700192"><ele>171.8</ele></trkpt><trkpt lat="52.227292" lon="-9.700891"><ele>165.9</ele></trkpt><trkpt lat="52.2278" lon="-9.701081"><ele>163</ele></trkpt><trkpt lat="52.228903" lon="-9.701224"><ele>154.4</ele></trkpt><trkpt lat="52.229511" lon="-9.701144"><ele>148.6</ele></trkpt><trkpt lat="52.230611" lon="-9.700822"><ele>137</ele></trkpt><trkpt lat="52.231381" lon="-9.700723"><ele>129.1</ele></trkpt><trkpt lat="52.231628" lon="-9.700729"><ele>126.7</ele></trkpt><trkpt lat="52.231956" lon="-9.700759"><ele>123.9</ele></trkpt><trkpt lat="52.232171" lon="-9.700825"><ele>122.1</ele></trkpt><trkpt lat="52.232715" lon="-9.701078"><ele>117.2</ele></trkpt><trkpt lat="52.232914" lon="-9.701264"><ele>115.3</ele></trkpt><trkpt lat="52.233435" lon="-9.702296"><ele>108.6</ele></trkpt><trkpt lat="52.233662" lon="-9.702446"><ele>106.6</ele></trkpt><trkpt lat="52.234067" lon="-9.702615"><ele>103.1</ele></trkpt><trkpt lat="52.234629" lon="-9.702976"><ele>98.8</ele></trkpt><trkpt lat="52.234836" lon="-9.703223"><ele>97.2</ele></trkpt><trkpt lat="52.23519" lon="-9.703753"><ele>94.3</ele></trkpt><trkpt lat="52.235261" lon="-9.703816"><ele>93.8</ele></trkpt><trkpt lat="52.235453" lon="-9.703867"><ele>92.6</ele></trkpt><trkpt lat="52.235704" lon="-9.70384"><ele>90.9</ele></trkpt><trkpt lat="52.23606" lon="-9.703747"><ele>88.1</ele></trkpt><trkpt lat="52.236449" lon="-9.70372"><ele>84.7</ele></trkpt><trkpt lat="52.237692" lon="-9.704305"><ele>71.6</ele></trkpt><trkpt lat="52.237924" lon="-9.704503"><ele>69</ele></trkpt><trkpt lat="52.238375" lon="-9.705236"><ele>63.3</ele></trkpt><trkpt lat="52.238621" lon="-9.705555"><ele>60.9</ele></trkpt><trkpt lat="52.238745" lon="-9.705685"><ele>59.8</ele></trkpt><trkpt lat="52.238905" lon="-9.705761"><ele>58.6</ele></trkpt><trkpt lat="52.239035" lon="-9.705771"><ele>57.7</ele></trkpt><trkpt lat="52.239229" lon="-9.705625"><ele>56.3</ele></trkpt><trkpt lat="52.239387" lon="-9.705349"><ele>54.8</ele></trkpt><trkpt lat="52.239678" lon="-9.704569"><ele>51.1</ele></trkpt><trkpt lat="52.239884" lon="-9.704197"><ele>49</ele></trkpt><trkpt lat="52.24041" lon="-9.703549"><ele>44.2</ele></trkpt><trkpt lat="52.240558" lon="-9.703409"><ele>42.8</ele></trkpt><trkpt lat="52.241729" lon="-9.702623"><ele>32.5</ele></trkpt><trkpt lat="52.242102" lon="-9.70239"><ele>30.1</ele></trkpt><trkpt lat="52.242378" lon="-9.702325"><ele>28.8</ele></trkpt><trkpt lat="52.242553" lon="-9.702323"><ele>28.1</ele></trkpt><trkpt lat="52.242756" lon="-9.70442"><ele>26.4</ele></trkpt><trkpt lat="52.242779" lon="-9.704661"><ele>26.3</ele></trkpt><trkpt lat="52.242832" lon="-9.705205"><ele>25.9</ele></trkpt><trkpt lat="52.245245" lon="-9.705466"><ele>16</ele></trkpt><trkpt lat="52.247764" lon="-9.705595"><ele>7</ele></trkpt><trkpt lat="52.249127" lon="-9.705809"><ele>4.4</ele></trkpt><trkpt lat="52.249607" lon="-9.705946"><ele>3.9</ele></trkpt><trkpt lat="52.249975" lon="-9.70605"><ele>3.7</ele></trkpt><trkpt lat="52.250103" lon="-9.706093"><ele>3.7</ele></trkpt><trkpt lat="52.250171" lon="-9.706113"><ele>3.7</ele></trkpt><trkpt lat="52.250698" lon="-9.70625"><ele>3.9</ele></trkpt><trkpt lat="52.251022" lon="-9.706375"><ele>4.3</ele></trkpt><trkpt lat="52.251601" lon="-9.706763"><ele>5.8</ele></trkpt><trkpt lat="52.25186" lon="-9.706897"><ele>6.6</ele></trkpt><trkpt lat="52.252265" lon="-9.707053"><ele>8.2</ele></trkpt><trkpt lat="52.253063" lon="-9.707484"><ele>11.9</ele></trkpt><trkpt lat="52.254439" lon="-9.708319"><ele>18.4</ele></trkpt><trkpt lat="52.255831" lon="-9.70907"><ele>23.8</ele></trkpt><trkpt lat="52.256125" lon="-9.70919"><ele>24.7</ele></trkpt><trkpt lat="52.256366" lon="-9.709303"><ele>25.4</ele></trkpt><trkpt lat="52.257198" lon="-9.709617"><ele>26.6</ele></trkpt><trkpt lat="52.257304" lon="-9.709657"><ele>26.7</ele></trkpt><trkpt lat="52.257328" lon="-9.709666"><ele>26.7</ele></trkpt><trkpt lat="52.258003" lon="-9.709883"><ele>26.3</ele></trkpt><trkpt lat="52.258492" lon="-9.710063"><ele>25</ele></trkpt><trkpt lat="52.258798" lon="-9.710191"><ele>23.8</ele></trkpt><trkpt lat="52.259132" lon="-9.710316"><ele>22.1</ele></trkpt><trkpt lat="52.259245" lon="-9.710359"><ele>21.5</ele></trkpt><trkpt lat="52.259528" lon="-9.710386"><ele>19.8</ele></trkpt><trkpt lat="52.259595" lon="-9.710392"><ele>19.4</ele></trkpt><trkpt lat="52.259661" lon="-9.710397"><ele>19</ele></trkpt><trkpt lat="52.260497" lon="-9.710413"><ele>12.8</ele></trkpt><trkpt lat="52.260854" lon="-9.710467"><ele>10.2</ele></trkpt><trkpt lat="52.261515" lon="-9.711048"><ele>5.5</ele></trkpt><trkpt lat="52.261859" lon="-9.711333"><ele>3.8</ele></trkpt><trkpt lat="52.261928" lon="-9.711391"><ele>3.5</ele></trkpt><trkpt lat="52.262092" lon="-9.711544"><ele>2.9</ele></trkpt><trkpt lat="52.262264" lon="-9.711666"><ele>2.4</ele></trkpt><trkpt lat="52.262667" lon="-9.711829"><ele>1.8</ele></trkpt><trkpt lat="52.262745" lon="-9.711836"><ele>1.7</ele></trkpt><trkpt lat="52.263006" lon="-9.711862"><ele>1.6</ele></trkpt><trkpt lat="52.263202" lon="-9.711879"><ele>1.5</ele></trkpt><trkpt lat="52.263324" lon="-9.71189"><ele>1.5</ele></trkpt><trkpt lat="52.263723" lon="-9.711936"><ele>1.7</ele></trkpt><trkpt lat="52.264031" lon="-9.711899"><ele>1.8</ele></trkpt><trkpt lat="52.264224" lon="-9.711809"><ele>2</ele></trkpt><trkpt lat="52.26438" lon="-9.711736"><ele>2.1</ele></trkpt><trkpt lat="52.264591" lon="-9.711694"><ele>2.2</ele></trkpt><trkpt lat="52.264622" lon="-9.711721"><ele>2.2</ele></trkpt><trkpt lat="52.264681" lon="-9.71173"><ele>2.3</ele></trkpt><trkpt lat="52.26475" lon="-9.71166"><ele>2.3</ele></trkpt><trkpt lat="52.264772" lon="-9.711591"><ele>2.3</ele></trkpt><trkpt lat="52.264999" lon="-9.711287"><ele>2.4</ele></trkpt><trkpt lat="52.265194" lon="-9.711141"><ele>2.5</ele></trkpt><trkpt lat="52.265434" lon="-9.710979"><ele>2.7</ele></trkpt><trkpt lat="52.265487" lon="-9.710941"><ele>2.7</ele></trkpt><trkpt lat="52.265635" lon="-9.710826"><ele>2.7</ele></trkpt><trkpt lat="52.265793" lon="-9.710705"><ele>2.8</ele></trkpt><trkpt lat="52.266056" lon="-9.710502"><ele>2.9</ele></trkpt><trkpt lat="52.266168" lon="-9.710418"><ele>2.9</ele></trkpt><trkpt lat="52.266215" lon="-9.710381"><ele>3</ele></trkpt><trkpt lat="52.266499" lon="-9.710163"><ele>3.1</ele></trkpt><trkpt lat="52.266823" lon="-9.709914"><ele>3.5</ele></trkpt><trkpt lat="52.266847" lon="-9.709897"><ele>3.6</ele></trkpt><trkpt lat="52.266865" lon="-9.709884"><ele>3.6</ele></trkpt><trkpt lat="52.267117" lon="-9.7097"><ele>3.9</ele></trkpt><trkpt lat="52.26724" lon="-9.709613"><ele>4</ele></trkpt><trkpt lat="52.267358" lon="-9.709535"><ele>4.1</ele></trkpt><trkpt lat="52.26737" lon="-9.709528"><ele>4.1</ele></trkpt><trkpt lat="52.26744" lon="-9.709516"><ele>4.1</ele></trkpt><trkpt lat="52.267544" lon="-9.709398"><ele>4.2</ele></trkpt><trkpt lat="52.267601" lon="-9.70935"><ele>4.2</ele></trkpt><trkpt lat="52.267644" lon="-9.709315"><ele>4.2</ele></trkpt><trkpt lat="52.267777" lon="-9.709219"><ele>4.3</ele></trkpt><trkpt lat="52.267825" lon="-9.70924"><ele>4.3</ele></trkpt><trkpt lat="52.267857" lon="-9.709174"><ele>4.3</ele></trkpt><trkpt lat="52.268479" lon="-9.708699"><ele>4.8</ele></trkpt><trkpt lat="52.268738" lon="-9.708535"><ele>5</ele></trkpt><trkpt lat="52.26878" lon="-9.708509"><ele>5</ele></trkpt><trkpt lat="52.26898" lon="-9.708497"><ele>5.1</ele></trkpt><trkpt lat="52.268983" lon="-9.708613"><ele>5.1</ele></trkpt><trkpt lat="52.268992" lon="-9.708759"><ele>5.2</ele></trkpt><trkpt lat="52.269004" lon="-9.708879"><ele>5.2</ele></trkpt><trkpt lat="52.269025" lon="-9.70934"><ele>5.3</ele></trkpt><trkpt lat="52.269059" lon="-9.710029"><ele>5.6</ele></trkpt><trkpt lat="52.269097" lon="-9.710307"><ele>5.7</ele></trkpt><trkpt lat="52.269097" lon="-9.710521"><ele>5.8</ele></trkpt><trkpt lat="52.269328" lon="-9.710535"><ele>5.8</ele></trkpt><trkpt lat="52.26947" lon="-9.710635"><ele>5.8</ele></trkpt><trkpt lat="52.269734" lon="-9.710916"><ele>5.7</ele></trkpt><trkpt lat="52.269961" lon="-9.710996"><ele>5.6</ele></trkpt><trkpt lat="52.270109" lon="-9.710992"><ele>5.5</ele></trkpt><trkpt lat="52.270184" lon="-9.71099"><ele>5.5</ele></trkpt><trkpt lat="52.270835" lon="-9.710912"><ele>5.1</ele></trkpt><trkpt lat="52.270952" lon="-9.710879"><ele>5</ele></trkpt><trkpt lat="52.271288" lon="-9.710684"><ele>4.8</ele></trkpt><trkpt lat="52.271505" lon="-9.710513"><ele>4.7</ele></trkpt><trkpt lat="52.271572" lon="-9.71046"><ele>4.6</ele></trkpt><trkpt lat="52.271871" lon="-9.710215"><ele>4.4</ele></trkpt><trkpt lat="52.272094" lon="-9.710031"><ele>4.3</ele></trkpt><trkpt lat="52.27221" lon="-9.710367"><ele>4.3</ele></trkpt><trkpt lat="52.272562" lon="-9.711349"><ele>4.6</ele></trkpt><trkpt lat="52.272686" lon="-9.711608"><ele>4.8</ele></trkpt><trkpt lat="52.272928" lon="-9.712067"><ele>5.1</ele></trkpt><trkpt lat="52.273041" lon="-9.712275"><ele>5.3</ele></trkpt><trkpt lat="52.273173" lon="-9.712685"><ele>5.6</ele></trkpt><trkpt lat="52.273332" lon="-9.713402"><ele>6</ele></trkpt><trkpt lat="52.273428" lon="-9.713732"><ele>6.1</ele></trkpt><trkpt lat="52.273569" lon="-9.714012"><ele>6.2</ele></trkpt><trkpt lat="52.273609" lon="-9.714068"><ele>6.2</ele></trkpt><trkpt lat="52.27395" lon="-9.714519"><ele>6.2</ele></trkpt><trkpt lat="52.274039" lon="-9.714625"><ele>6.2</ele></trkpt><trkpt lat="52.274098" lon="-9.714696"><ele>6.2</ele></trkpt><trkpt lat="52.27462" lon="-9.715345"><ele>6.2</ele></trkpt><trkpt lat="52.274863" lon="-9.715655"><ele>6.2</ele></trkpt><trkpt lat="52.275391" lon="-9.716328"><ele>6.5</ele></trkpt><trkpt lat="52.275599" lon="-9.716592"><ele>6.7</ele></trkpt><trkpt lat="52.275696" lon="-9.716715"><ele>6.8</ele></trkpt><trkpt lat="52.276017" lon="-9.717125"><ele>7.1</ele></trkpt><trkpt lat="52.276265" lon="-9.71744"><ele>7.4</ele></trkpt><trkpt lat="52.276838" lon="-9.718186"><ele>8.1</ele></trkpt><trkpt lat="52.276893" lon="-9.718257"><ele>8.1</ele></trkpt><trkpt lat="52.278511" lon="-9.7203"><ele>10.3</ele></trkpt><trkpt lat="52.279258" lon="-9.72123"><ele>11.3</ele></trkpt><trkpt lat="52.279312" lon="-9.721298"><ele>11.4</ele></trkpt><trkpt lat="52.279688" lon="-9.721768"><ele>12</ele></trkpt><trkpt lat="52.279837" lon="-9.721957"><ele>12.2</ele></trkpt><trkpt lat="52.279919" lon="-9.722059"><ele>12.4</ele></trkpt><trkpt lat="52.280966" lon="-9.723398"><ele>14.1</ele></trkpt><trkpt lat="52.281096" lon="-9.723541"><ele>14.2</ele></trkpt><trkpt lat="52.281876" lon="-9.72446"><ele>14.4</ele></trkpt><trkpt lat="52.281941" lon="-9.724531"><ele>14.3</ele></trkpt><trkpt lat="52.281971" lon="-9.724564"><ele>14.3</ele></trkpt><trkpt lat="52.282143" lon="-9.724753"><ele>14.3</ele></trkpt><trkpt lat="52.282175" lon="-9.724788"><ele>14.3</ele></trkpt><trkpt lat="52.282208" lon="-9.724826"><ele>14.2</ele></trkpt><trkpt lat="52.282371" lon="-9.725015"><ele>14.2</ele></trkpt><trkpt lat="52.282477" lon="-9.725141"><ele>14.2</ele></trkpt><trkpt lat="52.28253" lon="-9.725203"><ele>14.2</ele></trkpt><trkpt lat="52.282605" lon="-9.725293"><ele>14.2</ele></trkpt><trkpt lat="52.282617" lon="-9.725307"><ele>14.2</ele></trkpt><trkpt lat="52.282631" lon="-9.725323"><ele>14.2</ele></trkpt><trkpt lat="52.282837" lon="-9.725569"><ele>14.2</ele></trkpt><trkpt lat="52.282875" lon="-9.725614"><ele>14.2</ele></trkpt><trkpt lat="52.283" lon="-9.725764"><ele>14.3</ele></trkpt><trkpt lat="52.283185" lon="-9.726059"><ele>14.5</ele></trkpt><trkpt lat="52.283212" lon="-9.726194"><ele>14.5</ele></trkpt><trkpt lat="52.283308" lon="-9.726264"><ele>14.5</ele></trkpt><trkpt lat="52.283374" lon="-9.726226"><ele>14.5</ele></trkpt><trkpt lat="52.283553" lon="-9.726398"><ele>14.6</ele></trkpt><trkpt lat="52.283854" lon="-9.72675"><ele>14.5</ele></trkpt><trkpt lat="52.285219" lon="-9.72832"><ele>14</ele></trkpt><trkpt lat="52.285974" lon="-9.729195"><ele>14.6</ele></trkpt><trkpt lat="52.286037" lon="-9.729296"><ele>14.7</ele></trkpt><trkpt lat="52.286113" lon="-9.729432"><ele>14.9</ele></trkpt><trkpt lat="52.286266" lon="-9.729822"><ele>15.2</ele></trkpt><trkpt lat="52.286467" lon="-9.730372"><ele>15.7</ele></trkpt><trkpt lat="52.286577" lon="-9.730564"><ele>15.9</ele></trkpt><trkpt lat="52.286841" lon="-9.730886"><ele>16.2</ele></trkpt><trkpt lat="52.28756" lon="-9.731659"><ele>16.7</ele></trkpt><trkpt lat="52.287851" lon="-9.732092"><ele>16.9</ele></trkpt><trkpt lat="52.287882" lon="-9.732148"><ele>16.9</ele></trkpt><trkpt lat="52.288163" lon="-9.732774"><ele>17.2</ele></trkpt><trkpt lat="52.28836" lon="-9.733245"><ele>17.2</ele></trkpt><trkpt lat="52.288518" lon="-9.733503"><ele>17.3</ele></trkpt><trkpt lat="52.288635" lon="-9.733669"><ele>17.4</ele></trkpt><trkpt lat="52.28875" lon="-9.733853"><ele>17.5</ele></trkpt><trkpt lat="52.289049" lon="-9.7345"><ele>17.8</ele></trkpt><trkpt lat="52.28927" lon="-9.734921"><ele>18.1</ele></trkpt><trkpt lat="52.289372" lon="-9.735071"><ele>18.2</ele></trkpt><trkpt lat="52.289552" lon="-9.735358"><ele>18.4</ele></trkpt><trkpt lat="52.28984" lon="-9.73574"><ele>18.7</ele></trkpt><trkpt lat="52.29047" lon="-9.736547"><ele>19.3</ele></trkpt><trkpt lat="52.290706" lon="-9.736812"><ele>19.4</ele></trkpt><trkpt lat="52.29144" lon="-9.737489"><ele>19.8</ele></trkpt><trkpt lat="52.291688" lon="-9.737758"><ele>20.2</ele></trkpt><trkpt lat="52.291928" lon="-9.738041"><ele>20.8</ele></trkpt><trkpt lat="52.292433" lon="-9.738728"><ele>22.7</ele></trkpt><trkpt lat="52.292672" lon="-9.73899"><ele>23.6</ele></trkpt><trkpt lat="52.293326" lon="-9.739648"><ele>25.8</ele></trkpt><trkpt lat="52.293825" lon="-9.740371"><ele>26.5</ele></trkpt><trkpt lat="52.293975" lon="-9.740623"><ele>26.5</ele></trkpt><trkpt lat="52.294178" lon="-9.74096"><ele>26.5</ele></trkpt><trkpt lat="52.294261" lon="-9.741121"><ele>26.5</ele></trkpt><trkpt lat="52.294526" lon="-9.74171"><ele>26.2</ele></trkpt><trkpt lat="52.294714" lon="-9.742212"><ele>25.9</ele></trkpt><trkpt lat="52.295019" lon="-9.743295"><ele>25.4</ele></trkpt><trkpt lat="52.295116" lon="-9.743788"><ele>25.3</ele></trkpt><trkpt lat="52.295213" lon="-9.744368"><ele>25.2</ele></trkpt><trkpt lat="52.295319" lon="-9.74538"><ele>25.6</ele></trkpt><trkpt lat="52.295408" lon="-9.746796"><ele>26.6</ele></trkpt><trkpt lat="52.295418" lon="-9.746955"><ele>26.7</ele></trkpt><trkpt lat="52.29547" lon="-9.747782"><ele>27.4</ele></trkpt><trkpt lat="52.295819" lon="-9.753101"><ele>30.4</ele></trkpt><trkpt lat="52.295875" lon="-9.753483"><ele>30.8</ele></trkpt><trkpt lat="52.296083" lon="-9.754504"><ele>31.8</ele></trkpt><trkpt lat="52.296222" lon="-9.755002"><ele>32.3</ele></trkpt><trkpt lat="52.29647" lon="-9.755721"><ele>33.3</ele></trkpt><trkpt lat="52.296883" lon="-9.756695"><ele>34.9</ele></trkpt><trkpt lat="52.297316" lon="-9.757373"><ele>36.5</ele></trkpt><trkpt lat="52.297539" lon="-9.757614"><ele>37.3</ele></trkpt><trkpt lat="52.299758" lon="-9.759049"><ele>44.9</ele></trkpt><trkpt lat="52.302224" lon="-9.760701"><ele>49.2</ele></trkpt><trkpt lat="52.302682" lon="-9.760997"><ele>48.6</ele></trkpt><trkpt lat="52.305688" lon="-9.763083"><ele>38.4</ele></trkpt><trkpt lat="52.308579" lon="-9.76496"><ele>32.7</ele></trkpt><trkpt lat="52.30944" lon="-9.765559"><ele>31.2</ele></trkpt><trkpt lat="52.309659" lon="-9.765747"><ele>30.8</ele></trkpt><trkpt lat="52.312731" lon="-9.768571"><ele>27.5</ele></trkpt><trkpt lat="52.312818" lon="-9.768652"><ele>27.5</ele></trkpt><trkpt lat="52.314285" lon="-9.76996"><ele>27.5</ele></trkpt><trkpt lat="52.31869" lon="-9.774112"><ele>31.5</ele></trkpt><trkpt lat="52.31964" lon="-9.775047"><ele>31.4</ele></trkpt><trkpt lat="52.320762" lon="-9.775956"><ele>30</ele></trkpt><trkpt lat="52.32128" lon="-9.776416"><ele>28.7</ele></trkpt><trkpt lat="52.321835" lon="-9.777006"><ele>26.9</ele></trkpt><trkpt lat="52.322527" lon="-9.777678"><ele>24.8</ele></trkpt><trkpt lat="52.322791" lon="-9.777875"><ele>24.1</ele></trkpt><trkpt lat="52.323485" lon="-9.778243"><ele>22.6</ele></trkpt><trkpt lat="52.323639" lon="-9.778361"><ele>22.3</ele></trkpt><trkpt lat="52.323793" lon="-9.778531"><ele>21.9</ele></trkpt><trkpt lat="52.323866" lon="-9.778612"><ele>21.8</ele></trkpt><trkpt lat="52.323932" lon="-9.778678"><ele>21.6</ele></trkpt><trkpt lat="52.324127" lon="-9.778875"><ele>21.2</ele></trkpt><trkpt lat="52.324339" lon="-9.779068"><ele>20.9</ele></trkpt><trkpt lat="52.324519" lon="-9.779213"><ele>20.7</ele></trkpt><trkpt lat="52.324906" lon="-9.77942"><ele>20.2</ele></trkpt><trkpt lat="52.325016" lon="-9.779479"><ele>20.1</ele></trkpt><trkpt lat="52.325396" lon="-9.779685"><ele>19.8</ele></trkpt><trkpt lat="52.326825" lon="-9.78046"><ele>19.1</ele></trkpt><trkpt lat="52.326906" lon="-9.780606"><ele>19.1</ele></trkpt><trkpt lat="52.326981" lon="-9.780779"><ele>19</ele></trkpt><trkpt lat="52.327294" lon="-9.781302"><ele>18.8</ele></trkpt><trkpt lat="52.327986" lon="-9.782947"><ele>17.2</ele></trkpt><trkpt lat="52.328004" lon="-9.782989"><ele>17.1</ele></trkpt><trkpt lat="52.328136" lon="-9.783125"><ele>16.6</ele></trkpt><trkpt lat="52.328325" lon="-9.783422"><ele>15.7</ele></trkpt><trkpt lat="52.328529" lon="-9.783656"><ele>14.8</ele></trkpt><trkpt lat="52.328892" lon="-9.783878"><ele>13.3</ele></trkpt><trkpt lat="52.329105" lon="-9.783968"><ele>12.4</ele></trkpt><trkpt lat="52.329677" lon="-9.784201"><ele>10.3</ele></trkpt><trkpt lat="52.32991" lon="-9.784353"><ele>9.6</ele></trkpt><trkpt lat="52.330217" lon="-9.78472"><ele>8.9</ele></trkpt><trkpt lat="52.331922" lon="-9.787856"><ele>6.6</ele></trkpt><trkpt lat="52.332401" lon="-9.788956"><ele>6.1</ele></trkpt><trkpt lat="52.332496" lon="-9.789172"><ele>6</ele></trkpt><trkpt lat="52.332675" lon="-9.789583"><ele>5.9</ele></trkpt><trkpt lat="52.333258" lon="-9.79092"><ele>5.2</ele></trkpt><trkpt lat="52.333521" lon="-9.791538"><ele>4.9</ele></trkpt><trkpt lat="52.335556" lon="-9.796252"><ele>3.9</ele></trkpt><trkpt lat="52.336606" lon="-9.798696"><ele>4.8</ele></trkpt><trkpt lat="52.337483" lon="-9.800737"><ele>5</ele></trkpt><trkpt lat="52.338204" lon="-9.802401"><ele>4.6</ele></trkpt><trkpt lat="52.338666" lon="-9.803466"><ele>4.4</ele></trkpt><trkpt lat="52.340133" lon="-9.806851"><ele>5.1</ele></trkpt><trkpt lat="52.343626" lon="-9.812432"><ele>7.1</ele></trkpt><trkpt lat="52.344142" lon="-9.813251"><ele>6.7</ele></trkpt><trkpt lat="52.346268" lon="-9.816665"><ele>2.1</ele></trkpt><trkpt lat="52.346538" lon="-9.817268"><ele>1.8</ele></trkpt><trkpt lat="52.346725" lon="-9.817763"><ele>1.8</ele></trkpt><trkpt lat="52.347245" lon="-9.819547"><ele>2.7</ele></trkpt><trkpt lat="52.347386" lon="-9.819868"><ele>3</ele></trkpt><trkpt lat="52.347462" lon="-9.820011"><ele>3.2</ele></trkpt><trkpt lat="52.347773" lon="-9.820435"><ele>3.7</ele></trkpt><trkpt lat="52.348031" lon="-9.820633"><ele>4.2</ele></trkpt><trkpt lat="52.348379" lon="-9.820774"><ele>4.8</ele></trkpt><trkpt lat="52.348841" lon="-9.820796"><ele>5.5</ele></trkpt><trkpt lat="52.350219" lon="-9.820604"><ele>7.1</ele></trkpt><trkpt lat="52.350586" lon="-9.820644"><ele>7.3</ele></trkpt><trkpt lat="52.350915" lon="-9.820781"><ele>7.4</ele></trkpt><trkpt lat="52.351191" lon="-9.821002"><ele>7.3</ele></trkpt><trkpt lat="52.351484" lon="-9.821338"><ele>7.1</ele></trkpt><trkpt lat="52.352549" lon="-9.82257"><ele>6.4</ele></trkpt><trkpt lat="52.352825" lon="-9.822873"><ele>6.3</ele></trkpt><trkpt lat="52.352927" lon="-9.822956"><ele>6.3</ele></trkpt><trkpt lat="52.353054" lon="-9.82306"><ele>6.4</ele></trkpt><trkpt lat="52.353145" lon="-9.823116"><ele>6.4</ele></trkpt><trkpt lat="52.353585" lon="-9.823299"><ele>6.6</ele></trkpt><trkpt lat="52.354857" lon="-9.823515"><ele>7.3</ele></trkpt><trkpt lat="52.356464" lon="-9.823959"><ele>7.7</ele></trkpt><trkpt lat="52.357136" lon="-9.824097"><ele>7.8</ele></trkpt><trkpt lat="52.357669" lon="-9.824058"><ele>7.8</ele></trkpt><trkpt lat="52.360248" lon="-9.823463"><ele>6.6</ele></trkpt><trkpt lat="52.360779" lon="-9.823393"><ele>6.2</ele></trkpt><trkpt lat="52.361481" lon="-9.8234"><ele>5.4</ele></trkpt><trkpt lat="52.362685" lon="-9.823547"><ele>3.8</ele></trkpt><trkpt lat="52.363023" lon="-9.823473"><ele>3.5</ele></trkpt><trkpt lat="52.363205" lon="-9.823359"><ele>3.4</ele></trkpt><trkpt lat="52.363518" lon="-9.82301"><ele>3.2</ele></trkpt><trkpt lat="52.363657" lon="-9.822782"><ele>3.2</ele></trkpt><trkpt lat="52.363715" lon="-9.822637"><ele>3.2</ele></trkpt><trkpt lat="52.364115" lon="-9.821399"><ele>3.2</ele></trkpt><trkpt lat="52.364262" lon="-9.820982"><ele>3.1</ele></trkpt><trkpt lat="52.364476" lon="-9.82061"><ele>3</ele></trkpt><trkpt lat="52.364814" lon="-9.820281"><ele>3</ele></trkpt><trkpt lat="52.367596" lon="-9.818241"><ele>3.5</ele></trkpt><trkpt lat="52.368092" lon="-9.818048"><ele>3.5</ele></trkpt><trkpt lat="52.368254" lon="-9.81804"><ele>3.5</ele></trkpt><trkpt lat="52.368951" lon="-9.818139"><ele>3.6</ele></trkpt><trkpt lat="52.369563" lon="-9.818238"><ele>3.4</ele></trkpt><trkpt lat="52.36971" lon="-9.81827"><ele>3.4</ele></trkpt><trkpt lat="52.371075" lon="-9.818524"><ele>3</ele></trkpt><trkpt lat="52.371515" lon="-9.818604"><ele>2.8</ele></trkpt><trkpt lat="52.372196" lon="-9.818727"><ele>2.7</ele></trkpt><trkpt lat="52.374138" lon="-9.819075"><ele>2.1</ele></trkpt><trkpt lat="52.377484" lon="-9.819681"><ele>0.9</ele></trkpt><trkpt lat="52.377578" lon="-9.819716"><ele>0.9</ele></trkpt><trkpt lat="52.378047" lon="-9.820105"><ele>0.6</ele></trkpt><trkpt lat="52.378163" lon="-9.820204"><ele>0.6</ele></trkpt><trkpt lat="52.382148" lon="-9.823524"><ele>-0.1</ele></trkpt><trkpt lat="52.382615" lon="-9.823881"><ele>0</ele></trkpt><trkpt lat="52.383099" lon="-9.824178"><ele>0.1</ele></trkpt><trkpt lat="52.385823" lon="-9.825529"><ele>1</ele></trkpt><trkpt lat="52.386097" lon="-9.825655"><ele>1.1</ele></trkpt><trkpt lat="52.387914" lon="-9.82649"><ele>2.1</ele></trkpt><trkpt lat="52.388063" lon="-9.826559"><ele>2.3</ele></trkpt><trkpt lat="52.389136" lon="-9.827048"><ele>4</ele></trkpt><trkpt lat="52.389259" lon="-9.827102"><ele>4.3</ele></trkpt><trkpt lat="52.389939" lon="-9.827421"><ele>5.7</ele></trkpt><trkpt lat="52.390221" lon="-9.827565"><ele>6.1</ele></trkpt><trkpt lat="52.390434" lon="-9.827673"><ele>6.4</ele></trkpt><trkpt lat="52.389993" lon="-9.829602"><ele>6.5</ele></trkpt><trkpt lat="52.389798" lon="-9.830464"><ele>6.1</ele></trkpt><trkpt lat="52.389558" lon="-9.831528"><ele>5.9</ele></trkpt><trkpt lat="52.389345" lon="-9.832496"><ele>6</ele></trkpt><trkpt lat="52.389282" lon="-9.832783"><ele>6.1</ele></trkpt><trkpt lat="52.389218" lon="-9.833075"><ele>6.3</ele></trkpt><trkpt lat="52.389199" lon="-9.833163"><ele>6.3</ele></trkpt><trkpt lat="52.389135" lon="-9.833549"><ele>6.5</ele></trkpt><trkpt lat="52.389168" lon="-9.833968"><ele>6.6</ele></trkpt><trkpt lat="52.389255" lon="-9.834506"><ele>6.7</ele></trkpt><trkpt lat="52.389318" lon="-9.834691"><ele>6.7</ele></trkpt><trkpt lat="52.389406" lon="-9.834897"><ele>6.7</ele></trkpt><trkpt lat="52.389464" lon="-9.835019"><ele>6.7</ele></trkpt><trkpt lat="52.389406" lon="-9.834897"><ele>6.7</ele></trkpt><trkpt lat="52.389318" lon="-9.834691"><ele>6.7</ele></trkpt><trkpt lat="52.389255" lon="-9.834506"><ele>6.7</ele></trkpt><trkpt lat="52.389168" lon="-9.833968"><ele>6.6</ele></trkpt><trkpt lat="52.389135" lon="-9.833549"><ele>6.5</ele></trkpt><trkpt lat="52.389199" lon="-9.833163"><ele>6.3</ele></trkpt><trkpt lat="52.389218" lon="-9.833075"><ele>6.3</ele></trkpt><trkpt lat="52.389282" lon="-9.832783"><ele>6.1</ele></trkpt><trkpt lat="52.389345" lon="-9.832496"><ele>6</ele></trkpt><trkpt lat="52.389558" lon="-9.831528"><ele>5.9</ele></trkpt><trkpt lat="52.389798" lon="-9.830464"><ele>6.1</ele></trkpt><trkpt lat="52.389993" lon="-9.829602"><ele>6.5</ele></trkpt><trkpt lat="52.390434" lon="-9.827673"><ele>8.2</ele></trkpt><trkpt lat="52.390726" lon="-9.827707"><ele>8.9</ele></trkpt><trkpt lat="52.39098" lon="-9.827628"><ele>9.6</ele></trkpt><trkpt lat="52.391311" lon="-9.827459"><ele>10.6</ele></trkpt><trkpt lat="52.391623" lon="-9.827216"><ele>11.7</ele></trkpt><trkpt lat="52.392336" lon="-9.826665"><ele>14.5</ele></trkpt><trkpt lat="52.392511" lon="-9.8266"><ele>15.1</ele></trkpt><trkpt lat="52.392679" lon="-9.826591"><ele>15.7</ele></trkpt><trkpt lat="52.39287" lon="-9.826626"><ele>16.4</ele></trkpt><trkpt lat="52.393003" lon="-9.826672"><ele>16.9</ele></trkpt><trkpt lat="52.393027" lon="-9.826686"><ele>17</ele></trkpt><trkpt lat="52.394541" lon="-9.827502"><ele>22.1</ele></trkpt><trkpt lat="52.396414" lon="-9.828568"><ele>27.6</ele></trkpt><trkpt lat="52.397669" lon="-9.829281"><ele>33.7</ele></trkpt><trkpt lat="52.397962" lon="-9.829389"><ele>35</ele></trkpt><trkpt lat="52.398345" lon="-9.829352"><ele>36.4</ele></trkpt><trkpt lat="52.39866" lon="-9.829078"><ele>37.4</ele></trkpt><trkpt lat="52.39878" lon="-9.828866"><ele>37.7</ele></trkpt><trkpt lat="52.399379" lon="-9.827167"><ele>38.3</ele></trkpt><trkpt lat="52.399554" lon="-9.82657"><ele>38.5</ele></trkpt><trkpt lat="52.400477" lon="-9.823393"><ele>41</ele></trkpt><trkpt lat="52.400933" lon="-9.821791"><ele>42.5</ele></trkpt><trkpt lat="52.401159" lon="-9.820891"><ele>42.9</ele></trkpt><trkpt lat="52.401261" lon="-9.820485"><ele>42.9</ele></trkpt><trkpt lat="52.401284" lon="-9.820393"><ele>42.9</ele></trkpt><trkpt lat="52.401599" lon="-9.819132"><ele>42.5</ele></trkpt><trkpt lat="52.401812" lon="-9.818282"><ele>41.9</ele></trkpt><trkpt lat="52.402041" lon="-9.817369"><ele>40.9</ele></trkpt><trkpt lat="52.402088" lon="-9.817182"><ele>40.7</ele></trkpt><trkpt lat="52.402846" lon="-9.814381"><ele>36.2</ele></trkpt><trkpt lat="52.403161" lon="-9.813228"><ele>35.9</ele></trkpt><trkpt lat="52.403197" lon="-9.813029"><ele>36.1</ele></trkpt><trkpt lat="52.404547" lon="-9.814975"><ele>44.3</ele></trkpt><trkpt lat="52.404823" lon="-9.8153"><ele>45.6</ele></trkpt><trkpt lat="52.405028" lon="-9.815438"><ele>46.4</ele></trkpt><trkpt lat="52.407942" lon="-9.817017"><ele>49.1</ele></trkpt><trkpt lat="52.409026" lon="-9.817653"><ele>51.2</ele></trkpt><trkpt lat="52.410164" lon="-9.818268"><ele>53.1</ele></trkpt><trkpt lat="52.411499" lon="-9.819045"><ele>53.5</ele></trkpt><trkpt lat="52.411611" lon="-9.819082"><ele>53.4</ele></trkpt><trkpt lat="52.411765" lon="-9.819089"><ele>53.3</ele></trkpt><trkpt lat="52.412814" lon="-9.818885"><ele>52.6</ele></trkpt><trkpt lat="52.413102" lon="-9.818898"><ele>52.4</ele></trkpt><trkpt lat="52.414788" lon="-9.820077"><ele>51.7</ele></trkpt><trkpt lat="52.415491" lon="-9.820249"><ele>51.3</ele></trkpt><trkpt lat="52.415604" lon="-9.820296"><ele>51.2</ele></trkpt><trkpt lat="52.415684" lon="-9.820398"><ele>51.1</ele></trkpt><trkpt lat="52.415814" lon="-9.820224"><ele>51</ele></trkpt><trkpt lat="52.416081" lon="-9.819684"><ele>50.8</ele></trkpt><trkpt lat="52.416173" lon="-9.819594"><ele>50.8</ele></trkpt><trkpt lat="52.41628" lon="-9.819557"><ele>50.7</ele></trkpt><trkpt lat="52.416745" lon="-9.819572"><ele>50.6</ele></trkpt><trkpt lat="52.417161" lon="-9.819629"><ele>50.6</ele></trkpt><trkpt lat="52.41787" lon="-9.81989"><ele>51.1</ele></trkpt><trkpt lat="52.418065" lon="-9.81991"><ele>51.4</ele></trkpt><trkpt lat="52.4182" lon="-9.819804"><ele>51.6</ele></trkpt><trkpt lat="52.419089" lon="-9.818148"><ele>54.7</ele></trkpt><trkpt lat="52.419173" lon="-9.817868"><ele>55.1</ele></trkpt><trkpt lat="52.419238" lon="-9.817394"><ele>55.7</ele></trkpt><trkpt lat="52.419479" lon="-9.815673"><ele>56.9</ele></trkpt><trkpt lat="52.419544" lon="-9.815429"><ele>57</ele></trkpt><trkpt lat="52.420221" lon="-9.813858"><ele>57.7</ele></trkpt><trkpt lat="52.421249" lon="-9.811476"><ele>59.1</ele></trkpt><trkpt lat="52.421424" lon="-9.810859"><ele>59.3</ele></trkpt><trkpt lat="52.422468" lon="-9.807728"><ele>59.5</ele></trkpt><trkpt lat="52.422624" lon="-9.807452"><ele>59.5</ele></trkpt><trkpt lat="52.422914" lon="-9.807138"><ele>59.5</ele></trkpt><trkpt lat="52.427235" lon="-9.803204"><ele>60.2</ele></trkpt><trkpt lat="52.428398" lon="-9.802145"><ele>61.3</ele></trkpt><trkpt lat="52.429262" lon="-9.801359"><ele>62.2</ele></trkpt><trkpt lat="52.429417" lon="-9.801218"><ele>62.4</ele></trkpt><trkpt lat="52.429831" lon="-9.800841"><ele>62.9</ele></trkpt><trkpt lat="52.43009" lon="-9.800605"><ele>63.2</ele></trkpt><trkpt lat="52.430955" lon="-9.799794"><ele>64.1</ele></trkpt><trkpt lat="52.431876" lon="-9.798455"><ele>64</ele></trkpt><trkpt lat="52.431953" lon="-9.798268"><ele>64</ele></trkpt><trkpt lat="52.432467" lon="-9.795439"><ele>62.6</ele></trkpt><trkpt lat="52.432544" lon="-9.795252"><ele>62.4</ele></trkpt><trkpt lat="52.432692" lon="-9.795116"><ele>62.1</ele></trkpt><trkpt lat="52.432752" lon="-9.795061"><ele>62</ele></trkpt><trkpt lat="52.432982" lon="-9.79485"><ele>61.4</ele></trkpt><trkpt lat="52.433207" lon="-9.794649"><ele>60.7</ele></trkpt><trkpt lat="52.433516" lon="-9.794402"><ele>59.6</ele></trkpt><trkpt lat="52.435999" lon="-9.792415"><ele>45.6</ele></trkpt><trkpt lat="52.436341" lon="-9.792154"><ele>44.3</ele></trkpt><trkpt lat="52.436744" lon="-9.791847"><ele>43.5</ele></trkpt><trkpt lat="52.437909" lon="-9.78663"><ele>48.8</ele></trkpt><trkpt lat="52.437957" lon="-9.786392"><ele>49</ele></trkpt><trkpt lat="52.437979" lon="-9.786131"><ele>49.3</ele></trkpt><trkpt lat="52.43798" lon="-9.78332"><ele>51.1</ele></trkpt><trkpt lat="52.438033" lon="-9.782892"><ele>51.2</ele></trkpt><trkpt lat="52.438202" lon="-9.781906"><ele>51.4</ele></trkpt><trkpt lat="52.4383" lon="-9.781463"><ele>51.4</ele></trkpt><trkpt lat="52.438628" lon="-9.779644"><ele>51.9</ele></trkpt><trkpt lat="52.438945" lon="-9.778284"><ele>53.2</ele></trkpt><trkpt lat="52.439141" lon="-9.777441"><ele>54.1</ele></trkpt><trkpt lat="52.439662" lon="-9.77488"><ele>55.8</ele></trkpt><trkpt lat="52.439823" lon="-9.774041"><ele>56</ele></trkpt><trkpt lat="52.440093" lon="-9.772429"><ele>56.4</ele></trkpt><trkpt lat="52.440184" lon="-9.771821"><ele>56.8</ele></trkpt><trkpt lat="52.440203" lon="-9.771561"><ele>57.1</ele></trkpt><trkpt lat="52.440158" lon="-9.770133"><ele>59.1</ele></trkpt><trkpt lat="52.440048" lon="-9.769125"><ele>60.7</ele></trkpt><trkpt lat="52.439803" lon="-9.767243"><ele>62.7</ele></trkpt><trkpt lat="52.439482" lon="-9.764292"><ele>64.3</ele></trkpt><trkpt lat="52.439415" lon="-9.763608"><ele>64.4</ele></trkpt><trkpt lat="52.439428" lon="-9.763381"><ele>64.5</ele></trkpt><trkpt lat="52.439536" lon="-9.763051"><ele>64.4</ele></trkpt><trkpt lat="52.439843" lon="-9.762359"><ele>64.1</ele></trkpt><trkpt lat="52.44" lon="-9.761993"><ele>63.8</ele></trkpt><trkpt lat="52.44245" lon="-9.757821"><ele>56.4</ele></trkpt><trkpt lat="52.444851" lon="-9.753714"><ele>45.5</ele></trkpt><trkpt lat="52.446031" lon="-9.751715"><ele>39.7</ele></trkpt><trkpt lat="52.44613" lon="-9.751544"><ele>39.5</ele></trkpt><trkpt lat="52.448797" lon="-9.746951"><ele>49</ele></trkpt><trkpt lat="52.450403" lon="-9.74414"><ele>52.5</ele></trkpt><trkpt lat="52.451189" lon="-9.742613"><ele>53.7</ele></trkpt><trkpt lat="52.451787" lon="-9.740873"><ele>56.1</ele></trkpt><trkpt lat="52.452338" lon="-9.739142"><ele>59.9</ele></trkpt><trkpt lat="52.452486" lon="-9.738724"><ele>60.9</ele></trkpt><trkpt lat="52.452878" lon="-9.738225"><ele>62.3</ele></trkpt><trkpt lat="52.453008" lon="-9.738019"><ele>62.8</ele></trkpt><trkpt lat="52.453169" lon="-9.737622"><ele>63.6</ele></trkpt><trkpt lat="52.45415" lon="-9.735611"><ele>66.4</ele></trkpt><trkpt lat="52.454426" lon="-9.735054"><ele>66.8</ele></trkpt><trkpt lat="52.455174" lon="-9.733786"><ele>66.7</ele></trkpt><trkpt lat="52.457438" lon="-9.73016"><ele>61.7</ele></trkpt><trkpt lat="52.458739" lon="-9.72802"><ele>61.9</ele></trkpt><trkpt lat="52.458829" lon="-9.727875"><ele>61.9</ele></trkpt><trkpt lat="52.45932" lon="-9.727011"><ele>62.1</ele></trkpt><trkpt lat="52.459918" lon="-9.725959"><ele>62</ele></trkpt><trkpt lat="52.460558" lon="-9.724758"><ele>61.3</ele></trkpt><trkpt lat="52.460945" lon="-9.723731"><ele>60.7</ele></trkpt><trkpt lat="52.46117" lon="-9.723032"><ele>60.6</ele></trkpt><trkpt lat="52.461293" lon="-9.722553"><ele>60.5</ele></trkpt><trkpt lat="52.46195" lon="-9.718598"><ele>62.5</ele></trkpt><trkpt lat="52.46241" lon="-9.715786"><ele>65.2</ele></trkpt><trkpt lat="52.462588" lon="-9.714388"><ele>66.3</ele></trkpt><trkpt lat="52.462909" lon="-9.711858"><ele>67.7</ele></trkpt><trkpt lat="52.463007" lon="-9.711096"><ele>68.1</ele></trkpt><trkpt lat="52.463491" lon="-9.707244"><ele>70.5</ele></trkpt><trkpt lat="52.463525" lon="-9.705392"><ele>71.3</ele></trkpt><trkpt lat="52.46354" lon="-9.703544"><ele>70.9</ele></trkpt><trkpt lat="52.463271" lon="-9.69943"><ele>66.9</ele></trkpt><trkpt lat="52.462915" lon="-9.694336"><ele>61</ele></trkpt><trkpt lat="52.462727" lon="-9.691388"><ele>56.7</ele></trkpt><trkpt lat="52.46263" lon="-9.689805"><ele>55.9</ele></trkpt><trkpt lat="52.462252" lon="-9.683392"><ele>58.4</ele></trkpt><trkpt lat="52.462088" lon="-9.681726"><ele>58.6</ele></trkpt><trkpt lat="52.461692" lon="-9.679144"><ele>57</ele></trkpt><trkpt lat="52.461677" lon="-9.679077"><ele>57</ele></trkpt><trkpt lat="52.46056" lon="-9.673901"><ele>50.8</ele></trkpt><trkpt lat="52.459702" lon="-9.669961"><ele>47.7</ele></trkpt><trkpt lat="52.458574" lon="-9.66464"><ele>40.9</ele></trkpt><trkpt lat="52.457965" lon="-9.661871"><ele>39.2</ele></trkpt><trkpt lat="52.457972" lon="-9.661857"><ele>39.3</ele></trkpt><trkpt lat="52.458001" lon="-9.661795"><ele>39.3</ele></trkpt><trkpt lat="52.458287" lon="-9.661114"><ele>39.8</ele></trkpt><trkpt lat="52.459017" lon="-9.659384"><ele>41.4</ele></trkpt><trkpt lat="52.459131" lon="-9.659106"><ele>41.4</ele></trkpt><trkpt lat="52.459283" lon="-9.658738"><ele>41.2</ele></trkpt><trkpt lat="52.45966" lon="-9.657916"><ele>40</ele></trkpt><trkpt lat="52.460684" lon="-9.655529"><ele>32.3</ele></trkpt><trkpt lat="52.461633" lon="-9.653427"><ele>24.6</ele></trkpt><trkpt lat="52.46183" lon="-9.652987"><ele>23.1</ele></trkpt><trkpt lat="52.461859" lon="-9.652922"><ele>22.9</ele></trkpt><trkpt lat="52.462583" lon="-9.651315"><ele>19.1</ele></trkpt><trkpt lat="52.462634" lon="-9.65119"><ele>18.9</ele></trkpt><trkpt lat="52.464071" lon="-9.647983"><ele>20.5</ele></trkpt><trkpt lat="52.464302" lon="-9.647466"><ele>20.6</ele></trkpt><trkpt lat="52.464982" lon="-9.645946"><ele>19.2</ele></trkpt><trkpt lat="52.465229" lon="-9.645314"><ele>17.5</ele></trkpt><trkpt lat="52.466069" lon="-9.642779"><ele>9</ele></trkpt><trkpt lat="52.46687" lon="-9.640252"><ele>2.7</ele></trkpt><trkpt lat="52.467038" lon="-9.639721"><ele>1.9</ele></trkpt><trkpt lat="52.46767" lon="-9.637742"><ele>0.3</ele></trkpt><trkpt lat="52.468004" lon="-9.636698"><ele>0</ele></trkpt><trkpt lat="52.468789" lon="-9.634483"><ele>0.2</ele></trkpt><trkpt lat="52.468951" lon="-9.634027"><ele>0.2</ele></trkpt><trkpt lat="52.469107" lon="-9.633587"><ele>0.3</ele></trkpt><trkpt lat="52.469123" lon="-9.633539"><ele>0.3</ele></trkpt><trkpt lat="52.469449" lon="-9.632573"><ele>0.3</ele></trkpt><trkpt lat="52.469487" lon="-9.632461"><ele>0.2</ele></trkpt><trkpt lat="52.469765" lon="-9.631762"><ele>0.2</ele></trkpt><trkpt lat="52.469955" lon="-9.631421"><ele>0.1</ele></trkpt><trkpt lat="52.470742" lon="-9.630299"><ele>0</ele></trkpt><trkpt lat="52.4722" lon="-9.62836"><ele>0.8</ele></trkpt><trkpt lat="52.472397" lon="-9.628115"><ele>0.9</ele></trkpt><trkpt lat="52.473173" lon="-9.627147"><ele>1.3</ele></trkpt><trkpt lat="52.473546" lon="-9.626696"><ele>1.5</ele></trkpt><trkpt lat="52.474039" lon="-9.626231"><ele>1.7</ele></trkpt><trkpt lat="52.474472" lon="-9.625839"><ele>1.9</ele></trkpt><trkpt lat="52.474694" lon="-9.625638"><ele>2</ele></trkpt><trkpt lat="52.474833" lon="-9.625513"><ele>2</ele></trkpt><trkpt lat="52.475376" lon="-9.625022"><ele>2</ele></trkpt><trkpt lat="52.475659" lon="-9.624766"><ele>2</ele></trkpt><trkpt lat="52.475813" lon="-9.624636"><ele>1.9</ele></trkpt><trkpt lat="52.476217" lon="-9.624295"><ele>1.8</ele></trkpt><trkpt lat="52.476625" lon="-9.623949"><ele>1.6</ele></trkpt><trkpt lat="52.477434" lon="-9.623194"><ele>1.7</ele></trkpt><trkpt lat="52.478186" lon="-9.622611"><ele>2.2</ele></trkpt><trkpt lat="52.478597" lon="-9.622392"><ele>2.7</ele></trkpt><trkpt lat="52.47885" lon="-9.6223"><ele>3</ele></trkpt><trkpt lat="52.478919" lon="-9.622278"><ele>3.1</ele></trkpt><trkpt lat="52.478925" lon="-9.62211"><ele>3.2</ele></trkpt><trkpt lat="52.478977" lon="-9.621962"><ele>3.4</ele></trkpt><trkpt lat="52.479261" lon="-9.621617"><ele>3.8</ele></trkpt><trkpt lat="52.479479" lon="-9.621302"><ele>4</ele></trkpt><trkpt lat="52.479707" lon="-9.620907"><ele>4.3</ele></trkpt><trkpt lat="52.481003" lon="-9.618468"><ele>5.5</ele></trkpt><trkpt lat="52.481707" lon="-9.617273"><ele>6.9</ele></trkpt><trkpt lat="52.482015" lon="-9.616748"><ele>7.6</ele></trkpt><trkpt lat="52.482816" lon="-9.615737"><ele>8.6</ele></trkpt><trkpt lat="52.483311" lon="-9.61516"><ele>8.9</ele></trkpt><trkpt lat="52.483681" lon="-9.614662"><ele>8.8</ele></trkpt><trkpt lat="52.484156" lon="-9.613954"><ele>8.5</ele></trkpt><trkpt lat="52.484937" lon="-9.612861"><ele>8.3</ele></trkpt><trkpt lat="52.485542" lon="-9.612125"><ele>8.8</ele></trkpt><trkpt lat="52.485955" lon="-9.611619"><ele>9.4</ele></trkpt><trkpt lat="52.486222" lon="-9.611234"><ele>9.8</ele></trkpt><trkpt lat="52.486337" lon="-9.611013"><ele>10</ele></trkpt><trkpt lat="52.486525" lon="-9.610371"><ele>10.3</ele></trkpt><trkpt lat="52.486597" lon="-9.609664"><ele>10.6</ele></trkpt><trkpt lat="52.487058" lon="-9.600189"><ele>12.5</ele></trkpt><trkpt lat="52.4871" lon="-9.599224"><ele>12.8</ele></trkpt><trkpt lat="52.487527" lon="-9.589785"><ele>18.6</ele></trkpt><trkpt lat="52.487935" lon="-9.581983"><ele>22.1</ele></trkpt><trkpt lat="52.488101" lon="-9.578808"><ele>23.5</ele></trkpt><trkpt lat="52.488117" lon="-9.578486"><ele>23.7</ele></trkpt><trkpt lat="52.488203" lon="-9.576919"><ele>24.7</ele></trkpt><trkpt lat="52.488307" lon="-9.576678"><ele>24.8</ele></trkpt><trkpt lat="52.488207" lon="-9.576459"><ele>25</ele></trkpt><trkpt lat="52.48818" lon="-9.576401"><ele>25</ele></trkpt><trkpt lat="52.48798" lon="-9.575978"><ele>25.3</ele></trkpt><trkpt lat="52.488123" lon="-9.575779"><ele>25.4</ele></trkpt><trkpt lat="52.488225" lon="-9.575547"><ele>25.5</ele></trkpt><trkpt lat="52.488275" lon="-9.575033"><ele>25.7</ele></trkpt><trkpt lat="52.48843" lon="-9.572121"><ele>27.6</ele></trkpt><trkpt lat="52.488444" lon="-9.571819"><ele>28</ele></trkpt><trkpt lat="52.488573" lon="-9.568944"><ele>32</ele></trkpt><trkpt lat="52.488686" lon="-9.566221"><ele>34.7</ele></trkpt><trkpt lat="52.488774" lon="-9.564227"><ele>36.5</ele></trkpt><trkpt lat="52.48885" lon="-9.56277"><ele>37</ele></trkpt><trkpt lat="52.488985" lon="-9.560034"><ele>37.1</ele></trkpt><trkpt lat="52.489027" lon="-9.559655"><ele>37.3</ele></trkpt><trkpt lat="52.490729" lon="-9.556038"><ele>42.1</ele></trkpt><trkpt lat="52.49168" lon="-9.553945"><ele>46.1</ele></trkpt><trkpt lat="52.493411" lon="-9.549994"><ele>52.7</ele></trkpt><trkpt lat="52.494141" lon="-9.548499"><ele>55.5</ele></trkpt><trkpt lat="52.494522" lon="-9.547804"><ele>57.2</ele></trkpt><trkpt lat="52.495225" lon="-9.54662"><ele>60.7</ele></trkpt><trkpt lat="52.495981" lon="-9.545121"><ele>65.1</ele></trkpt><trkpt lat="52.496321" lon="-9.544389"><ele>67</ele></trkpt><trkpt lat="52.49696" lon="-9.54265"><ele>70.7</ele></trkpt><trkpt lat="52.497052" lon="-9.542387"><ele>71.2</ele></trkpt><trkpt lat="52.497165" lon="-9.542023"><ele>71.9</ele></trkpt><trkpt lat="52.497582" lon="-9.540575"><ele>74</ele></trkpt><trkpt lat="52.497722" lon="-9.539804"><ele>74.5</ele></trkpt><trkpt lat="52.499124" lon="-9.531916"><ele>69.7</ele></trkpt><trkpt lat="52.499566" lon="-9.529384"><ele>67.2</ele></trkpt><trkpt lat="52.50062" lon="-9.523317"><ele>58</ele></trkpt><trkpt lat="52.500855" lon="-9.521954"><ele>57.1</ele></trkpt><trkpt lat="52.500971" lon="-9.521422"><ele>56.7</ele></trkpt><trkpt lat="52.501058" lon="-9.521082"><ele>56.4</ele></trkpt><trkpt lat="52.501274" lon="-9.520602"><ele>55.7</ele></trkpt><trkpt lat="52.501598" lon="-9.520114"><ele>54.8</ele></trkpt><trkpt lat="52.503925" lon="-9.51722"><ele>47.4</ele></trkpt><trkpt lat="52.504083" lon="-9.517023"><ele>47.1</ele></trkpt><trkpt lat="52.506065" lon="-9.51455"><ele>45.5</ele></trkpt><trkpt lat="52.507486" lon="-9.512765"><ele>43.1</ele></trkpt><trkpt lat="52.508981" lon="-9.510947"><ele>41.3</ele></trkpt><trkpt lat="52.50909" lon="-9.510782"><ele>41.2</ele></trkpt><trkpt lat="52.509097" lon="-9.510604"><ele>41.1</ele></trkpt><trkpt lat="52.509211" lon="-9.510548"><ele>41.1</ele></trkpt><trkpt lat="52.509324" lon="-9.510438"><ele>41</ele></trkpt><trkpt lat="52.509687" lon="-9.509966"><ele>40.8</ele></trkpt><trkpt lat="52.510414" lon="-9.509074"><ele>39.9</ele></trkpt><trkpt lat="52.511424" lon="-9.507816"><ele>37.9</ele></trkpt><trkpt lat="52.511636" lon="-9.507544"><ele>37.5</ele></trkpt><trkpt lat="52.512988" lon="-9.505808"><ele>36.4</ele></trkpt><trkpt lat="52.513086" lon="-9.505683"><ele>36.4</ele></trkpt><trkpt lat="52.513353" lon="-9.505344"><ele>36.4</ele></trkpt><trkpt lat="52.513703" lon="-9.5049"><ele>36.4</ele></trkpt><trkpt lat="52.514127" lon="-9.504366"><ele>36.3</ele></trkpt><trkpt lat="52.518712" lon="-9.49855"><ele>29.2</ele></trkpt><trkpt lat="52.518928" lon="-9.498279"><ele>29.2</ele></trkpt><trkpt lat="52.519072" lon="-9.498099"><ele>29.2</ele></trkpt><trkpt lat="52.519192" lon="-9.497948"><ele>29.2</ele></trkpt><trkpt lat="52.519365" lon="-9.497729"><ele>29.3</ele></trkpt><trkpt lat="52.519591" lon="-9.497441"><ele>29.4</ele></trkpt><trkpt lat="52.523045" lon="-9.493056"><ele>29.3</ele></trkpt><trkpt lat="52.523609" lon="-9.492341"><ele>28.4</ele></trkpt><trkpt lat="52.525343" lon="-9.490143"><ele>24.2</ele></trkpt><trkpt lat="52.527122" lon="-9.488895"><ele>19.4</ele></trkpt><trkpt lat="52.52857" lon="-9.487875"><ele>17.3</ele></trkpt><trkpt lat="52.532482" lon="-9.485169"><ele>10.4</ele></trkpt><trkpt lat="52.533169" lon="-9.484636"><ele>10.2</ele></trkpt><trkpt lat="52.533251" lon="-9.484568"><ele>10.2</ele></trkpt><trkpt lat="52.533892" lon="-9.484102"><ele>10.5</ele></trkpt><trkpt lat="52.533912" lon="-9.484088"><ele>10.5</ele></trkpt><trkpt lat="52.534908" lon="-9.483364"><ele>10.2</ele></trkpt><trkpt lat="52.535545" lon="-9.482912"><ele>9.2</ele></trkpt><trkpt lat="52.536179" lon="-9.482463"><ele>8.2</ele></trkpt><trkpt lat="52.538891" lon="-9.480555"><ele>6.8</ele></trkpt><trkpt lat="52.541912" lon="-9.478424"><ele>5</ele></trkpt><trkpt lat="52.541946" lon="-9.4784"><ele>5</ele></trkpt><trkpt lat="52.543697" lon="-9.47714"><ele>5.8</ele></trkpt><trkpt lat="52.544607" lon="-9.476505"><ele>5.4</ele></trkpt><trkpt lat="52.545214" lon="-9.476052"><ele>4.7</ele></trkpt><trkpt lat="52.545462" lon="-9.475905"><ele>4.4</ele></trkpt><trkpt lat="52.545532" lon="-9.475865"><ele>4.3</ele></trkpt><trkpt lat="52.546188" lon="-9.47559"><ele>3.6</ele></trkpt><trkpt lat="52.546183" lon="-9.475556"><ele>3.6</ele></trkpt><trkpt lat="52.547043" lon="-9.47521"><ele>2.9</ele></trkpt><trkpt lat="52.547308" lon="-9.475045"><ele>2.8</ele></trkpt><trkpt lat="52.547814" lon="-9.474826"><ele>2.8</ele></trkpt><trkpt lat="52.550024" lon="-9.47294"><ele>4.8</ele></trkpt><trkpt lat="52.552833" lon="-9.470344"><ele>5.2</ele></trkpt><trkpt lat="52.553362" lon="-9.469862"><ele>5.2</ele></trkpt><trkpt lat="52.553517" lon="-9.469636"><ele>5.1</ele></trkpt><trkpt lat="52.553698" lon="-9.469177"><ele>5.1</ele></trkpt><trkpt lat="52.553818" lon="-9.468987"><ele>5.1</ele></trkpt><trkpt lat="52.554555" lon="-9.468846"><ele>4.9</ele></trkpt><trkpt lat="52.555578" lon="-9.468583"><ele>4.7</ele></trkpt><trkpt lat="52.555906" lon="-9.468256"><ele>4.7</ele></trkpt><trkpt lat="52.556149" lon="-9.468066"><ele>4.7</ele></trkpt><trkpt lat="52.556807" lon="-9.467328"><ele>4.8</ele></trkpt><trkpt lat="52.55689" lon="-9.467231"><ele>4.9</ele></trkpt><trkpt lat="52.557199" lon="-9.466959"><ele>4.9</ele></trkpt><trkpt lat="52.558155" lon="-9.466373"><ele>5</ele></trkpt><trkpt lat="52.558949" lon="-9.465997"><ele>4.8</ele></trkpt><trkpt lat="52.55956" lon="-9.465781"><ele>5.1</ele></trkpt><trkpt lat="52.559797" lon="-9.465685"><ele>5.3</ele></trkpt><trkpt lat="52.559817" lon="-9.465673"><ele>5.4</ele></trkpt><trkpt lat="52.560079" lon="-9.465356"><ele>5.9</ele></trkpt><trkpt lat="52.560838" lon="-9.464028"><ele>8.3</ele></trkpt><trkpt lat="52.564131" lon="-9.458445"><ele>15</ele></trkpt><trkpt lat="52.565447" lon="-9.456201"><ele>15</ele></trkpt><trkpt lat="52.567135" lon="-9.453323"><ele>14.6</ele></trkpt><trkpt lat="52.567713" lon="-9.452335"><ele>14.7</ele></trkpt><trkpt lat="52.567782" lon="-9.452216"><ele>14.7</ele></trkpt><trkpt lat="52.569233" lon="-9.449737"><ele>15.5</ele></trkpt><trkpt lat="52.569483" lon="-9.449311"><ele>16.2</ele></trkpt><trkpt lat="52.569589" lon="-9.44913"><ele>16.5</ele></trkpt><trkpt lat="52.570551" lon="-9.447487"><ele>19.7</ele></trkpt><trkpt lat="52.570623" lon="-9.447364"><ele>19.9</ele></trkpt><trkpt lat="52.571447" lon="-9.445957"><ele>21</ele></trkpt><trkpt lat="52.571905" lon="-9.445176"><ele>21.1</ele></trkpt><trkpt lat="52.572374" lon="-9.444395"><ele>21.4</ele></trkpt><trkpt lat="52.572572" lon="-9.444069"><ele>21.3</ele></trkpt><trkpt lat="52.572762" lon="-9.443656"><ele>21.2</ele></trkpt><trkpt lat="52.573261" lon="-9.442297"><ele>20.9</ele></trkpt><trkpt lat="52.573411" lon="-9.441744"><ele>20.7</ele></trkpt><trkpt lat="52.57363" lon="-9.440613"><ele>20.5</ele></trkpt><trkpt lat="52.573718" lon="-9.440003"><ele>20.5</ele></trkpt><trkpt lat="52.573759" lon="-9.439702"><ele>20.5</ele></trkpt><trkpt lat="52.573786" lon="-9.439473"><ele>20.5</ele></trkpt><trkpt lat="52.573839" lon="-9.438824"><ele>20.7</ele></trkpt><trkpt lat="52.573796" lon="-9.437189"><ele>21.7</ele></trkpt><trkpt lat="52.57382" lon="-9.436254"><ele>22.6</ele></trkpt><trkpt lat="52.573766" lon="-9.435427"><ele>23.2</ele></trkpt><trkpt lat="52.573755" lon="-9.435265"><ele>23.3</ele></trkpt><trkpt lat="52.573762" lon="-9.434318"><ele>23.4</ele></trkpt><trkpt lat="52.573769" lon="-9.433833"><ele>23.4</ele></trkpt><trkpt lat="52.573798" lon="-9.432447"><ele>23.3</ele></trkpt><trkpt lat="52.573769" lon="-9.431985"><ele>23.3</ele></trkpt><trkpt lat="52.57372" lon="-9.431664"><ele>23.3</ele></trkpt><trkpt lat="52.573521" lon="-9.430228"><ele>24.1</ele></trkpt><trkpt lat="52.573297" lon="-9.4291"><ele>24.7</ele></trkpt><trkpt lat="52.573269" lon="-9.428949"><ele>24.8</ele></trkpt><trkpt lat="52.573234" lon="-9.428764"><ele>25</ele></trkpt><trkpt lat="52.573138" lon="-9.428246"><ele>25.3</ele></trkpt><trkpt lat="52.57274" lon="-9.426598"><ele>25.8</ele></trkpt><trkpt lat="52.572613" lon="-9.426046"><ele>25.8</ele></trkpt><trkpt lat="52.572259" lon="-9.423993"><ele>25.7</ele></trkpt><trkpt lat="52.572205" lon="-9.423149"><ele>25.7</ele></trkpt><trkpt lat="52.572247" lon="-9.42269"><ele>25.8</ele></trkpt><trkpt lat="52.572497" lon="-9.421571"><ele>26.5</ele></trkpt><trkpt lat="52.572563" lon="-9.421018"><ele>26.9</ele></trkpt><trkpt lat="52.572927" lon="-9.419377"><ele>28.5</ele></trkpt><trkpt lat="52.572949" lon="-9.419123"><ele>28.8</ele></trkpt><trkpt lat="52.57293" lon="-9.418895"><ele>29</ele></trkpt><trkpt lat="52.572679" lon="-9.417801"><ele>29.9</ele></trkpt><trkpt lat="52.5726" lon="-9.417239"><ele>30.4</ele></trkpt><trkpt lat="52.572574" lon="-9.4167"><ele>30.8</ele></trkpt><trkpt lat="52.572598" lon="-9.416334"><ele>31.1</ele></trkpt><trkpt lat="52.572632" lon="-9.415809"><ele>31.5</ele></trkpt><trkpt lat="52.572647" lon="-9.414403"><ele>32.5</ele></trkpt><trkpt lat="52.572594" lon="-9.412349"><ele>33.7</ele></trkpt><trkpt lat="52.572454" lon="-9.410149"><ele>35.7</ele></trkpt><trkpt lat="52.572297" lon="-9.408259"><ele>38.2</ele></trkpt><trkpt lat="52.57214" lon="-9.406064"><ele>41</ele></trkpt><trkpt lat="52.572138" lon="-9.406039"><ele>41</ele></trkpt><trkpt lat="52.572151" lon="-9.405019"><ele>40.7</ele></trkpt><trkpt lat="52.572185" lon="-9.404363"><ele>39.6</ele></trkpt><trkpt lat="52.572256" lon="-9.403566"><ele>37.6</ele></trkpt><trkpt lat="52.572185" lon="-9.403151"><ele>36.3</ele></trkpt><trkpt lat="52.571919" lon="-9.40211"><ele>32.8</ele></trkpt><trkpt lat="52.571773" lon="-9.401246"><ele>30.6</ele></trkpt><trkpt lat="52.571703" lon="-9.400586"><ele>29.4</ele></trkpt><trkpt lat="52.571695" lon="-9.400072"><ele>28.6</ele></trkpt><trkpt lat="52.571731" lon="-9.399819"><ele>28.3</ele></trkpt><trkpt lat="52.571789" lon="-9.399603"><ele>28.1</ele></trkpt><trkpt lat="52.572236" lon="-9.398732"><ele>27.3</ele></trkpt><trkpt lat="52.57264" lon="-9.397896"><ele>27.2</ele></trkpt><trkpt lat="52.572787" lon="-9.397488"><ele>27.2</ele></trkpt><trkpt lat="52.572915" lon="-9.396888"><ele>27.3</ele></trkpt><trkpt lat="52.572996" lon="-9.396496"><ele>27.4</ele></trkpt><trkpt lat="52.573449" lon="-9.39432"><ele>27.8</ele></trkpt><trkpt lat="52.573531" lon="-9.393809"><ele>27.6</ele></trkpt><trkpt lat="52.573573" lon="-9.393166"><ele>27.1</ele></trkpt><trkpt lat="52.573612" lon="-9.390032"><ele>22.6</ele></trkpt><trkpt lat="52.573721" lon="-9.38618"><ele>16.6</ele></trkpt><trkpt lat="52.57375" lon="-9.385249"><ele>15.2</ele></trkpt><trkpt lat="52.573773" lon="-9.384499"><ele>13.9</ele></trkpt><trkpt lat="52.573778" lon="-9.384265"><ele>13.5</ele></trkpt><trkpt lat="52.573814" lon="-9.382161"><ele>9.8</ele></trkpt><trkpt lat="52.573823" lon="-9.381651"><ele>9</ele></trkpt><trkpt lat="52.573828" lon="-9.381348"><ele>8.6</ele></trkpt><trkpt lat="52.573838" lon="-9.380784"><ele>7.9</ele></trkpt><trkpt lat="52.573788" lon="-9.380288"><ele>7.5</ele></trkpt><trkpt lat="52.573588" lon="-9.379445"><ele>7</ele></trkpt><trkpt lat="52.573339" lon="-9.378571"><ele>6.7</ele></trkpt><trkpt lat="52.573106" lon="-9.37789"><ele>6.2</ele></trkpt><trkpt lat="52.573065" lon="-9.377761"><ele>6.1</ele></trkpt><trkpt lat="52.572977" lon="-9.377621"><ele>5.9</ele></trkpt><trkpt lat="52.57298" lon="-9.377509"><ele>5.8</ele></trkpt><trkpt lat="52.572984" lon="-9.377392"><ele>5.7</ele></trkpt><trkpt lat="52.572887" lon="-9.376855"><ele>5.1</ele></trkpt><trkpt lat="52.573176" lon="-9.376681"><ele>4.6</ele></trkpt><trkpt lat="52.573316" lon="-9.376602"><ele>4.3</ele></trkpt><trkpt lat="52.573368" lon="-9.376573"><ele>4.2</ele></trkpt><trkpt lat="52.573417" lon="-9.376537"><ele>4.1</ele></trkpt><trkpt lat="52.573448" lon="-9.376508"><ele>4</ele></trkpt><trkpt lat="52.573476" lon="-9.376481"><ele>3.9</ele></trkpt><trkpt lat="52.573571" lon="-9.376305"><ele>3.6</ele></trkpt><trkpt lat="52.573636" lon="-9.376108"><ele>3.2</ele></trkpt><trkpt lat="52.573684" lon="-9.375963"><ele>3</ele></trkpt><trkpt lat="52.573778" lon="-9.37567"><ele>2.5</ele></trkpt><trkpt lat="52.573827" lon="-9.375518"><ele>2.2</ele></trkpt><trkpt lat="52.573947" lon="-9.374903"><ele>1.6</ele></trkpt><trkpt lat="52.574023" lon="-9.37454"><ele>1.4</ele></trkpt><trkpt lat="52.574099" lon="-9.374308"><ele>1.3</ele></trkpt><trkpt lat="52.574239" lon="-9.374118"><ele>1.1</ele></trkpt><trkpt lat="52.574854" lon="-9.373657"><ele>0.6</ele></trkpt><trkpt lat="52.574993" lon="-9.373493"><ele>0.6</ele></trkpt><trkpt lat="52.575293" lon="-9.372987"><ele>0.6</ele></trkpt><trkpt lat="52.57548" lon="-9.372587"><ele>0.6</ele></trkpt><trkpt lat="52.575623" lon="-9.372224"><ele>0.6</ele></trkpt><trkpt lat="52.575806" lon="-9.371538"><ele>0.6</ele></trkpt><trkpt lat="52.576131" lon="-9.369955"><ele>0.4</ele></trkpt><trkpt lat="52.576353" lon="-9.369271"><ele>0.4</ele></trkpt><trkpt lat="52.576548" lon="-9.368564"><ele>0.4</ele></trkpt><trkpt lat="52.576649" lon="-9.368308"><ele>0.4</ele></trkpt><trkpt lat="52.57693" lon="-9.367828"><ele>0.5</ele></trkpt><trkpt lat="52.577328" lon="-9.3674"><ele>0.7</ele></trkpt><trkpt lat="52.577634" lon="-9.367133"><ele>0.9</ele></trkpt><trkpt lat="52.578052" lon="-9.366902"><ele>1.1</ele></trkpt><trkpt lat="52.578288" lon="-9.366757"><ele>1.2</ele></trkpt><trkpt lat="52.578684" lon="-9.366425"><ele>1.3</ele></trkpt><trkpt lat="52.578905" lon="-9.36622"><ele>1.3</ele></trkpt><trkpt lat="52.579294" lon="-9.365745"><ele>1.2</ele></trkpt><trkpt lat="52.579479" lon="-9.365563"><ele>1</ele></trkpt><trkpt lat="52.580007" lon="-9.365179"><ele>0.8</ele></trkpt><trkpt lat="52.580499" lon="-9.364733"><ele>0.6</ele></trkpt><trkpt lat="52.581434" lon="-9.364461"><ele>0.8</ele></trkpt><trkpt lat="52.582206" lon="-9.36414"><ele>1.3</ele></trkpt><trkpt lat="52.582398" lon="-9.364003"><ele>1.5</ele></trkpt><trkpt lat="52.582829" lon="-9.363594"><ele>2.4</ele></trkpt><trkpt lat="52.583046" lon="-9.36357"><ele>2.8</ele></trkpt><trkpt lat="52.583177" lon="-9.363606"><ele>3.1</ele></trkpt><trkpt lat="52.583663" lon="-9.36392"><ele>4</ele></trkpt><trkpt lat="52.584094" lon="-9.364384"><ele>4.5</ele></trkpt><trkpt lat="52.584271" lon="-9.364635"><ele>4.4</ele></trkpt><trkpt lat="52.584659" lon="-9.365344"><ele>3.5</ele></trkpt><trkpt lat="52.584761" lon="-9.365447"><ele>3.3</ele></trkpt><trkpt lat="52.585016" lon="-9.365514"><ele>2.7</ele></trkpt><trkpt lat="52.585189" lon="-9.365521"><ele>2.2</ele></trkpt><trkpt lat="52.585398" lon="-9.365481"><ele>1.8</ele></trkpt><trkpt lat="52.586237" lon="-9.365244"><ele>0.5</ele></trkpt><trkpt lat="52.586612" lon="-9.365019"><ele>0.5</ele></trkpt><trkpt lat="52.586677" lon="-9.36495"><ele>0.5</ele></trkpt><trkpt lat="52.586742" lon="-9.364862"><ele>0.5</ele></trkpt><trkpt lat="52.58679" lon="-9.364749"><ele>0.5</ele></trkpt><trkpt lat="52.586812" lon="-9.364584"><ele>0.4</ele></trkpt><trkpt lat="52.586866" lon="-9.364017"><ele>0.4</ele></trkpt><trkpt lat="52.586913" lon="-9.363482"><ele>0.5</ele></trkpt><trkpt lat="52.586996" lon="-9.362542"><ele>0.5</ele></trkpt><trkpt lat="52.587015" lon="-9.362317"><ele>0.4</ele></trkpt><trkpt lat="52.587054" lon="-9.36174"><ele>0.4</ele></trkpt><trkpt lat="52.587054" lon="-9.361407"><ele>0.3</ele></trkpt><trkpt lat="52.58702" lon="-9.361043"><ele>0.3</ele></trkpt><trkpt lat="52.587027" lon="-9.360943"><ele>0.3</ele></trkpt><trkpt lat="52.587031" lon="-9.360889"><ele>0.3</ele></trkpt><trkpt lat="52.58706" lon="-9.360736"><ele>0.4</ele></trkpt><trkpt lat="52.587346" lon="-9.360098"><ele>0.6</ele></trkpt><trkpt lat="52.587357" lon="-9.359952"><ele>0.7</ele></trkpt><trkpt lat="52.587357" lon="-9.359952"><ele>0.7</ele></trkpt><trkpt lat="52.58744" lon="-9.359784"><ele>0.8</ele></trkpt><trkpt lat="52.587434" lon="-9.359796"><ele>0.8</ele></trkpt><trkpt lat="52.58743" lon="-9.35979"><ele>0.8</ele></trkpt><trkpt lat="52.58743" lon="-9.35978"><ele>0.8</ele></trkpt><trkpt lat="52.588229" lon="-9.360374"><ele>1</ele></trkpt><trkpt lat="52.589027" lon="-9.360969"><ele>0.9</ele></trkpt><trkpt lat="52.589826" lon="-9.361563"><ele>0.4</ele></trkpt><trkpt lat="52.590624" lon="-9.362157"><ele>0.2</ele></trkpt><trkpt lat="52.591423" lon="-9.362752"><ele>0</ele></trkpt><trkpt lat="52.592221" lon="-9.363346"><ele>0</ele></trkpt><trkpt lat="52.59302" lon="-9.363941"><ele>0</ele></trkpt><trkpt lat="52.593818" lon="-9.364535"><ele>0</ele></trkpt><trkpt lat="52.594617" lon="-9.365129"><ele>0</ele></trkpt><trkpt lat="52.595415" lon="-9.365724"><ele>0</ele></trkpt><trkpt lat="52.596214" lon="-9.366318"><ele>0</ele></trkpt><trkpt lat="52.597012" lon="-9.366912"><ele>0</ele></trkpt><trkpt lat="52.597811" lon="-9.367507"><ele>0</ele></trkpt><trkpt lat="52.598609" lon="-9.368101"><ele>0</ele></trkpt><trkpt lat="52.599408" lon="-9.368696"><ele>0</ele></trkpt><trkpt lat="52.600206" lon="-9.36929"><ele>0</ele></trkpt><trkpt lat="52.601005" lon="-9.369884"><ele>0</ele></trkpt><trkpt lat="52.601803" lon="-9.370479"><ele>0</ele></trkpt><trkpt lat="52.602602" lon="-9.371073"><ele>0</ele></trkpt><trkpt lat="52.6034" lon="-9.371668"><ele>0</ele></trkpt><trkpt lat="52.604199" lon="-9.372263"><ele>0</ele></trkpt><trkpt lat="52.604997" lon="-9.372857"><ele>0</ele></trkpt><trkpt lat="52.605796" lon="-9.373452"><ele>0</ele></trkpt><trkpt lat="52.606594" lon="-9.374047"><ele>0</ele></trkpt><trkpt lat="52.607393" lon="-9.374642"><ele>0</ele></trkpt><trkpt lat="52.608191" lon="-9.375236"><ele>0</ele></trkpt><trkpt lat="52.608242" lon="-9.375092"><ele>0</ele></trkpt><trkpt lat="52.6105" lon="-9.377264"><ele>0</ele></trkpt><trkpt lat="52.610586" lon="-9.377021"><ele>0</ele></trkpt><trkpt lat="52.611385" lon="-9.377616"><ele>0</ele></trkpt><trkpt lat="52.612183" lon="-9.37821"><ele>0</ele></trkpt><trkpt lat="52.612982" lon="-9.378805"><ele>0</ele></trkpt><trkpt lat="52.61378" lon="-9.3794"><ele>0</ele></trkpt><trkpt lat="52.613734" lon="-9.379567"><ele>0.1</ele></trkpt><trkpt lat="52.614486" lon="-9.380128"><ele>0.8</ele></trkpt><trkpt lat="52.614467" lon="-9.380197"><ele>0.9</ele></trkpt><trkpt lat="52.615153" lon="-9.380993"><ele>3.3</ele></trkpt><trkpt lat="52.61584" lon="-9.38179"><ele>7.8</ele></trkpt><trkpt lat="52.61584" lon="-9.381787"><ele>7.8</ele></trkpt><trkpt lat="52.617276" lon="-9.381851"><ele>14.8</ele></trkpt><trkpt lat="52.617275" lon="-9.382051"><ele>14.9</ele></trkpt><trkpt lat="52.617265" lon="-9.382883"><ele>14.3</ele></trkpt><trkpt lat="52.61715" lon="-9.383888"><ele>11.7</ele></trkpt><trkpt lat="52.616938" lon="-9.38485"><ele>8.7</ele></trkpt><trkpt lat="52.616785" lon="-9.385377"><ele>7.4</ele></trkpt><trkpt lat="52.616351" lon="-9.386624"><ele>7.8</ele></trkpt><trkpt lat="52.61632" lon="-9.386755"><ele>8.1</ele></trkpt><trkpt lat="52.616244" lon="-9.387199"><ele>8.9</ele></trkpt><trkpt lat="52.61624" lon="-9.387552"><ele>9.7</ele></trkpt><trkpt lat="52.61627" lon="-9.387875"><ele>10.5</ele></trkpt><trkpt lat="52.616364" lon="-9.388296"><ele>11.8</ele></trkpt><trkpt lat="52.616573" lon="-9.388966"><ele>13.9</ele></trkpt><trkpt lat="52.616822" lon="-9.389737"><ele>15.4</ele></trkpt><trkpt lat="52.617202" lon="-9.391148"><ele>17.6</ele></trkpt><trkpt lat="52.617707" lon="-9.392961"><ele>20.4</ele></trkpt><trkpt lat="52.61788" lon="-9.393714"><ele>21.4</ele></trkpt><trkpt lat="52.61797" lon="-9.394512"><ele>22.3</ele></trkpt><trkpt lat="52.617985" lon="-9.394918"><ele>22.7</ele></trkpt><trkpt lat="52.617969" lon="-9.395727"><ele>23.8</ele></trkpt><trkpt lat="52.617937" lon="-9.396198"><ele>24.5</ele></trkpt><trkpt lat="52.617891" lon="-9.396479"><ele>25.1</ele></trkpt><trkpt lat="52.617337" lon="-9.39853"><ele>30.2</ele></trkpt><trkpt lat="52.616774" lon="-9.400841"><ele>35.8</ele></trkpt><trkpt lat="52.616415" lon="-9.402998"><ele>39.9</ele></trkpt><trkpt lat="52.616174" lon="-9.404755"><ele>43.2</ele></trkpt><trkpt lat="52.616109" lon="-9.405049"><ele>43.8</ele></trkpt><trkpt lat="52.615107" lon="-9.407968"><ele>51.9</ele></trkpt><trkpt lat="52.615006" lon="-9.408321"><ele>52.5</ele></trkpt><trkpt lat="52.614937" lon="-9.408719"><ele>53</ele></trkpt><trkpt lat="52.614815" lon="-9.409318"><ele>53.1</ele></trkpt><trkpt lat="52.614607" lon="-9.409966"><ele>52.3</ele></trkpt><trkpt lat="52.61453" lon="-9.410287"><ele>51.6</ele></trkpt><trkpt lat="52.614348" lon="-9.411412"><ele>48.3</ele></trkpt><trkpt lat="52.61429" lon="-9.411894"><ele>46.6</ele></trkpt><trkpt lat="52.614252" lon="-9.413807"><ele>40.6</ele></trkpt><trkpt lat="52.614127" lon="-9.414909"><ele>38.7</ele></trkpt><trkpt lat="52.614042" lon="-9.416678"><ele>37.8</ele></trkpt><trkpt lat="52.614039" lon="-9.416773"><ele>37.8</ele></trkpt><trkpt lat="52.614005" lon="-9.417347"><ele>37.7</ele></trkpt><trkpt lat="52.613839" lon="-9.419097"><ele>36.9</ele></trkpt><trkpt lat="52.613556" lon="-9.420236"><ele>35.6</ele></trkpt><trkpt lat="52.613457" lon="-9.420777"><ele>34.8</ele></trkpt><trkpt lat="52.612684" lon="-9.426836"><ele>23.9</ele></trkpt><trkpt lat="52.612103" lon="-9.431029"><ele>16.9</ele></trkpt><trkpt lat="52.612076" lon="-9.431183"><ele>16.7</ele></trkpt><trkpt lat="52.612025" lon="-9.431504"><ele>16.1</ele></trkpt><trkpt lat="52.612001" lon="-9.43166"><ele>15.8</ele></trkpt><trkpt lat="52.611429" lon="-9.435626"><ele>7.1</ele></trkpt><trkpt lat="52.611253" lon="-9.436924"><ele>3.8</ele></trkpt><trkpt lat="52.611242" lon="-9.437123"><ele>3.4</ele></trkpt><trkpt lat="52.611276" lon="-9.437422"><ele>2.7</ele></trkpt><trkpt lat="52.611317" lon="-9.437549"><ele>2.5</ele></trkpt><trkpt lat="52.611443" lon="-9.437765"><ele>1.9</ele></trkpt><trkpt lat="52.611691" lon="-9.43803"><ele>1.2</ele></trkpt><trkpt lat="52.612299" lon="-9.43858"><ele>0.5</ele></trkpt><trkpt lat="52.613243" lon="-9.43954"><ele>0.4</ele></trkpt><trkpt lat="52.613674" lon="-9.440115"><ele>0.4</ele></trkpt><trkpt lat="52.613834" lon="-9.440364"><ele>0.4</ele></trkpt><trkpt lat="52.614053" lon="-9.440784"><ele>0.5</ele></trkpt><trkpt lat="52.614508" lon="-9.441907"><ele>0.5</ele></trkpt><trkpt lat="52.61484" lon="-9.442906"><ele>0.9</ele></trkpt><trkpt lat="52.614904" lon="-9.44325"><ele>1.1</ele></trkpt><trkpt lat="52.614938" lon="-9.443578"><ele>1.2</ele></trkpt><trkpt lat="52.614992" lon="-9.444778"><ele>2</ele></trkpt><trkpt lat="52.614956" lon="-9.446148"><ele>2.7</ele></trkpt><trkpt lat="52.61486" lon="-9.448262"><ele>2.4</ele></trkpt><trkpt lat="52.614866" lon="-9.449104"><ele>2.1</ele></trkpt><trkpt lat="52.614999" lon="-9.4517"><ele>1.7</ele></trkpt><trkpt lat="52.615098" lon="-9.452349"><ele>2.3</ele></trkpt><trkpt lat="52.61528" lon="-9.452987"><ele>3.3</ele></trkpt><trkpt lat="52.61552" lon="-9.453538"><ele>4.6</ele></trkpt><trkpt lat="52.616186" lon="-9.454825"><ele>8.4</ele></trkpt><trkpt lat="52.617508" lon="-9.457638"><ele>16.7</ele></trkpt><trkpt lat="52.618233" lon="-9.459117"><ele>21.1</ele></trkpt><trkpt lat="52.618367" lon="-9.459348"><ele>21.5</ele></trkpt><trkpt lat="52.618715" lon="-9.459873"><ele>22.1</ele></trkpt><trkpt lat="52.621879" lon="-9.464212"><ele>11.5</ele></trkpt><trkpt lat="52.624254" lon="-9.467459"><ele>14.6</ele></trkpt><trkpt lat="52.62594" lon="-9.469782"><ele>16.8</ele></trkpt><trkpt lat="52.628018" lon="-9.472617"><ele>22.8</ele></trkpt><trkpt lat="52.630141" lon="-9.474604"><ele>22.9</ele></trkpt><trkpt lat="52.630652" lon="-9.475199"><ele>21.5</ele></trkpt><trkpt lat="52.631064" lon="-9.475904"><ele>19.7</ele></trkpt><trkpt lat="52.631385" lon="-9.476491"><ele>18.2</ele></trkpt><trkpt lat="52.632292" lon="-9.478073"><ele>15.1</ele></trkpt><trkpt lat="52.632817" lon="-9.478978"><ele>14</ele></trkpt><trkpt lat="52.63284" lon="-9.479009"><ele>14</ele></trkpt><trkpt lat="52.634287" lon="-9.480891"><ele>11.7</ele></trkpt><trkpt lat="52.634459" lon="-9.481044"><ele>11.3</ele></trkpt><trkpt lat="52.634507" lon="-9.481076"><ele>11.1</ele></trkpt><trkpt lat="52.636024" lon="-9.481402"><ele>6.4</ele></trkpt><trkpt lat="52.636144" lon="-9.481431"><ele>6.2</ele></trkpt><trkpt lat="52.636254" lon="-9.481452"><ele>6.1</ele></trkpt><trkpt lat="52.636583" lon="-9.481525"><ele>6</ele></trkpt><trkpt lat="52.636632" lon="-9.481536"><ele>6.1</ele></trkpt><trkpt lat="52.636784" lon="-9.481563"><ele>6.2</ele></trkpt><trkpt lat="52.637101" lon="-9.48162"><ele>6.7</ele></trkpt><trkpt lat="52.637633" lon="-9.481709"><ele>8</ele></trkpt><trkpt lat="52.637617" lon="-9.483719"><ele>11.3</ele></trkpt><trkpt lat="52.63763" lon="-9.484088"><ele>11.7</ele></trkpt><trkpt lat="52.637605" lon="-9.484282"><ele>11.9</ele></trkpt><trkpt lat="52.637637" lon="-9.484424"><ele>12</ele></trkpt><trkpt lat="52.637683" lon="-9.484489"><ele>12.1</ele></trkpt><trkpt lat="52.637851" lon="-9.484575"><ele>12.4</ele></trkpt><trkpt lat="52.637978" lon="-9.484632"><ele>12.5</ele></trkpt><trkpt lat="52.638046" lon="-9.484606"><ele>12.6</ele></trkpt><trkpt lat="52.638104" lon="-9.484552"><ele>12.7</ele></trkpt><trkpt lat="52.638161" lon="-9.48439"><ele>12.8</ele></trkpt><trkpt lat="52.638286" lon="-9.484473"><ele>12.9</ele></trkpt><trkpt lat="52.639562" lon="-9.485122"><ele>13.2</ele></trkpt><trkpt lat="52.640276" lon="-9.485509"><ele>13.4</ele></trkpt><trkpt lat="52.640551" lon="-9.485729"><ele>13.7</ele></trkpt><trkpt lat="52.640626" lon="-9.485829"><ele>13.8</ele></trkpt><trkpt lat="52.640689" lon="-9.485912"><ele>14</ele></trkpt><trkpt lat="52.64108" lon="-9.486491"><ele>15.3</ele></trkpt><trkpt lat="52.641763" lon="-9.487938"><ele>19.4</ele></trkpt><trkpt lat="52.641799" lon="-9.488015"><ele>19.6</ele></trkpt><trkpt lat="52.642128" lon="-9.488724"><ele>21.8</ele></trkpt><trkpt lat="52.642253" lon="-9.489061"><ele>22.8</ele></trkpt><trkpt lat="52.642325" lon="-9.489335"><ele>23.5</ele></trkpt><trkpt lat="52.642389" lon="-9.48984"><ele>24.6</ele></trkpt><trkpt lat="52.642312" lon="-9.491044"><ele>27.3</ele></trkpt><trkpt lat="52.642324" lon="-9.491462"><ele>28.3</ele></trkpt><trkpt lat="52.642409" lon="-9.491942"><ele>29.6</ele></trkpt><trkpt lat="52.64251" lon="-9.492223"><ele>30.5</ele></trkpt><trkpt lat="52.642645" lon="-9.492458"><ele>31.3</ele></trkpt><trkpt lat="52.64284" lon="-9.492674"><ele>32.4</ele></trkpt><trkpt lat="52.642969" lon="-9.492762"><ele>33</ele></trkpt><trkpt lat="52.643178" lon="-9.49284"><ele>34</ele></trkpt><trkpt lat="52.643378" lon="-9.492823"><ele>35</ele></trkpt><trkpt lat="52.644247" lon="-9.492762"><ele>38.7</ele></trkpt><trkpt lat="52.644496" lon="-9.492812"><ele>39.4</ele></trkpt><trkpt lat="52.644708" lon="-9.492951"><ele>39.9</ele></trkpt><trkpt lat="52.644987" lon="-9.493348"><ele>40.5</ele></trkpt><trkpt lat="52.645203" lon="-9.493962"><ele>40.7</ele></trkpt><trkpt lat="52.645299" lon="-9.494286"><ele>40.6</ele></trkpt><trkpt lat="52.645422" lon="-9.494691"><ele>40.3</ele></trkpt><trkpt lat="52.645446" lon="-9.49477"><ele>40.3</ele></trkpt><trkpt lat="52.645595" lon="-9.495263"><ele>39.9</ele></trkpt><trkpt lat="52.645603" lon="-9.49529"><ele>39.8</ele></trkpt><trkpt lat="52.645737" lon="-9.495739"><ele>39.4</ele></trkpt><trkpt lat="52.64585" lon="-9.49612"><ele>38.9</ele></trkpt><trkpt lat="52.645966" lon="-9.49651"><ele>38.4</ele></trkpt><trkpt lat="52.646084" lon="-9.496906"><ele>37.9</ele></trkpt><trkpt lat="52.646099" lon="-9.496959"><ele>37.8</ele></trkpt><trkpt lat="52.646336" lon="-9.497754"><ele>36.7</ele></trkpt><trkpt lat="52.646491" lon="-9.498276"><ele>36</ele></trkpt><trkpt lat="52.64672" lon="-9.499044"><ele>35</ele></trkpt><trkpt lat="52.64692" lon="-9.499718"><ele>34.3</ele></trkpt><trkpt lat="52.647118" lon="-9.500385"><ele>33.6</ele></trkpt><trkpt lat="52.647165" lon="-9.500541"><ele>33.4</ele></trkpt><trkpt lat="52.648603" lon="-9.505486"><ele>27.6</ele></trkpt><trkpt lat="52.648645" lon="-9.505631"><ele>27.5</ele></trkpt><trkpt lat="52.64882" lon="-9.506224"><ele>27</ele></trkpt><trkpt lat="52.648896" lon="-9.50648"><ele>26.9</ele></trkpt><trkpt lat="52.649003" lon="-9.506841"><ele>26.7</ele></trkpt><trkpt lat="52.65012" lon="-9.510721"><ele>26.6</ele></trkpt><trkpt lat="52.650125" lon="-9.510747"><ele>26.6</ele></trkpt><trkpt lat="52.651292" lon="-9.514765"><ele>25.9</ele></trkpt><trkpt lat="52.651358" lon="-9.514992"><ele>25.8</ele></trkpt><trkpt lat="52.651491" lon="-9.515449"><ele>25.6</ele></trkpt><trkpt lat="52.651602" lon="-9.51583"><ele>25.4</ele></trkpt><trkpt lat="52.651774" lon="-9.516413"><ele>24.9</ele></trkpt><trkpt lat="52.652211" lon="-9.517888"><ele>23.3</ele></trkpt><trkpt lat="52.652235" lon="-9.517969"><ele>23.2</ele></trkpt><trkpt lat="52.652269" lon="-9.518087"><ele>23</ele></trkpt><trkpt lat="52.652478" lon="-9.518805"><ele>22.3</ele></trkpt><trkpt lat="52.652928" lon="-9.520331"><ele>21.1</ele></trkpt><trkpt lat="52.653242" lon="-9.521291"><ele>20.6</ele></trkpt><trkpt lat="52.653344" lon="-9.521551"><ele>20.4</ele></trkpt><trkpt lat="52.653578" lon="-9.521934"><ele>19.9</ele></trkpt><trkpt lat="52.653896" lon="-9.522305"><ele>19.4</ele></trkpt><trkpt lat="52.654617" lon="-9.522981"><ele>17.8</ele></trkpt><trkpt lat="52.655192" lon="-9.523603"><ele>16.6</ele></trkpt><trkpt lat="52.657736" lon="-9.526578"><ele>12.4</ele></trkpt><trkpt lat="52.658419" lon="-9.527377"><ele>11</ele></trkpt><trkpt lat="52.659282" lon="-9.528387"><ele>8.9</ele></trkpt><trkpt lat="52.659342" lon="-9.528473"><ele>8.8</ele></trkpt><trkpt lat="52.659755" lon="-9.528927"><ele>7.9</ele></trkpt><trkpt lat="52.663034" lon="-9.532769"><ele>5.1</ele></trkpt><trkpt lat="52.663687" lon="-9.533532"><ele>4.5</ele></trkpt><trkpt lat="52.664064" lon="-9.533969"><ele>4.1</ele></trkpt><trkpt lat="52.66732" lon="-9.537745"><ele>2.6</ele></trkpt><trkpt lat="52.667557" lon="-9.537963"><ele>2.5</ele></trkpt><trkpt lat="52.667977" lon="-9.538254"><ele>2.4</ele></trkpt><trkpt lat="52.668102" lon="-9.538343"><ele>2.4</ele></trkpt><trkpt lat="52.669092" lon="-9.539038"><ele>2.7</ele></trkpt><trkpt lat="52.669757" lon="-9.539494"><ele>2.8</ele></trkpt><trkpt lat="52.670207" lon="-9.539788"><ele>2.7</ele></trkpt><trkpt lat="52.670938" lon="-9.540258"><ele>2.2</ele></trkpt><trkpt lat="52.671082" lon="-9.540344"><ele>2.1</ele></trkpt><trkpt lat="52.671613" lon="-9.540639"><ele>1.8</ele></trkpt><trkpt lat="52.671924" lon="-9.540831"><ele>1.8</ele></trkpt><trkpt lat="52.672128" lon="-9.540957"><ele>1.8</ele></trkpt><trkpt lat="52.672457" lon="-9.541159"><ele>1.9</ele></trkpt><trkpt lat="52.672644" lon="-9.541276"><ele>2</ele></trkpt><trkpt lat="52.672747" lon="-9.541342"><ele>2</ele></trkpt><trkpt lat="52.67286" lon="-9.541414"><ele>2.1</ele></trkpt><trkpt lat="52.673107" lon="-9.541587"><ele>2.4</ele></trkpt><trkpt lat="52.673378" lon="-9.541859"><ele>2.7</ele></trkpt><trkpt lat="52.6737" lon="-9.542302"><ele>3.2</ele></trkpt><trkpt lat="52.67396" lon="-9.542759"><ele>3.6</ele></trkpt><trkpt lat="52.674229" lon="-9.543398"><ele>4.1</ele></trkpt><trkpt lat="52.674415" lon="-9.544087"><ele>4.5</ele></trkpt><trkpt lat="52.67453" lon="-9.544777"><ele>4.8</ele></trkpt><trkpt lat="52.674574" lon="-9.545569"><ele>5.3</ele></trkpt><trkpt lat="52.674528" lon="-9.546369"><ele>5.9</ele></trkpt><trkpt lat="52.674242" lon="-9.548989"><ele>9</ele></trkpt><trkpt lat="52.674033" lon="-9.551023"><ele>11.4</ele></trkpt><trkpt lat="52.67398" lon="-9.551533"><ele>11.9</ele></trkpt><trkpt lat="52.673505" lon="-9.556252"><ele>15.6</ele></trkpt><trkpt lat="52.673413" lon="-9.557219"><ele>16.3</ele></trkpt><trkpt lat="52.67312" lon="-9.560289"><ele>18.3</ele></trkpt><trkpt lat="52.673089" lon="-9.560617"><ele>18.5</ele></trkpt><trkpt lat="52.672642" lon="-9.565286"><ele>20.3</ele></trkpt><trkpt lat="52.672573" lon="-9.566288"><ele>20.8</ele></trkpt><trkpt lat="52.672538" lon="-9.566914"><ele>21</ele></trkpt><trkpt lat="52.67252" lon="-9.567233"><ele>21</ele></trkpt><trkpt lat="52.672491" lon="-9.56778"><ele>21</ele></trkpt><trkpt lat="52.672322" lon="-9.571929"><ele>19.4</ele></trkpt><trkpt lat="52.672306" lon="-9.57233"><ele>19.3</ele></trkpt><trkpt lat="52.672288" lon="-9.572767"><ele>19.3</ele></trkpt><trkpt lat="52.672207" lon="-9.575235"><ele>19.7</ele></trkpt><trkpt lat="52.672059" lon="-9.579867"><ele>21.5</ele></trkpt><trkpt lat="52.672056" lon="-9.579987"><ele>21.5</ele></trkpt><trkpt lat="52.671971" lon="-9.579998"><ele>21.4</ele></trkpt><trkpt lat="52.671113" lon="-9.580931"><ele>20.7</ele></trkpt><trkpt lat="52.67049" lon="-9.581659"><ele>19.8</ele></trkpt><trkpt lat="52.669779" lon="-9.58258"><ele>18.2</ele></trkpt><trkpt lat="52.669671" lon="-9.582724"><ele>17.9</ele></trkpt><trkpt lat="52.669219" lon="-9.583313"><ele>16.3</ele></trkpt><trkpt lat="52.669037" lon="-9.583599"><ele>15.3</ele></trkpt><trkpt lat="52.668616" lon="-9.584536"><ele>12.2</ele></trkpt><trkpt lat="52.668381" lon="-9.585276"><ele>9.9</ele></trkpt><trkpt lat="52.66827" lon="-9.585823"><ele>8.4</ele></trkpt><trkpt lat="52.668229" lon="-9.586144"><ele>7.5</ele></trkpt><trkpt lat="52.668059" lon="-9.587824"><ele>4.2</ele></trkpt><trkpt lat="52.668059" lon="-9.588101"><ele>3.7</ele></trkpt><trkpt lat="52.668146" lon="-9.588689"><ele>2.9</ele></trkpt><trkpt lat="52.667938" lon="-9.588736"><ele>2.5</ele></trkpt><trkpt lat="52.667903" lon="-9.588744"><ele>2.4</ele></trkpt><trkpt lat="52.667681" lon="-9.588806"><ele>2.1</ele></trkpt><trkpt lat="52.66681" lon="-9.589058"><ele>1</ele></trkpt><trkpt lat="52.664824" lon="-9.589573"><ele>1.2</ele></trkpt><trkpt lat="52.663156" lon="-9.589885"><ele>3.4</ele></trkpt><trkpt lat="52.662909" lon="-9.589996"><ele>4</ele></trkpt><trkpt lat="52.662804" lon="-9.590218"><ele>4.4</ele></trkpt><trkpt lat="52.662516" lon="-9.591464"><ele>6.2</ele></trkpt><trkpt lat="52.662135" lon="-9.593642"><ele>8.1</ele></trkpt><trkpt lat="52.660954" lon="-9.59871"><ele>10.4</ele></trkpt><trkpt lat="52.660485" lon="-9.601987"><ele>11.4</ele></trkpt><trkpt lat="52.66037" lon="-9.603113"><ele>12</ele></trkpt><trkpt lat="52.660307" lon="-9.603374"><ele>12.1</ele></trkpt><trkpt lat="52.65987" lon="-9.607573"><ele>11.5</ele></trkpt><trkpt lat="52.659805" lon="-9.609461"><ele>12.1</ele></trkpt><trkpt lat="52.659753" lon="-9.611907"><ele>13.9</ele></trkpt><trkpt lat="52.659831" lon="-9.613559"><ele>15</ele></trkpt><trkpt lat="52.659857" lon="-9.615725"><ele>17.2</ele></trkpt><trkpt lat="52.659866" lon="-9.615839"><ele>17.4</ele></trkpt><trkpt lat="52.660012" lon="-9.616835"><ele>18.5</ele></trkpt><trkpt lat="52.660806" lon="-9.621599"><ele>22.5</ele></trkpt><trkpt lat="52.660898" lon="-9.622679"><ele>23.3</ele></trkpt><trkpt lat="52.660975" lon="-9.624066"><ele>23.6</ele></trkpt><trkpt lat="52.660963" lon="-9.625082"><ele>23.3</ele></trkpt><trkpt lat="52.660898" lon="-9.625962"><ele>23.1</ele></trkpt><trkpt lat="52.660703" lon="-9.627249"><ele>23.7</ele></trkpt><trkpt lat="52.660247" lon="-9.629932"><ele>28.1</ele></trkpt><trkpt lat="52.6578" lon="-9.642334"><ele>46.4</ele></trkpt><trkpt lat="52.657293" lon="-9.64478"><ele>51</ele></trkpt><trkpt lat="52.657162" lon="-9.645631"><ele>52.4</ele></trkpt><trkpt lat="52.657241" lon="-9.647198"><ele>53.5</ele></trkpt><trkpt lat="52.65711" lon="-9.647466"><ele>53.4</ele></trkpt><trkpt lat="52.656954" lon="-9.648557"><ele>52.8</ele></trkpt><trkpt lat="52.656915" lon="-9.648979"><ele>52.4</ele></trkpt><trkpt lat="52.657396" lon="-9.650245"><ele>50.7</ele></trkpt><trkpt lat="52.65808" lon="-9.651768"><ele>48.4</ele></trkpt><trkpt lat="52.65851" lon="-9.652859"><ele>46.6</ele></trkpt><trkpt lat="52.658964" lon="-9.654455"><ele>44.9</ele></trkpt><trkpt lat="52.659093" lon="-9.654908"><ele>44.7</ele></trkpt><trkpt lat="52.659504" lon="-9.656111"><ele>45</ele></trkpt><trkpt lat="52.659275" lon="-9.656381"><ele>45.3</ele></trkpt><trkpt lat="52.657435" lon="-9.659892"><ele>50.2</ele></trkpt><trkpt lat="52.657009" lon="-9.660627"><ele>51.1</ele></trkpt><trkpt lat="52.661912" lon="-9.673132"><ele>64.7</ele></trkpt><trkpt lat="52.663909" lon="-9.676418"><ele>65</ele></trkpt><trkpt lat="52.664355" lon="-9.677058"><ele>64.8</ele></trkpt><trkpt lat="52.665055" lon="-9.67789"><ele>64.1</ele></trkpt><trkpt lat="52.671075" lon="-9.680519"><ele>53.2</ele></trkpt><trkpt lat="52.67148" lon="-9.684364"><ele>50.7</ele></trkpt><trkpt lat="52.671765" lon="-9.684718"><ele>49.3</ele></trkpt><trkpt lat="52.672231" lon="-9.68462"><ele>46.5</ele></trkpt><trkpt lat="52.672403" lon="-9.684707"><ele>45.3</ele></trkpt><trkpt lat="52.67306" lon="-9.68426"><ele>40.6</ele></trkpt><trkpt lat="52.673425" lon="-9.683933"><ele>38</ele></trkpt><trkpt lat="52.674563" lon="-9.682873"><ele>35.8</ele></trkpt><trkpt lat="52.674853" lon="-9.682472"><ele>36.4</ele></trkpt><trkpt lat="52.674944" lon="-9.682229"><ele>36.8</ele></trkpt><trkpt lat="52.674992" lon="-9.681942"><ele>37.3</ele></trkpt><trkpt lat="52.67499" lon="-9.681721"><ele>37.6</ele></trkpt><trkpt lat="52.674898" lon="-9.680993"><ele>38.8</ele></trkpt><trkpt lat="52.674894" lon="-9.680728"><ele>39.2</ele></trkpt><trkpt lat="52.674926" lon="-9.680524"><ele>39.5</ele></trkpt><trkpt lat="52.675008" lon="-9.680303"><ele>39.9</ele></trkpt><trkpt lat="52.675344" lon="-9.679654"><ele>40.9</ele></trkpt><trkpt lat="52.675711" lon="-9.678697"><ele>41.9</ele></trkpt><trkpt lat="52.675915" lon="-9.678074"><ele>41.4</ele></trkpt><trkpt lat="52.675991" lon="-9.677744"><ele>40.8</ele></trkpt><trkpt lat="52.676037" lon="-9.677352"><ele>40</ele></trkpt><trkpt lat="52.676201" lon="-9.677288"><ele>39.4</ele></trkpt><trkpt lat="52.676479" lon="-9.677077"><ele>38.5</ele></trkpt><trkpt lat="52.676836" lon="-9.676375"><ele>37.3</ele></trkpt><trkpt lat="52.676936" lon="-9.676275"><ele>37.1</ele></trkpt><trkpt lat="52.677003" lon="-9.676156"><ele>36.9</ele></trkpt><trkpt lat="52.677174" lon="-9.675622"><ele>36.3</ele></trkpt><trkpt lat="52.677217" lon="-9.6751"><ele>35.8</ele></trkpt><trkpt lat="52.677301" lon="-9.674772"><ele>35.2</ele></trkpt><trkpt lat="52.677484" lon="-9.674378"><ele>33.8</ele></trkpt><trkpt lat="52.677643" lon="-9.6741"><ele>32.2</ele></trkpt><trkpt lat="52.677829" lon="-9.673982"><ele>30.5</ele></trkpt><trkpt lat="52.678002" lon="-9.674071"><ele>28.9</ele></trkpt><trkpt lat="52.678072" lon="-9.674163"><ele>28</ele></trkpt><trkpt lat="52.678389" lon="-9.674727"><ele>23.1</ele></trkpt><trkpt lat="52.678421" lon="-9.674841"><ele>22.3</ele></trkpt><trkpt lat="52.678435" lon="-9.675273"><ele>19.7</ele></trkpt><trkpt lat="52.678876" lon="-9.675442"><ele>16.2</ele></trkpt><trkpt lat="52.679" lon="-9.675547"><ele>15.5</ele></trkpt><trkpt lat="52.679133" lon="-9.676148"><ele>14.7</ele></trkpt><trkpt lat="52.679149" lon="-9.676594"><ele>14.8</ele></trkpt><trkpt lat="52.679166" lon="-9.676661"><ele>14.8</ele></trkpt><trkpt lat="52.679255" lon="-9.676794"><ele>15</ele></trkpt><trkpt lat="52.679377" lon="-9.676833"><ele>15.1</ele></trkpt><trkpt lat="52.679485" lon="-9.676799"><ele>15.3</ele></trkpt><trkpt lat="52.679992" lon="-9.676305"><ele>16.6</ele></trkpt><trkpt lat="52.680256" lon="-9.67614"><ele>17.6</ele></trkpt><trkpt lat="52.68031" lon="-9.676059"><ele>17.8</ele></trkpt><trkpt lat="52.680327" lon="-9.675984"><ele>18</ele></trkpt><trkpt lat="52.680093" lon="-9.674589"><ele>19.4</ele></trkpt><trkpt lat="52.680173" lon="-9.67387"><ele>19.3</ele></trkpt><trkpt lat="52.680121" lon="-9.673292"><ele>18.9</ele></trkpt><trkpt lat="52.680125" lon="-9.673045"><ele>18.7</ele></trkpt><trkpt lat="52.680251" lon="-9.672444"><ele>18.1</ele></trkpt><trkpt lat="52.680324" lon="-9.672215"><ele>17.8</ele></trkpt><trkpt lat="52.680476" lon="-9.672004"><ele>17.5</ele></trkpt><trkpt lat="52.680897" lon="-9.671596"><ele>16.8</ele></trkpt><trkpt lat="52.680992" lon="-9.671394"><ele>16.6</ele></trkpt><trkpt lat="52.681207" lon="-9.670782"><ele>16.1</ele></trkpt><trkpt lat="52.681344" lon="-9.670481"><ele>16</ele></trkpt><trkpt lat="52.681337" lon="-9.670275"><ele>15.9</ele></trkpt><trkpt lat="52.681283" lon="-9.670099"><ele>15.9</ele></trkpt><trkpt lat="52.681272" lon="-9.669982"><ele>15.8</ele></trkpt><trkpt lat="52.681247" lon="-9.669251"><ele>15.3</ele></trkpt><trkpt lat="52.681219" lon="-9.669128"><ele>15.2</ele></trkpt><trkpt lat="52.681091" lon="-9.669074"><ele>15</ele></trkpt><trkpt lat="52.681021" lon="-9.668995"><ele>14.8</ele></trkpt><trkpt lat="52.680993" lon="-9.668908"><ele>14.7</ele></trkpt><trkpt lat="52.681004" lon="-9.668855"><ele>14.6</ele></trkpt><trkpt lat="52.681606" lon="-9.667783"><ele>11.6</ele></trkpt><trkpt lat="52.681705" lon="-9.667514"><ele>10.6</ele></trkpt><trkpt lat="52.681788" lon="-9.66708"><ele>9.2</ele></trkpt><trkpt lat="52.681871" lon="-9.666327"><ele>7.4</ele></trkpt><trkpt lat="52.682022" lon="-9.665594"><ele>6.3</ele></trkpt><trkpt lat="52.682024" lon="-9.665534"><ele>6.2</ele></trkpt><trkpt lat="52.681957" lon="-9.66528"><ele>6</ele></trkpt><trkpt lat="52.681938" lon="-9.665067"><ele>5.9</ele></trkpt><trkpt lat="52.681806" lon="-9.664747"><ele>6.1</ele></trkpt><trkpt lat="52.681852" lon="-9.664572"><ele>6.2</ele></trkpt><trkpt lat="52.681823" lon="-9.664535"><ele>6.3</ele></trkpt><trkpt lat="52.681858" lon="-9.664403"><ele>6.5</ele></trkpt><trkpt lat="52.681889" lon="-9.663849"><ele>7.6</ele></trkpt><trkpt lat="52.681893" lon="-9.66328"><ele>9.2</ele></trkpt><trkpt lat="52.681828" lon="-9.66317"><ele>9.6</ele></trkpt><trkpt lat="52.681749" lon="-9.662923"><ele>10.3</ele></trkpt><trkpt lat="52.681577" lon="-9.661823"><ele>12.4</ele></trkpt><trkpt lat="52.681577" lon="-9.661626"><ele>12.6</ele></trkpt><trkpt lat="52.681682" lon="-9.661102"><ele>13.3</ele></trkpt><trkpt lat="52.681757" lon="-9.660414"><ele>13.5</ele></trkpt><trkpt lat="52.681663" lon="-9.659047"><ele>13.1</ele></trkpt><trkpt lat="52.681576" lon="-9.658634"><ele>12.8</ele></trkpt><trkpt lat="52.681213" lon="-9.657652"><ele>11.4</ele></trkpt><trkpt lat="52.68107" lon="-9.656252"><ele>7.6</ele></trkpt><trkpt lat="52.681011" lon="-9.655612"><ele>5.7</ele></trkpt><trkpt lat="52.680973" lon="-9.655529"><ele>5.4</ele></trkpt><trkpt lat="52.680905" lon="-9.655476"><ele>5</ele></trkpt><trkpt lat="52.68071" lon="-9.655425"><ele>4.3</ele></trkpt><trkpt lat="52.680501" lon="-9.655434"><ele>3.7</ele></trkpt><trkpt lat="52.680288" lon="-9.655531"><ele>3.2</ele></trkpt><trkpt lat="52.679524" lon="-9.655954"><ele>3</ele></trkpt><trkpt lat="52.679212" lon="-9.655952"><ele>3.2</ele></trkpt><trkpt lat="52.678914" lon="-9.655835"><ele>3.5</ele></trkpt><trkpt lat="52.678624" lon="-9.655545"><ele>3.6</ele></trkpt><trkpt lat="52.678407" lon="-9.655258"><ele>3.7</ele></trkpt><trkpt lat="52.678274" lon="-9.654972"><ele>3.7</ele></trkpt><trkpt lat="52.678119" lon="-9.654543"><ele>3.7</ele></trkpt><trkpt lat="52.677634" lon="-9.653086"><ele>3.6</ele></trkpt><trkpt lat="52.677567" lon="-9.652807"><ele>3.7</ele></trkpt><trkpt lat="52.677581" lon="-9.652375"><ele>3.8</ele></trkpt><trkpt lat="52.677611" lon="-9.65187"><ele>4</ele></trkpt><trkpt lat="52.677793" lon="-9.651206"><ele>4.3</ele></trkpt><trkpt lat="52.678051" lon="-9.650503"><ele>4.7</ele></trkpt><trkpt lat="52.67924" lon="-9.648872"><ele>5.5</ele></trkpt><trkpt lat="52.680118" lon="-9.647754"><ele>7.5</ele></trkpt><trkpt lat="52.679956" lon="-9.647142"><ele>8.7</ele></trkpt><trkpt lat="52.679826" lon="-9.646921"><ele>9.2</ele></trkpt><trkpt lat="52.6799" lon="-9.646704"><ele>9.6</ele></trkpt><trkpt lat="52.679922" lon="-9.646465"><ele>10.1</ele></trkpt><trkpt lat="52.679888" lon="-9.646041"><ele>10.9</ele></trkpt><trkpt lat="52.679832" lon="-9.645735"><ele>11.4</ele></trkpt><trkpt lat="52.679727" lon="-9.645312"><ele>11.8</ele></trkpt><trkpt lat="52.679593" lon="-9.644819"><ele>11.9</ele></trkpt><trkpt lat="52.679727" lon="-9.645312"><ele>11.8</ele></trkpt><trkpt lat="52.679832" lon="-9.645735"><ele>11.4</ele></trkpt><trkpt lat="52.679888" lon="-9.646041"><ele>10.9</ele></trkpt><trkpt lat="52.679922" lon="-9.646465"><ele>10.1</ele></trkpt><trkpt lat="52.6799" lon="-9.646704"><ele>9.7</ele></trkpt><trkpt lat="52.679826" lon="-9.646921"><ele>9.4</ele></trkpt><trkpt lat="52.679956" lon="-9.647142"><ele>8.9</ele></trkpt><trkpt lat="52.680118" lon="-9.647754"><ele>7.9</ele></trkpt><trkpt lat="52.680366" lon="-9.647489"><ele>7.1</ele></trkpt><trkpt lat="52.680726" lon="-9.647104"><ele>6.1</ele></trkpt><trkpt lat="52.681212" lon="-9.646824"><ele>5.7</ele></trkpt><trkpt lat="52.682084" lon="-9.646604"><ele>6.2</ele></trkpt><trkpt lat="52.682206" lon="-9.646547"><ele>6.4</ele></trkpt><trkpt lat="52.682304" lon="-9.646444"><ele>6.6</ele></trkpt><trkpt lat="52.682572" lon="-9.646049"><ele>7.2</ele></trkpt><trkpt lat="52.682513" lon="-9.64595"><ele>7.3</ele></trkpt><trkpt lat="52.682441" lon="-9.645703"><ele>7.6</ele></trkpt><trkpt lat="52.682534" lon="-9.645567"><ele>7.9</ele></trkpt><trkpt lat="52.682568" lon="-9.64547"><ele>8</ele></trkpt><trkpt lat="52.682782" lon="-9.644533"><ele>9.5</ele></trkpt><trkpt lat="52.682853" lon="-9.644261"><ele>9.9</ele></trkpt><trkpt lat="52.682943" lon="-9.644024"><ele>10.3</ele></trkpt><trkpt lat="52.683566" lon="-9.643019"><ele>13.2</ele></trkpt><trkpt lat="52.683862" lon="-9.642556"><ele>14.9</ele></trkpt><trkpt lat="52.68385" lon="-9.642316"><ele>15.5</ele></trkpt><trkpt lat="52.684246" lon="-9.640405"><ele>20.2</ele></trkpt><trkpt lat="52.68475" lon="-9.638655"><ele>22.8</ele></trkpt><trkpt lat="52.684849" lon="-9.638222"><ele>23.1</ele></trkpt><trkpt lat="52.685123" lon="-9.636121"><ele>24</ele></trkpt><trkpt lat="52.685177" lon="-9.635923"><ele>24.1</ele></trkpt><trkpt lat="52.685255" lon="-9.635834"><ele>24.2</ele></trkpt><trkpt lat="52.685534" lon="-9.635595"><ele>24.7</ele></trkpt><trkpt lat="52.686269" lon="-9.634023"><ele>27</ele></trkpt><trkpt lat="52.687296" lon="-9.631282"><ele>30.5</ele></trkpt><trkpt lat="52.687871" lon="-9.630488"><ele>31</ele></trkpt><trkpt lat="52.688559" lon="-9.628447"><ele>30.4</ele></trkpt><trkpt lat="52.689062" lon="-9.626785"><ele>30.7</ele></trkpt><trkpt lat="52.690363" lon="-9.622018"><ele>33.3</ele></trkpt><trkpt lat="52.690936" lon="-9.61997"><ele>34.9</ele></trkpt><trkpt lat="52.69153" lon="-9.617984"><ele>35.9</ele></trkpt><trkpt lat="52.693952" lon="-9.60899"><ele>43.9</ele></trkpt><trkpt lat="52.695028" lon="-9.605447"><ele>46.3</ele></trkpt><trkpt lat="52.695506" lon="-9.603872"><ele>45.7</ele></trkpt><trkpt lat="52.696598" lon="-9.598263"><ele>39.8</ele></trkpt><trkpt lat="52.697102" lon="-9.592592"><ele>37.2</ele></trkpt><trkpt lat="52.697249" lon="-9.591304"><ele>37.6</ele></trkpt><trkpt lat="52.69735" lon="-9.590369"><ele>38.2</ele></trkpt><trkpt lat="52.697395" lon="-9.589996"><ele>38.3</ele></trkpt><trkpt lat="52.697447" lon="-9.589539"><ele>38.6</ele></trkpt><trkpt lat="52.697447" lon="-9.589539"><ele>38.6</ele></trkpt><trkpt lat="52.697336" lon="-9.589348"><ele>38.7</ele></trkpt><trkpt lat="52.697285" lon="-9.589101"><ele>38.9</ele></trkpt><trkpt lat="52.697336" lon="-9.589348"><ele>39.1</ele></trkpt><trkpt lat="52.697447" lon="-9.589539"><ele>39.2</ele></trkpt><trkpt lat="52.697883" lon="-9.589836"><ele>39.8</ele></trkpt><trkpt lat="52.697878" lon="-9.589855"><ele>39.9</ele></trkpt><trkpt lat="52.697998" lon="-9.589943"><ele>40</ele></trkpt><trkpt lat="52.698229" lon="-9.590293"><ele>40.4</ele></trkpt><trkpt lat="52.698463" lon="-9.590616"><ele>40.8</ele></trkpt><trkpt lat="52.698647" lon="-9.590729"><ele>40.9</ele></trkpt><trkpt lat="52.699382" lon="-9.591223"><ele>40.2</ele></trkpt><trkpt lat="52.700561" lon="-9.592056"><ele>35.2</ele></trkpt><trkpt lat="52.70062" lon="-9.592097"><ele>35</ele></trkpt><trkpt lat="52.701158" lon="-9.592474"><ele>33.1</ele></trkpt><trkpt lat="52.701731" lon="-9.59264"><ele>32.3</ele></trkpt><trkpt lat="52.703496" lon="-9.593124"><ele>31.9</ele></trkpt><trkpt lat="52.705091" lon="-9.592868"><ele>28.9</ele></trkpt><trkpt lat="52.706631" lon="-9.592645"><ele>24.4</ele></trkpt><trkpt lat="52.706929" lon="-9.592602"><ele>23.5</ele></trkpt><trkpt lat="52.707148" lon="-9.592571"><ele>22.7</ele></trkpt><trkpt lat="52.707378" lon="-9.592556"><ele>21.9</ele></trkpt><trkpt lat="52.707449" lon="-9.591702"><ele>20.1</ele></trkpt><trkpt lat="52.707545" lon="-9.590595"><ele>18</ele></trkpt><trkpt lat="52.708031" lon="-9.585503"><ele>11.6</ele></trkpt><trkpt lat="52.708334" lon="-9.582018"><ele>10.9</ele></trkpt><trkpt lat="52.708542" lon="-9.580057"><ele>10.1</ele></trkpt><trkpt lat="52.708625" lon="-9.579034"><ele>9.6</ele></trkpt><trkpt lat="52.70937" lon="-9.574133"><ele>9.1</ele></trkpt><trkpt lat="52.709696" lon="-9.571804"><ele>9.6</ele></trkpt><trkpt lat="52.709765" lon="-9.570853"><ele>9.9</ele></trkpt><trkpt lat="52.709834" lon="-9.57016"><ele>10</ele></trkpt><trkpt lat="52.70967" lon="-9.563655"><ele>11.8</ele></trkpt><trkpt lat="52.709659" lon="-9.562288"><ele>12.3</ele></trkpt><trkpt lat="52.709606" lon="-9.561468"><ele>12.6</ele></trkpt><trkpt lat="52.709495" lon="-9.560865"><ele>12.9</ele></trkpt><trkpt lat="52.709015" lon="-9.559222"><ele>13.4</ele></trkpt><trkpt lat="52.708624" lon="-9.556223"><ele>14.4</ele></trkpt><trkpt lat="52.708096" lon="-9.550917"><ele>14.1</ele></trkpt><trkpt lat="52.707472" lon="-9.545478"><ele>14.7</ele></trkpt><trkpt lat="52.707474" lon="-9.545254"><ele>14.8</ele></trkpt><trkpt lat="52.707411" lon="-9.545151"><ele>14.8</ele></trkpt><trkpt lat="52.707459" lon="-9.545027"><ele>14.9</ele></trkpt><trkpt lat="52.707459" lon="-9.544722"><ele>15</ele></trkpt><trkpt lat="52.707447" lon="-9.544066"><ele>15.1</ele></trkpt><trkpt lat="52.707436" lon="-9.543381"><ele>15.3</ele></trkpt><trkpt lat="52.70742" lon="-9.542323"><ele>15.2</ele></trkpt><trkpt lat="52.707228" lon="-9.536559"><ele>13.2</ele></trkpt><trkpt lat="52.706945" lon="-9.530231"><ele>11.5</ele></trkpt><trkpt lat="52.706822" lon="-9.528762"><ele>11</ele></trkpt><trkpt lat="52.706582" lon="-9.526402"><ele>10.3</ele></trkpt><trkpt lat="52.706555" lon="-9.525876"><ele>10.1</ele></trkpt><trkpt lat="52.706562" lon="-9.525629"><ele>10</ele></trkpt><trkpt lat="52.707026" lon="-9.520439"><ele>7.5</ele></trkpt><trkpt lat="52.707026" lon="-9.520439"><ele>7.5</ele></trkpt><trkpt lat="52.707231" lon="-9.520316"><ele>7.3</ele></trkpt><trkpt lat="52.707026" lon="-9.520439"><ele>7.1</ele></trkpt><trkpt lat="52.707182" lon="-9.518995"><ele>6.8</ele></trkpt><trkpt lat="52.707337" lon="-9.517552"><ele>6.8</ele></trkpt><trkpt lat="52.707493" lon="-9.516108"><ele>7.2</ele></trkpt><trkpt lat="52.707493" lon="-9.516108"><ele>7.2</ele></trkpt><trkpt lat="52.707817" lon="-9.513031"><ele>8.2</ele></trkpt><trkpt lat="52.707972" lon="-9.511424"><ele>8.7</ele></trkpt><trkpt lat="52.708126" lon="-9.508352"><ele>8.6</ele></trkpt><trkpt lat="52.70861" lon="-9.498678"><ele>8</ele></trkpt><trkpt lat="52.708759" lon="-9.498077"><ele>8</ele></trkpt><trkpt lat="52.709611" lon="-9.496296"><ele>7.9</ele></trkpt><trkpt lat="52.709785" lon="-9.496057"><ele>7.8</ele></trkpt><trkpt lat="52.71077" lon="-9.49927"><ele>6.2</ele></trkpt><trkpt lat="52.711053" lon="-9.499591"><ele>6.1</ele></trkpt><trkpt lat="52.711271" lon="-9.499678"><ele>6.1</ele></trkpt><trkpt lat="52.713942" lon="-9.500085"><ele>6.6</ele></trkpt><trkpt lat="52.716695" lon="-9.500438"><ele>5.5</ele></trkpt><trkpt lat="52.722225" lon="-9.500663"><ele>5</ele></trkpt><trkpt lat="52.722535" lon="-9.500533"><ele>4.9</ele></trkpt><trkpt lat="52.724656" lon="-9.499491"><ele>4.3</ele></trkpt><trkpt lat="52.724892" lon="-9.499403"><ele>4.3</ele></trkpt><trkpt lat="52.725195" lon="-9.499301"><ele>4.4</ele></trkpt><trkpt lat="52.726793" lon="-9.499033"><ele>5.8</ele></trkpt><trkpt lat="52.729067" lon="-9.498711"><ele>7.5</ele></trkpt><trkpt lat="52.730189" lon="-9.49831"><ele>7.6</ele></trkpt><trkpt lat="52.735252" lon="-9.496501"><ele>4.6</ele></trkpt><trkpt lat="52.735419" lon="-9.496472"><ele>4.5</ele></trkpt><trkpt lat="52.735675" lon="-9.496586"><ele>4.3</ele></trkpt><trkpt lat="52.735929" lon="-9.495036"><ele>3.5</ele></trkpt><trkpt lat="52.736087" lon="-9.494459"><ele>3.3</ele></trkpt><trkpt lat="52.736118" lon="-9.494363"><ele>3.3</ele></trkpt><trkpt lat="52.73619" lon="-9.494146"><ele>3.2</ele></trkpt><trkpt lat="52.736236" lon="-9.494001"><ele>3.2</ele></trkpt><trkpt lat="52.736289" lon="-9.493827"><ele>3.2</ele></trkpt><trkpt lat="52.73642" lon="-9.493196"><ele>3.3</ele></trkpt><trkpt lat="52.736497" lon="-9.49259"><ele>3.5</ele></trkpt><trkpt lat="52.737223" lon="-9.484112"><ele>5.6</ele></trkpt><trkpt lat="52.737337" lon="-9.483206"><ele>5.7</ele></trkpt><trkpt lat="52.737445" lon="-9.482881"><ele>5.8</ele></trkpt><trkpt lat="52.737529" lon="-9.482721"><ele>5.8</ele></trkpt><trkpt lat="52.73769" lon="-9.482509"><ele>5.8</ele></trkpt><trkpt lat="52.7378" lon="-9.482431"><ele>5.8</ele></trkpt><trkpt lat="52.73804" lon="-9.482346"><ele>5.9</ele></trkpt><trkpt lat="52.742761" lon="-9.48081"><ele>5.7</ele></trkpt><trkpt lat="52.749999" lon="-9.478495"><ele>3.1</ele></trkpt><trkpt lat="52.750347" lon="-9.478404"><ele>3.2</ele></trkpt><trkpt lat="52.755695" lon="-9.477"><ele>7.3</ele></trkpt><trkpt lat="52.758436" lon="-9.476387"><ele>7.1</ele></trkpt><trkpt lat="52.761018" lon="-9.47581"><ele>7.7</ele></trkpt><trkpt lat="52.761371" lon="-9.475673"><ele>8.1</ele></trkpt><trkpt lat="52.761465" lon="-9.475701"><ele>8.3</ele></trkpt><trkpt lat="52.761816" lon="-9.475609"><ele>8.8</ele></trkpt><trkpt lat="52.762371" lon="-9.47517"><ele>10</ele></trkpt><trkpt lat="52.762962" lon="-9.474896"><ele>11.3</ele></trkpt><trkpt lat="52.763176" lon="-9.474875"><ele>11.6</ele></trkpt><trkpt lat="52.763572" lon="-9.474917"><ele>12.1</ele></trkpt><trkpt lat="52.765279" lon="-9.475432"><ele>11.7</ele></trkpt><trkpt lat="52.766396" lon="-9.475668"><ele>9.4</ele></trkpt><trkpt lat="52.76741" lon="-9.475976"><ele>7.6</ele></trkpt><trkpt lat="52.768025" lon="-9.476226"><ele>7.1</ele></trkpt><trkpt lat="52.768428" lon="-9.476441"><ele>7.1</ele></trkpt><trkpt lat="52.76907" lon="-9.476688"><ele>8</ele></trkpt><trkpt lat="52.770053" lon="-9.476925"><ele>10.6</ele></trkpt><trkpt lat="52.770363" lon="-9.476989"><ele>11.5</ele></trkpt><trkpt lat="52.772103" lon="-9.477425"><ele>14.6</ele></trkpt><trkpt lat="52.772635" lon="-9.477811"><ele>14.2</ele></trkpt><trkpt lat="52.77301" lon="-9.478039"><ele>13.3</ele></trkpt><trkpt lat="52.773465" lon="-9.478297"><ele>11.7</ele></trkpt><trkpt lat="52.774245" lon="-9.478659"><ele>8.7</ele></trkpt><trkpt lat="52.774745" lon="-9.47897"><ele>7.3</ele></trkpt><trkpt lat="52.774902" lon="-9.4791"><ele>6.9</ele></trkpt><trkpt lat="52.775132" lon="-9.47735"><ele>6.4</ele></trkpt><trkpt lat="52.775554" lon="-9.475581"><ele>7</ele></trkpt><trkpt lat="52.776109" lon="-9.473483"><ele>7.7</ele></trkpt><trkpt lat="52.777857" lon="-9.465905"><ele>9</ele></trkpt><trkpt lat="52.779426" lon="-9.449487"><ele>14.6</ele></trkpt><trkpt lat="52.780783" lon="-9.442468"><ele>12.9</ele></trkpt><trkpt lat="52.781328" lon="-9.442842"><ele>11.2</ele></trkpt><trkpt lat="52.781492" lon="-9.442922"><ele>10.5</ele></trkpt><trkpt lat="52.781957" lon="-9.443017"><ele>9</ele></trkpt><trkpt lat="52.782106" lon="-9.443036"><ele>8.6</ele></trkpt><trkpt lat="52.782242" lon="-9.443022"><ele>8.2</ele></trkpt><trkpt lat="52.782429" lon="-9.442923"><ele>7.8</ele></trkpt><trkpt lat="52.78275" lon="-9.442667"><ele>7.4</ele></trkpt><trkpt lat="52.782851" lon="-9.442493"><ele>7.4</ele></trkpt><trkpt lat="52.783293" lon="-9.441334"><ele>9.2</ele></trkpt><trkpt lat="52.783414" lon="-9.441098"><ele>9.9</ele></trkpt><trkpt lat="52.783584" lon="-9.440868"><ele>10.6</ele></trkpt><trkpt lat="52.784044" lon="-9.440625"><ele>12.2</ele></trkpt><trkpt lat="52.786205" lon="-9.439581"><ele>17.8</ele></trkpt><trkpt lat="52.789733" lon="-9.44178"><ele>30.7</ele></trkpt><trkpt lat="52.791348" lon="-9.442634"><ele>31.4</ele></trkpt><trkpt lat="52.795097" lon="-9.444789"><ele>40.1</ele></trkpt><trkpt lat="52.800238" lon="-9.448002"><ele>30.3</ele></trkpt><trkpt lat="52.804943" lon="-9.450958"><ele>20.1</ele></trkpt><trkpt lat="52.805657" lon="-9.451418"><ele>19.3</ele></trkpt><trkpt lat="52.805799" lon="-9.451501"><ele>19.3</ele></trkpt><trkpt lat="52.807465" lon="-9.452553"><ele>24.1</ele></trkpt><trkpt lat="52.807641" lon="-9.452664"><ele>24.8</ele></trkpt><trkpt lat="52.808114" lon="-9.452961"><ele>26.6</ele></trkpt><trkpt lat="52.808381" lon="-9.453127"><ele>27.5</ele></trkpt><trkpt lat="52.808402" lon="-9.45314"><ele>27.6</ele></trkpt><trkpt lat="52.808511" lon="-9.453208"><ele>27.9</ele></trkpt><trkpt lat="52.808749" lon="-9.453356"><ele>28.5</ele></trkpt><trkpt lat="52.808825" lon="-9.453404"><ele>28.7</ele></trkpt><trkpt lat="52.808971" lon="-9.453494"><ele>29</ele></trkpt><trkpt lat="52.809074" lon="-9.453559"><ele>29.2</ele></trkpt><trkpt lat="52.809236" lon="-9.45366"><ele>29.4</ele></trkpt><trkpt lat="52.809528" lon="-9.453845"><ele>29.6</ele></trkpt><trkpt lat="52.809732" lon="-9.453957"><ele>29.5</ele></trkpt><trkpt lat="52.810086" lon="-9.454091"><ele>29.3</ele></trkpt><trkpt lat="52.810386" lon="-9.454205"><ele>28.8</ele></trkpt><trkpt lat="52.8107" lon="-9.454323"><ele>28</ele></trkpt><trkpt lat="52.81088" lon="-9.454386"><ele>27.4</ele></trkpt><trkpt lat="52.811171" lon="-9.454487"><ele>26.2</ele></trkpt><trkpt lat="52.811372" lon="-9.454558"><ele>25.3</ele></trkpt><trkpt lat="52.811449" lon="-9.454585"><ele>24.9</ele></trkpt><trkpt lat="52.812737" lon="-9.45503"><ele>18.5</ele></trkpt><trkpt lat="52.81342" lon="-9.455264"><ele>16</ele></trkpt><trkpt lat="52.813554" lon="-9.45531"><ele>15.7</ele></trkpt><trkpt lat="52.814453" lon="-9.455617"><ele>14.5</ele></trkpt><trkpt lat="52.81452" lon="-9.45564"><ele>14.5</ele></trkpt><trkpt lat="52.814959" lon="-9.45579"><ele>14.3</ele></trkpt><trkpt lat="52.815072" lon="-9.455829"><ele>14.2</ele></trkpt><trkpt lat="52.815217" lon="-9.455878"><ele>14.1</ele></trkpt><trkpt lat="52.8153" lon="-9.455909"><ele>14</ele></trkpt><trkpt lat="52.81535" lon="-9.455928"><ele>13.9</ele></trkpt><trkpt lat="52.815494" lon="-9.455985"><ele>13.7</ele></trkpt><trkpt lat="52.815619" lon="-9.456035"><ele>13.4</ele></trkpt><trkpt lat="52.815897" lon="-9.456144"><ele>12.7</ele></trkpt><trkpt lat="52.816042" lon="-9.456201"><ele>12.3</ele></trkpt><trkpt lat="52.816123" lon="-9.456233"><ele>12.1</ele></trkpt><trkpt lat="52.816758" lon="-9.456395"><ele>9.6</ele></trkpt><trkpt lat="52.816845" lon="-9.456387"><ele>9.2</ele></trkpt><trkpt lat="52.816983" lon="-9.456277"><ele>8.5</ele></trkpt><trkpt lat="52.817554" lon="-9.455504"><ele>5.8</ele></trkpt><trkpt lat="52.817836" lon="-9.455065"><ele>4.8</ele></trkpt><trkpt lat="52.817877" lon="-9.455009"><ele>4.7</ele></trkpt><trkpt lat="52.818091" lon="-9.454695"><ele>4.2</ele></trkpt><trkpt lat="52.818545" lon="-9.454003"><ele>3.7</ele></trkpt><trkpt lat="52.822474" lon="-9.448345"><ele>7.1</ele></trkpt><trkpt lat="52.827013" lon="-9.440363"><ele>8.4</ele></trkpt><trkpt lat="52.829293" lon="-9.436358"><ele>10.7</ele></trkpt><trkpt lat="52.830526" lon="-9.434186"><ele>11.9</ele></trkpt><trkpt lat="52.831561" lon="-9.432375"><ele>13.2</ele></trkpt><trkpt lat="52.832088" lon="-9.431425"><ele>14.1</ele></trkpt><trkpt lat="52.832807" lon="-9.430975"><ele>14.8</ele></trkpt><trkpt lat="52.833108" lon="-9.430862"><ele>14.9</ele></trkpt><trkpt lat="52.83484" lon="-9.430557"><ele>14.5</ele></trkpt><trkpt lat="52.835367" lon="-9.430394"><ele>13.9</ele></trkpt><trkpt lat="52.835754" lon="-9.430105"><ele>13</ele></trkpt><trkpt lat="52.836053" lon="-9.429697"><ele>11.7</ele></trkpt><trkpt lat="52.836189" lon="-9.429557"><ele>11.2</ele></trkpt><trkpt lat="52.836374" lon="-9.429443"><ele>10.5</ele></trkpt><trkpt lat="52.83661" lon="-9.42936"><ele>9.9</ele></trkpt><trkpt lat="52.83698" lon="-9.42929"><ele>8.9</ele></trkpt><trkpt lat="52.837446" lon="-9.429235"><ele>7.8</ele></trkpt><trkpt lat="52.837522" lon="-9.429655"><ele>7.4</ele></trkpt><trkpt lat="52.837534" lon="-9.430427"><ele>7.3</ele></trkpt><trkpt lat="52.837569" lon="-9.430802"><ele>7.5</ele></trkpt><trkpt lat="52.837624" lon="-9.431109"><ele>7.6</ele></trkpt><trkpt lat="52.837738" lon="-9.431434"><ele>7.8</ele></trkpt><trkpt lat="52.837835" lon="-9.431633"><ele>7.9</ele></trkpt><trkpt lat="52.837939" lon="-9.431757"><ele>8</ele></trkpt><trkpt lat="52.838077" lon="-9.431806"><ele>8.1</ele></trkpt><trkpt lat="52.838248" lon="-9.43176"><ele>8.3</ele></trkpt><trkpt lat="52.838949" lon="-9.431348"><ele>9.2</ele></trkpt><trkpt lat="52.839145" lon="-9.431264"><ele>9.3</ele></trkpt><trkpt lat="52.839484" lon="-9.431243"><ele>9.5</ele></trkpt><trkpt lat="52.839626" lon="-9.431266"><ele>9.5</ele></trkpt><trkpt lat="52.839771" lon="-9.431289"><ele>9.5</ele></trkpt><trkpt lat="52.84097" lon="-9.431587"><ele>9.3</ele></trkpt><trkpt lat="52.84148" lon="-9.431755"><ele>9.3</ele></trkpt><trkpt lat="52.841602" lon="-9.431774"><ele>9.2</ele></trkpt><trkpt lat="52.841852" lon="-9.431735"><ele>9</ele></trkpt><trkpt lat="52.842131" lon="-9.431678"><ele>8.7</ele></trkpt><trkpt lat="52.842455" lon="-9.43167"><ele>8.2</ele></trkpt><trkpt lat="52.842598" lon="-9.431727"><ele>7.9</ele></trkpt><trkpt lat="52.842844" lon="-9.431914"><ele>7.5</ele></trkpt><trkpt lat="52.842895" lon="-9.431959"><ele>7.4</ele></trkpt><trkpt lat="52.843473" lon="-9.432609"><ele>6.8</ele></trkpt><trkpt lat="52.843805" lon="-9.432967"><ele>7.1</ele></trkpt><trkpt lat="52.844038" lon="-9.433115"><ele>7.5</ele></trkpt><trkpt lat="52.8446" lon="-9.433258"><ele>8.9</ele></trkpt><trkpt lat="52.844994" lon="-9.433264"><ele>9.6</ele></trkpt><trkpt lat="52.84523" lon="-9.433225"><ele>9.8</ele></trkpt><trkpt lat="52.845314" lon="-9.433164"><ele>9.9</ele></trkpt><trkpt lat="52.845385" lon="-9.434421"><ele>9.6</ele></trkpt><trkpt lat="52.845398" lon="-9.434666"><ele>9.4</ele></trkpt><trkpt lat="52.845484" lon="-9.436277"><ele>8</ele></trkpt><trkpt lat="52.845521" lon="-9.436882"><ele>7.5</ele></trkpt><trkpt lat="52.845576" lon="-9.437252"><ele>7.2</ele></trkpt><trkpt lat="52.845691" lon="-9.437612"><ele>6.8</ele></trkpt><trkpt lat="52.846494" lon="-9.439479"><ele>5.6</ele></trkpt><trkpt lat="52.846795" lon="-9.440197"><ele>6.2</ele></trkpt><trkpt lat="52.846933" lon="-9.44041"><ele>6.7</ele></trkpt><trkpt lat="52.847085" lon="-9.440459"><ele>7.2</ele></trkpt><trkpt lat="52.847341" lon="-9.44045"><ele>8.2</ele></trkpt><trkpt lat="52.848471" lon="-9.440326"><ele>12.9</ele></trkpt><trkpt lat="52.84856" lon="-9.440363"><ele>13.2</ele></trkpt><trkpt lat="52.848898" lon="-9.440502"><ele>14.3</ele></trkpt><trkpt lat="52.849263" lon="-9.440687"><ele>15</ele></trkpt><trkpt lat="52.849386" lon="-9.440703"><ele>15.1</ele></trkpt><trkpt lat="52.849665" lon="-9.440607"><ele>15.2</ele></trkpt><trkpt lat="52.850921" lon="-9.439764"><ele>14.5</ele></trkpt><trkpt lat="52.851578" lon="-9.43934"><ele>13.9</ele></trkpt><trkpt lat="52.853473" lon="-9.438106"><ele>13.4</ele></trkpt><trkpt lat="52.854199" lon="-9.437591"><ele>13.7</ele></trkpt><trkpt lat="52.854541" lon="-9.437307"><ele>13.9</ele></trkpt><trkpt lat="52.855402" lon="-9.43594"><ele>14.3</ele></trkpt><trkpt lat="52.857281" lon="-9.433103"><ele>12.2</ele></trkpt><trkpt lat="52.858201" lon="-9.43161"><ele>11.5</ele></trkpt><trkpt lat="52.858289" lon="-9.431452"><ele>11.5</ele></trkpt><trkpt lat="52.85873" lon="-9.430268"><ele>11.5</ele></trkpt><trkpt lat="52.859298" lon="-9.42917"><ele>10.7</ele></trkpt><trkpt lat="52.85948" lon="-9.428999"><ele>10.2</ele></trkpt><trkpt lat="52.859832" lon="-9.428939"><ele>9.6</ele></trkpt><trkpt lat="52.860112" lon="-9.428973"><ele>9.1</ele></trkpt><trkpt lat="52.860423" lon="-9.429025"><ele>8.6</ele></trkpt><trkpt lat="52.86049" lon="-9.429008"><ele>8.5</ele></trkpt><trkpt lat="52.860738" lon="-9.42819"><ele>8.2</ele></trkpt><trkpt lat="52.860871" lon="-9.427818"><ele>8.4</ele></trkpt><trkpt lat="52.861016" lon="-9.427509"><ele>8.8</ele></trkpt><trkpt lat="52.86462" lon="-9.42211"><ele>22</ele></trkpt><trkpt lat="52.864719" lon="-9.421963"><ele>22.4</ele></trkpt><trkpt lat="52.86479" lon="-9.421822"><ele>22.7</ele></trkpt><trkpt lat="52.865014" lon="-9.421291"><ele>23.7</ele></trkpt><trkpt lat="52.86569" lon="-9.419488"><ele>26.9</ele></trkpt><trkpt lat="52.866709" lon="-9.416643"><ele>31.3</ele></trkpt><trkpt lat="52.867224" lon="-9.417401"><ele>32.6</ele></trkpt><trkpt lat="52.867422" lon="-9.417331"><ele>33.1</ele></trkpt><trkpt lat="52.867981" lon="-9.416571"><ele>34.5</ele></trkpt><trkpt lat="52.868666" lon="-9.415698"><ele>35.1</ele></trkpt><trkpt lat="52.870259" lon="-9.414483"><ele>32.2</ele></trkpt><trkpt lat="52.870577" lon="-9.414236"><ele>32.1</ele></trkpt><trkpt lat="52.870659" lon="-9.414173"><ele>32.1</ele></trkpt><trkpt lat="52.871578" lon="-9.413345"><ele>33.2</ele></trkpt><trkpt lat="52.871995" lon="-9.412845"><ele>34.2</ele></trkpt><trkpt lat="52.872419" lon="-9.412527"><ele>34.7</ele></trkpt><trkpt lat="52.872738" lon="-9.412203"><ele>34.9</ele></trkpt><trkpt lat="52.873051" lon="-9.410631"><ele>35</ele></trkpt><trkpt lat="52.873372" lon="-9.408782"><ele>35.8</ele></trkpt><trkpt lat="52.873398" lon="-9.408406"><ele>36.3</ele></trkpt><trkpt lat="52.873177" lon="-9.403482"><ele>45.7</ele></trkpt><trkpt lat="52.873239" lon="-9.402219"><ele>47.5</ele></trkpt><trkpt lat="52.873232" lon="-9.401479"><ele>48.1</ele></trkpt><trkpt lat="52.873199" lon="-9.401243"><ele>48.3</ele></trkpt><trkpt lat="52.872996" lon="-9.400027"><ele>49</ele></trkpt><trkpt lat="52.873232" lon="-9.397724"><ele>50.1</ele></trkpt><trkpt lat="52.873242" lon="-9.397388"><ele>50.2</ele></trkpt><trkpt lat="52.873067" lon="-9.396669"><ele>50.3</ele></trkpt><trkpt lat="52.872996" lon="-9.396079"><ele>50.6</ele></trkpt><trkpt lat="52.872979" lon="-9.395761"><ele>50.7</ele></trkpt><trkpt lat="52.872856" lon="-9.395417"><ele>51</ele></trkpt><trkpt lat="52.872811" lon="-9.395106"><ele>51.3</ele></trkpt><trkpt lat="52.872854" lon="-9.394813"><ele>51.5</ele></trkpt><trkpt lat="52.873313" lon="-9.393879"><ele>53</ele></trkpt><trkpt lat="52.873365" lon="-9.3936"><ele>53.4</ele></trkpt><trkpt lat="52.873362" lon="-9.391812"><ele>56</ele></trkpt><trkpt lat="52.873423" lon="-9.391497"><ele>56.5</ele></trkpt><trkpt lat="52.873494" lon="-9.391289"><ele>56.8</ele></trkpt><trkpt lat="52.873683" lon="-9.391004"><ele>57.5</ele></trkpt><trkpt lat="52.874427" lon="-9.390049"><ele>60.1</ele></trkpt><trkpt lat="52.876299" lon="-9.387957"><ele>66.8</ele></trkpt><trkpt lat="52.876558" lon="-9.387796"><ele>67.4</ele></trkpt><trkpt lat="52.87725" lon="-9.387442"><ele>69.3</ele></trkpt><trkpt lat="52.880436" lon="-9.385618"><ele>83.8</ele></trkpt><trkpt lat="52.880902" lon="-9.385414"><ele>86.2</ele></trkpt><trkpt lat="52.882022" lon="-9.385017"><ele>92.3</ele></trkpt><trkpt lat="52.882689" lon="-9.384706"><ele>96</ele></trkpt><trkpt lat="52.883078" lon="-9.384438"><ele>98.3</ele></trkpt><trkpt lat="52.883887" lon="-9.383569"><ele>102.6</ele></trkpt><trkpt lat="52.884735" lon="-9.382517"><ele>105.5</ele></trkpt><trkpt lat="52.885654" lon="-9.381251"><ele>107.2</ele></trkpt><trkpt lat="52.887124" lon="-9.379127"><ele>109.4</ele></trkpt><trkpt lat="52.887758" lon="-9.378033"><ele>110</ele></trkpt><trkpt lat="52.888179" lon="-9.377175"><ele>110.4</ele></trkpt><trkpt lat="52.888561" lon="-9.376102"><ele>110.8</ele></trkpt><trkpt lat="52.888911" lon="-9.375222"><ele>111.1</ele></trkpt><trkpt lat="52.889635" lon="-9.37314"><ele>111.4</ele></trkpt><trkpt lat="52.88982" lon="-9.372179"><ele>111.2</ele></trkpt><trkpt lat="52.890059" lon="-9.371116"><ele>111.1</ele></trkpt><trkpt lat="52.890192" lon="-9.370726"><ele>111.2</ele></trkpt><trkpt lat="52.890516" lon="-9.370179"><ele>111.4</ele></trkpt><trkpt lat="52.891066" lon="-9.369385"><ele>112.2</ele></trkpt><trkpt lat="52.891688" lon="-9.368742"><ele>113.1</ele></trkpt><trkpt lat="52.891875" lon="-9.368452"><ele>113.4</ele></trkpt><trkpt lat="52.892089" lon="-9.367722"><ele>113.9</ele></trkpt><trkpt lat="52.892691" lon="-9.365866"><ele>115.1</ele></trkpt><trkpt lat="52.893378" lon="-9.364202"><ele>117.5</ele></trkpt><trkpt lat="52.893471" lon="-9.363962"><ele>117.9</ele></trkpt><trkpt lat="52.893631" lon="-9.363398"><ele>118.8</ele></trkpt><trkpt lat="52.893749" lon="-9.362727"><ele>119.9</ele></trkpt><trkpt lat="52.893885" lon="-9.361224"><ele>122.1</ele></trkpt><trkpt lat="52.89403" lon="-9.360257"><ele>123.4</ele></trkpt><trkpt lat="52.894251" lon="-9.359214"><ele>124.4</ele></trkpt><trkpt lat="52.894355" lon="-9.35887"><ele>124.6</ele></trkpt><trkpt lat="52.894557" lon="-9.358418"><ele>124.5</ele></trkpt><trkpt lat="52.895267" lon="-9.35739"><ele>122.7</ele></trkpt><trkpt lat="52.896765" lon="-9.355324"><ele>116.7</ele></trkpt><trkpt lat="52.898021" lon="-9.353745"><ele>111.4</ele></trkpt><trkpt lat="52.898315" lon="-9.353222"><ele>109.8</ele></trkpt><trkpt lat="52.898435" lon="-9.352931"><ele>108.9</ele></trkpt><trkpt lat="52.898619" lon="-9.352369"><ele>107</ele></trkpt><trkpt lat="52.898752" lon="-9.351837"><ele>105.2</ele></trkpt><trkpt lat="52.898952" lon="-9.351224"><ele>102.7</ele></trkpt><trkpt lat="52.899169" lon="-9.350706"><ele>100.3</ele></trkpt><trkpt lat="52.899596" lon="-9.349977"><ele>96.5</ele></trkpt><trkpt lat="52.900619" lon="-9.347756"><ele>87.8</ele></trkpt><trkpt lat="52.90091" lon="-9.346908"><ele>84.6</ele></trkpt><trkpt lat="52.901053" lon="-9.346254"><ele>82</ele></trkpt><trkpt lat="52.901091" lon="-9.345889"><ele>80.4</ele></trkpt><trkpt lat="52.901094" lon="-9.345395"><ele>78.1</ele></trkpt><trkpt lat="52.901558" lon="-9.345061"><ele>74.4</ele></trkpt><trkpt lat="52.90198" lon="-9.344796"><ele>71.5</ele></trkpt><trkpt lat="52.902153" lon="-9.344698"><ele>70.3</ele></trkpt><trkpt lat="52.902567" lon="-9.34472"><ele>67.9</ele></trkpt><trkpt lat="52.902793" lon="-9.344559"><ele>66.9</ele></trkpt><trkpt lat="52.90289" lon="-9.344619"><ele>66.5</ele></trkpt><trkpt lat="52.903" lon="-9.344688"><ele>66.2</ele></trkpt><trkpt lat="52.90314" lon="-9.344713"><ele>65.9</ele></trkpt><trkpt lat="52.90324" lon="-9.344688"><ele>65.7</ele></trkpt><trkpt lat="52.903453" lon="-9.344333"><ele>65.1</ele></trkpt><trkpt lat="52.903871" lon="-9.34291"><ele>63.9</ele></trkpt><trkpt lat="52.904081" lon="-9.342434"><ele>63.7</ele></trkpt><trkpt lat="52.904418" lon="-9.341887"><ele>63.7</ele></trkpt><trkpt lat="52.904709" lon="-9.341126"><ele>64.2</ele></trkpt><trkpt lat="52.904838" lon="-9.340696"><ele>64.4</ele></trkpt><trkpt lat="52.904916" lon="-9.340573"><ele>64.5</ele></trkpt><trkpt lat="52.905403" lon="-9.340093"><ele>64.5</ele></trkpt><trkpt lat="52.90543" lon="-9.340011"><ele>64.4</ele></trkpt><trkpt lat="52.905429" lon="-9.339937"><ele>64.4</ele></trkpt><trkpt lat="52.904443" lon="-9.337875"><ele>62</ele></trkpt><trkpt lat="52.904722" lon="-9.337832"><ele>62</ele></trkpt><trkpt lat="52.905845" lon="-9.338401"><ele>63.3</ele></trkpt><trkpt lat="52.90612" lon="-9.338411"><ele>63.4</ele></trkpt><trkpt lat="52.906411" lon="-9.338368"><ele>63.3</ele></trkpt><trkpt lat="52.906657" lon="-9.338433"><ele>63</ele></trkpt><trkpt lat="52.907384" lon="-9.33893"><ele>60.9</ele></trkpt><trkpt lat="52.907731" lon="-9.339312"><ele>59.3</ele></trkpt><trkpt lat="52.907905" lon="-9.339699"><ele>58</ele></trkpt><trkpt lat="52.908061" lon="-9.340686"><ele>54.8</ele></trkpt><trkpt lat="52.908074" lon="-9.341759"><ele>50.8</ele></trkpt><trkpt lat="52.908009" lon="-9.343046"><ele>45</ele></trkpt><trkpt lat="52.908099" lon="-9.343454"><ele>42.9</ele></trkpt><trkpt lat="52.908216" lon="-9.343475"><ele>41.9</ele></trkpt><trkpt lat="52.908339" lon="-9.343347"><ele>40.7</ele></trkpt><trkpt lat="52.908449" lon="-9.343143"><ele>39.3</ele></trkpt><trkpt lat="52.908772" lon="-9.342724"><ele>35.8</ele></trkpt><trkpt lat="52.90909" lon="-9.342531"><ele>33.1</ele></trkpt><trkpt lat="52.909426" lon="-9.342531"><ele>30.8</ele></trkpt><trkpt lat="52.909698" lon="-9.342574"><ele>29.3</ele></trkpt><trkpt lat="52.909814" lon="-9.342724"><ele>28.6</ele></trkpt><trkpt lat="52.910041" lon="-9.343658"><ele>26.6</ele></trkpt><trkpt lat="52.91039" lon="-9.344645"><ele>25.7</ele></trkpt><trkpt lat="52.910584" lon="-9.34502"><ele>25.4</ele></trkpt><trkpt lat="52.910875" lon="-9.345439"><ele>25.1</ele></trkpt><trkpt lat="52.911078" lon="-9.345827"><ele>24.7</ele></trkpt><trkpt lat="52.91128" lon="-9.345553"><ele>24.3</ele></trkpt><trkpt lat="52.911474" lon="-9.345392"><ele>24.1</ele></trkpt><trkpt lat="52.911804" lon="-9.345241"><ele>23.6</ele></trkpt><trkpt lat="52.911991" lon="-9.345208"><ele>23.3</ele></trkpt><trkpt lat="52.91279" lon="-9.345223"><ele>22.7</ele></trkpt><trkpt lat="52.914466" lon="-9.345385"><ele>21.4</ele></trkpt><trkpt lat="52.914864" lon="-9.345531"><ele>20.4</ele></trkpt><trkpt lat="52.916367" lon="-9.346409"><ele>14.7</ele></trkpt><trkpt lat="52.916545" lon="-9.346428"><ele>14.1</ele></trkpt><trkpt lat="52.91668" lon="-9.34643"><ele>13.7</ele></trkpt><trkpt lat="52.916874" lon="-9.346424"><ele>13.1</ele></trkpt><trkpt lat="52.916943" lon="-9.346359"><ele>13</ele></trkpt><trkpt lat="52.917122" lon="-9.345652"><ele>12.3</ele></trkpt><trkpt lat="52.917234" lon="-9.34532"><ele>12.1</ele></trkpt><trkpt lat="52.917324" lon="-9.345241"><ele>12.1</ele></trkpt><trkpt lat="52.917509" lon="-9.345197"><ele>12.1</ele></trkpt><trkpt lat="52.918067" lon="-9.34527"><ele>12.4</ele></trkpt><trkpt lat="52.918789" lon="-9.345308"><ele>12.6</ele></trkpt><trkpt lat="52.919087" lon="-9.345264"><ele>12.5</ele></trkpt><trkpt lat="52.920412" lon="-9.344863"><ele>10.6</ele></trkpt><trkpt lat="52.920614" lon="-9.344878"><ele>10.4</ele></trkpt><trkpt lat="52.920676" lon="-9.344955"><ele>10.4</ele></trkpt><trkpt lat="52.920855" lon="-9.345315"><ele>10.2</ele></trkpt><trkpt lat="52.921729" lon="-9.347073"><ele>9.9</ele></trkpt><trkpt lat="52.921769" lon="-9.347422"><ele>9.8</ele></trkpt><trkpt lat="52.92175" lon="-9.347636"><ele>9.6</ele></trkpt><trkpt lat="52.921332" lon="-9.349832"><ele>7.7</ele></trkpt><trkpt lat="52.921332" lon="-9.350052"><ele>7.8</ele></trkpt><trkpt lat="52.92138" lon="-9.350248"><ele>7.9</ele></trkpt><trkpt lat="52.92146" lon="-9.350376"><ele>8</ele></trkpt><trkpt lat="52.921586" lon="-9.350464"><ele>8.2</ele></trkpt><trkpt lat="52.921762" lon="-9.350482"><ele>8.6</ele></trkpt><trkpt lat="52.92217" lon="-9.350429"><ele>9.7</ele></trkpt><trkpt lat="52.922581" lon="-9.350204"><ele>11.4</ele></trkpt><trkpt lat="52.923565" lon="-9.349363"><ele>14.7</ele></trkpt><trkpt lat="52.92425" lon="-9.348851"><ele>15.5</ele></trkpt><trkpt lat="52.925172" lon="-9.348249"><ele>15.5</ele></trkpt><trkpt lat="52.925723" lon="-9.347874"><ele>16.1</ele></trkpt><trkpt lat="52.926446" lon="-9.347382"><ele>17.5</ele></trkpt><trkpt lat="52.927481" lon="-9.346743"><ele>19.6</ele></trkpt><trkpt lat="52.927935" lon="-9.346487"><ele>19.4</ele></trkpt><trkpt lat="52.928293" lon="-9.346328"><ele>19</ele></trkpt><trkpt lat="52.928669" lon="-9.346249"><ele>18.3</ele></trkpt><trkpt lat="52.928901" lon="-9.346249"><ele>17.7</ele></trkpt><trkpt lat="52.929318" lon="-9.346288"><ele>16.5</ele></trkpt><trkpt lat="52.929544" lon="-9.346315"><ele>15.7</ele></trkpt><trkpt lat="52.930541" lon="-9.346402"><ele>12.8</ele></trkpt><trkpt lat="52.931091" lon="-9.346329"><ele>11.6</ele></trkpt><trkpt lat="52.931126" lon="-9.346295"><ele>11.5</ele></trkpt><trkpt lat="52.931171" lon="-9.346179"><ele>11.3</ele></trkpt><trkpt lat="52.93127" lon="-9.34554"><ele>10.3</ele></trkpt><trkpt lat="52.931354" lon="-9.345577"><ele>10</ele></trkpt><trkpt lat="52.931642" lon="-9.345714"><ele>9.5</ele></trkpt><trkpt lat="52.931799" lon="-9.345798"><ele>9.3</ele></trkpt><trkpt lat="52.932011" lon="-9.345917"><ele>9.1</ele></trkpt><trkpt lat="52.9325" lon="-9.346142"><ele>7.8</ele></trkpt><trkpt lat="52.932971" lon="-9.346353"><ele>6.4</ele></trkpt><trkpt lat="52.933032" lon="-9.346348"><ele>6.3</ele></trkpt><trkpt lat="52.933092" lon="-9.346276"><ele>6.2</ele></trkpt><trkpt lat="52.933178" lon="-9.345952"><ele>5.8</ele></trkpt><trkpt lat="52.933222" lon="-9.345728"><ele>5.5</ele></trkpt><trkpt lat="52.933314" lon="-9.34519"><ele>5</ele></trkpt><trkpt lat="52.933388" lon="-9.344689"><ele>4.5</ele></trkpt><trkpt lat="52.933767" lon="-9.344525"><ele>4</ele></trkpt><trkpt lat="52.93381" lon="-9.34452"><ele>3.9</ele></trkpt><trkpt lat="52.934198" lon="-9.344645"><ele>3.7</ele></trkpt><trkpt lat="52.935458" lon="-9.345153"><ele>3.6</ele></trkpt><trkpt lat="52.936245" lon="-9.345452"><ele>3.7</ele></trkpt><trkpt lat="52.936382" lon="-9.345509"><ele>3.7</ele></trkpt><trkpt lat="52.936552" lon="-9.345582"><ele>3.7</ele></trkpt><trkpt lat="52.936728" lon="-9.34568"><ele>3.6</ele></trkpt><trkpt lat="52.937067" lon="-9.345934"><ele>3.6</ele></trkpt><trkpt lat="52.937111" lon="-9.345972"><ele>3.6</ele></trkpt><trkpt lat="52.937327" lon="-9.346186"><ele>3.6</ele></trkpt><trkpt lat="52.937572" lon="-9.34644"><ele>3.5</ele></trkpt><trkpt lat="52.937657" lon="-9.346526"><ele>3.5</ele></trkpt><trkpt lat="52.937843" lon="-9.346715"><ele>3.5</ele></trkpt><trkpt lat="52.937908" lon="-9.346779"><ele>3.5</ele></trkpt><trkpt lat="52.93807" lon="-9.346938"><ele>3.4</ele></trkpt><trkpt lat="52.938235" lon="-9.347065"><ele>3.4</ele></trkpt><trkpt lat="52.938354" lon="-9.347143"><ele>3.4</ele></trkpt><trkpt lat="52.938608" lon="-9.347282"><ele>3.3</ele></trkpt><trkpt lat="52.93868" lon="-9.347318"><ele>3.3</ele></trkpt><trkpt lat="52.938832" lon="-9.347382"><ele>3.3</ele></trkpt><trkpt lat="52.939296" lon="-9.347542"><ele>3.2</ele></trkpt><trkpt lat="52.939468" lon="-9.347601"><ele>3.2</ele></trkpt><trkpt lat="52.940032" lon="-9.347844"><ele>3</ele></trkpt><trkpt lat="52.940432" lon="-9.348068"><ele>3</ele></trkpt><trkpt lat="52.940484" lon="-9.348095"><ele>3</ele></trkpt><trkpt lat="52.940552" lon="-9.348132"><ele>3</ele></trkpt><trkpt lat="52.940867" lon="-9.3483"><ele>3.1</ele></trkpt><trkpt lat="52.944375" lon="-9.350492"><ele>4.1</ele></trkpt><trkpt lat="52.944408" lon="-9.350513"><ele>4</ele></trkpt><trkpt lat="52.945212" lon="-9.350967"><ele>3.5</ele></trkpt><trkpt lat="52.945671" lon="-9.351314"><ele>3.1</ele></trkpt><trkpt lat="52.946825" lon="-9.352411"><ele>1.8</ele></trkpt><trkpt lat="52.946991" lon="-9.352576"><ele>1.8</ele></trkpt><trkpt lat="52.947512" lon="-9.353096"><ele>2.1</ele></trkpt><trkpt lat="52.94757" lon="-9.353158"><ele>2.2</ele></trkpt><trkpt lat="52.947705" lon="-9.353416"><ele>2.4</ele></trkpt><trkpt lat="52.9478" lon="-9.35372"><ele>2.6</ele></trkpt><trkpt lat="52.947827" lon="-9.353833"><ele>2.7</ele></trkpt><trkpt lat="52.947854" lon="-9.354171"><ele>2.9</ele></trkpt><trkpt lat="52.947842" lon="-9.354355"><ele>3</ele></trkpt><trkpt lat="52.947763" lon="-9.354769"><ele>3.4</ele></trkpt><trkpt lat="52.947615" lon="-9.355373"><ele>3.8</ele></trkpt><trkpt lat="52.947543" lon="-9.355669"><ele>3.8</ele></trkpt><trkpt lat="52.947399" lon="-9.356375"><ele>3.5</ele></trkpt><trkpt lat="52.947326" lon="-9.35678"><ele>3.2</ele></trkpt><trkpt lat="52.947289" lon="-9.357027"><ele>3</ele></trkpt><trkpt lat="52.947226" lon="-9.357497"><ele>2.7</ele></trkpt><trkpt lat="52.947122" lon="-9.358291"><ele>2.3</ele></trkpt><trkpt lat="52.947073" lon="-9.358449"><ele>2.2</ele></trkpt><trkpt lat="52.947032" lon="-9.358563"><ele>2.1</ele></trkpt><trkpt lat="52.946854" lon="-9.358838"><ele>2</ele></trkpt><trkpt lat="52.946504" lon="-9.35921"><ele>1.8</ele></trkpt><trkpt lat="52.946271" lon="-9.359537"><ele>1.8</ele></trkpt><trkpt lat="52.945474" lon="-9.361069"><ele>2.2</ele></trkpt><trkpt lat="52.945309" lon="-9.361423"><ele>2.3</ele></trkpt><trkpt lat="52.94517" lon="-9.361792"><ele>2.4</ele></trkpt><trkpt lat="52.94449" lon="-9.364037"><ele>2.3</ele></trkpt><trkpt lat="52.944401" lon="-9.364464"><ele>2.3</ele></trkpt><trkpt lat="52.944301" lon="-9.365448"><ele>2.1</ele></trkpt><trkpt lat="52.944296" lon="-9.366521"><ele>1.8</ele></trkpt><trkpt lat="52.944334" lon="-9.367942"><ele>1.4</ele></trkpt><trkpt lat="52.944323" lon="-9.368298"><ele>1.3</ele></trkpt><trkpt lat="52.943975" lon="-9.370571"><ele>0.7</ele></trkpt><trkpt lat="52.94391" lon="-9.371141"><ele>0.9</ele></trkpt><trkpt lat="52.943938" lon="-9.372005"><ele>1.9</ele></trkpt><trkpt lat="52.943972" lon="-9.372309"><ele>2.4</ele></trkpt><trkpt lat="52.944052" lon="-9.372698"><ele>3.2</ele></trkpt><trkpt lat="52.944305" lon="-9.373768"><ele>5.8</ele></trkpt><trkpt lat="52.944525" lon="-9.374746"><ele>7.8</ele></trkpt><trkpt lat="52.944555" lon="-9.375068"><ele>8.1</ele></trkpt><trkpt lat="52.944556" lon="-9.375364"><ele>8.3</ele></trkpt><trkpt lat="52.9445" lon="-9.375901"><ele>8.4</ele></trkpt><trkpt lat="52.94444" lon="-9.376213"><ele>8.4</ele></trkpt><trkpt lat="52.944367" lon="-9.376443"><ele>8.2</ele></trkpt><trkpt lat="52.943136" lon="-9.379527"><ele>4.5</ele></trkpt><trkpt lat="52.942939" lon="-9.379895"><ele>4.2</ele></trkpt><trkpt lat="52.942856" lon="-9.380017"><ele>4.1</ele></trkpt><trkpt lat="52.942181" lon="-9.38089"><ele>3.7</ele></trkpt><trkpt lat="52.941862" lon="-9.381444"><ele>3.7</ele></trkpt><trkpt lat="52.94156" lon="-9.38212"><ele>3.6</ele></trkpt><trkpt lat="52.94099" lon="-9.383635"><ele>3.1</ele></trkpt><trkpt lat="52.940155" lon="-9.386046"><ele>2.5</ele></trkpt><trkpt lat="52.93994" lon="-9.386508"><ele>2.7</ele></trkpt><trkpt lat="52.939532" lon="-9.387179"><ele>3.1</ele></trkpt><trkpt lat="52.93929" lon="-9.387579"><ele>3.6</ele></trkpt><trkpt lat="52.938818" lon="-9.388494"><ele>5</ele></trkpt><trkpt lat="52.938783" lon="-9.388631"><ele>5.2</ele></trkpt><trkpt lat="52.938757" lon="-9.388797"><ele>5.4</ele></trkpt><trkpt lat="52.938741" lon="-9.389515"><ele>6.3</ele></trkpt><trkpt lat="52.938734" lon="-9.389581"><ele>6.4</ele></trkpt><trkpt lat="52.93868" lon="-9.389973"><ele>7.1</ele></trkpt><trkpt lat="52.938575" lon="-9.390772"><ele>8.4</ele></trkpt><trkpt lat="52.938568" lon="-9.390822"><ele>8.4</ele></trkpt><trkpt lat="52.938441" lon="-9.391727"><ele>9.4</ele></trkpt><trkpt lat="52.938278" lon="-9.39297"><ele>10</ele></trkpt><trkpt lat="52.938326" lon="-9.393418"><ele>10</ele></trkpt><trkpt lat="52.938358" lon="-9.393667"><ele>9.9</ele></trkpt><trkpt lat="52.938417" lon="-9.394068"><ele>9.9</ele></trkpt><trkpt lat="52.938549" lon="-9.394915"><ele>9.8</ele></trkpt><trkpt lat="52.938587" lon="-9.395154"><ele>9.8</ele></trkpt><trkpt lat="52.938645" lon="-9.395527"><ele>9.9</ele></trkpt><trkpt lat="52.938911" lon="-9.397225"><ele>10.2</ele></trkpt><trkpt lat="52.939019" lon="-9.397761"><ele>10.7</ele></trkpt><trkpt lat="52.939109" lon="-9.398147"><ele>11.2</ele></trkpt><trkpt lat="52.939225" lon="-9.398536"><ele>11.8</ele></trkpt><trkpt lat="52.93993" lon="-9.400963"><ele>17.8</ele></trkpt><trkpt lat="52.94061" lon="-9.403538"><ele>22.1</ele></trkpt><trkpt lat="52.940711" lon="-9.403821"><ele>22.4</ele></trkpt><trkpt lat="52.942733" lon="-9.407497"><ele>25.1</ele></trkpt><trkpt lat="52.942831" lon="-9.407743"><ele>25.1</ele></trkpt><trkpt lat="52.942906" lon="-9.408592"><ele>24.7</ele></trkpt><trkpt lat="52.943127" lon="-9.412829"><ele>21.5</ele></trkpt><trkpt lat="52.943256" lon="-9.415447"><ele>22.6</ele></trkpt><trkpt lat="52.943363" lon="-9.41702"><ele>23</ele></trkpt><trkpt lat="52.943297" lon="-9.41798"><ele>22.6</ele></trkpt><trkpt lat="52.943227" lon="-9.418908"><ele>21.6</ele></trkpt><trkpt lat="52.942707" lon="-9.421842"><ele>17.8</ele></trkpt><trkpt lat="52.942699" lon="-9.422034"><ele>17.8</ele></trkpt><trkpt lat="52.942682" lon="-9.422389"><ele>17.8</ele></trkpt><trkpt lat="52.942701" lon="-9.422727"><ele>17.9</ele></trkpt><trkpt lat="52.942797" lon="-9.423248"><ele>18.4</ele></trkpt><trkpt lat="52.942932" lon="-9.423588"><ele>18.9</ele></trkpt><trkpt lat="52.943081" lon="-9.423841"><ele>19.4</ele></trkpt><trkpt lat="52.943258" lon="-9.424055"><ele>19.9</ele></trkpt><trkpt lat="52.943663" lon="-9.424252"><ele>21</ele></trkpt><trkpt lat="52.946595" lon="-9.424989"><ele>29.1</ele></trkpt><trkpt lat="52.948136" lon="-9.425333"><ele>41.7</ele></trkpt><trkpt lat="52.948577" lon="-9.425342"><ele>45.5</ele></trkpt><trkpt lat="52.948786" lon="-9.425297"><ele>47.3</ele></trkpt><trkpt lat="52.948981" lon="-9.425203"><ele>48.9</ele></trkpt><trkpt lat="52.9492" lon="-9.425086"><ele>50.6</ele></trkpt><trkpt lat="52.949446" lon="-9.424867"><ele>52.7</ele></trkpt><trkpt lat="52.950296" lon="-9.423977"><ele>59.2</ele></trkpt><trkpt lat="52.951387" lon="-9.422906"><ele>66.4</ele></trkpt><trkpt lat="52.952003" lon="-9.422284"><ele>69.3</ele></trkpt><trkpt lat="52.952934" lon="-9.421299"><ele>71.1</ele></trkpt><trkpt lat="52.953279" lon="-9.420941"><ele>71.5</ele></trkpt><trkpt lat="52.953455" lon="-9.420809"><ele>71.7</ele></trkpt><trkpt lat="52.95401" lon="-9.42056"><ele>72.7</ele></trkpt><trkpt lat="52.9542" lon="-9.42056"><ele>73.2</ele></trkpt><trkpt lat="52.955522" lon="-9.420929"><ele>78.7</ele></trkpt><trkpt lat="52.96011" lon="-9.422771"><ele>99.6</ele></trkpt><trkpt lat="52.960481" lon="-9.422922"><ele>100.7</ele></trkpt><trkpt lat="52.962225" lon="-9.423523"><ele>105.4</ele></trkpt><trkpt lat="52.964128" lon="-9.424194"><ele>110.7</ele></trkpt><trkpt lat="52.966799" lon="-9.425194"><ele>120.7</ele></trkpt><trkpt lat="52.967873" lon="-9.425597"><ele>123.5</ele></trkpt><trkpt lat="52.968176" lon="-9.425597"><ele>124.5</ele></trkpt><trkpt lat="52.968365" lon="-9.425512"><ele>125.2</ele></trkpt><trkpt lat="52.969372" lon="-9.425019"><ele>131</ele></trkpt><trkpt lat="52.970182" lon="-9.424666"><ele>136.5</ele></trkpt><trkpt lat="52.970309" lon="-9.424608"><ele>137.3</ele></trkpt><trkpt lat="52.971541" lon="-9.42396"><ele>141.4</ele></trkpt><trkpt lat="52.970309" lon="-9.424608"><ele>138.3</ele></trkpt><trkpt lat="52.970182" lon="-9.424666"><ele>138</ele></trkpt><trkpt lat="52.970259" lon="-9.4249"><ele>137.7</ele></trkpt><trkpt lat="52.970376" lon="-9.425504"><ele>137.5</ele></trkpt><trkpt lat="52.970451" lon="-9.4256"><ele>137.6</ele></trkpt><trkpt lat="52.970511" lon="-9.425622"><ele>137.6</ele></trkpt><trkpt lat="52.970497" lon="-9.425685"><ele>137.7</ele></trkpt><trkpt lat="52.970623" lon="-9.425641"><ele>137.8</ele></trkpt><trkpt lat="52.970641" lon="-9.425673"><ele>137.9</ele></trkpt><trkpt lat="52.970889" lon="-9.425828"><ele>138.4</ele></trkpt><trkpt lat="52.970919" lon="-9.425847"><ele>138.5</ele></trkpt><trkpt lat="52.97094" lon="-9.425795"><ele>138.6</ele></trkpt><trkpt lat="52.970956" lon="-9.425748"><ele>138.7</ele></trkpt><trkpt lat="52.971043" lon="-9.425812"><ele>139</ele></trkpt><trkpt lat="52.971453" lon="-9.425907"><ele>140.5</ele></trkpt><trkpt lat="52.971513" lon="-9.425899"><ele>140.7</ele></trkpt><trkpt lat="52.971599" lon="-9.425805"><ele>140.9</ele></trkpt><trkpt lat="52.971634" lon="-9.425682"><ele>141.1</ele></trkpt><trkpt lat="52.97163" lon="-9.425517"><ele>141.3</ele></trkpt><trkpt lat="52.971388" lon="-9.42484"><ele>141.5</ele></trkpt><trkpt lat="52.971315" lon="-9.424747"><ele>141.4</ele></trkpt><trkpt lat="52.971221" lon="-9.424746"><ele>141.3</ele></trkpt><trkpt lat="52.970588" lon="-9.42512"><ele>140.5</ele></trkpt><trkpt lat="52.970472" lon="-9.425107"><ele>140.4</ele></trkpt><trkpt lat="52.970374" lon="-9.425008"><ele>140.3</ele></trkpt><trkpt lat="52.970309" lon="-9.424608"><ele>140.2</ele></trkpt><trkpt lat="52.971541" lon="-9.42396"><ele>144.8</ele></trkpt><trkpt lat="52.972383" lon="-9.423524"><ele>150</ele></trkpt><trkpt lat="52.972544" lon="-9.423442"><ele>151</ele></trkpt><trkpt lat="52.972597" lon="-9.423422"><ele>151.4</ele></trkpt><trkpt lat="52.973107" lon="-9.423176"><ele>154.4</ele></trkpt><trkpt lat="52.977312" lon="-9.421222"><ele>173.8</ele></trkpt><trkpt lat="52.977447" lon="-9.421133"><ele>174.2</ele></trkpt><trkpt lat="52.97793" lon="-9.42069"><ele>175.1</ele></trkpt><trkpt lat="52.978291" lon="-9.420501"><ele>175.1</ele></trkpt><trkpt lat="52.978475" lon="-9.420523"><ele>175</ele></trkpt><trkpt lat="52.978559" lon="-9.420601"><ele>174.8</ele></trkpt><trkpt lat="52.978614" lon="-9.420712"><ele>174.7</ele></trkpt><trkpt lat="52.978914" lon="-9.421679"><ele>171.4</ele></trkpt><trkpt lat="52.979169" lon="-9.422294"><ele>167.9</ele></trkpt><trkpt lat="52.979287" lon="-9.422468"><ele>166.6</ele></trkpt><trkpt lat="52.979397" lon="-9.42257"><ele>165.7</ele></trkpt><trkpt lat="52.979492" lon="-9.422597"><ele>164.9</ele></trkpt><trkpt lat="52.979804" lon="-9.422597"><ele>162.8</ele></trkpt><trkpt lat="52.980005" lon="-9.422574"><ele>161.5</ele></trkpt><trkpt lat="52.98025" lon="-9.422505"><ele>160</ele></trkpt><trkpt lat="52.980387" lon="-9.422316"><ele>159.1</ele></trkpt><trkpt lat="52.980418" lon="-9.42223"><ele>158.8</ele></trkpt><trkpt lat="52.980612" lon="-9.421709"><ele>158</ele></trkpt><trkpt lat="52.981375" lon="-9.419878"><ele>159.2</ele></trkpt><trkpt lat="52.981601" lon="-9.419393"><ele>159.3</ele></trkpt><trkpt lat="52.98174" lon="-9.419169"><ele>159.3</ele></trkpt><trkpt lat="52.982002" lon="-9.418882"><ele>159.1</ele></trkpt><trkpt lat="52.983252" lon="-9.418073"><ele>156.4</ele></trkpt><trkpt lat="52.983367" lon="-9.417961"><ele>156</ele></trkpt><trkpt lat="52.983761" lon="-9.417167"><ele>153.8</ele></trkpt><trkpt lat="52.984172" lon="-9.416214"><ele>150.3</ele></trkpt><trkpt lat="52.984222" lon="-9.416102"><ele>149.9</ele></trkpt><trkpt lat="52.984347" lon="-9.415828"><ele>149</ele></trkpt><trkpt lat="52.984513" lon="-9.415461"><ele>147.9</ele></trkpt><trkpt lat="52.984579" lon="-9.415314"><ele>147.5</ele></trkpt><trkpt lat="52.984789" lon="-9.41485"><ele>146</ele></trkpt><trkpt lat="52.984902" lon="-9.414601"><ele>145.3</ele></trkpt><trkpt lat="52.985124" lon="-9.414124"><ele>144</ele></trkpt><trkpt lat="52.985423" lon="-9.413489"><ele>142.8</ele></trkpt><trkpt lat="52.985739" lon="-9.412808"><ele>141.4</ele></trkpt><trkpt lat="52.985847" lon="-9.412592"><ele>140.8</ele></trkpt><trkpt lat="52.986002" lon="-9.412281"><ele>139.9</ele></trkpt><trkpt lat="52.98611" lon="-9.412042"><ele>139.2</ele></trkpt><trkpt lat="52.986255" lon="-9.411721"><ele>138.4</ele></trkpt><trkpt lat="52.986362" lon="-9.411485"><ele>137.8</ele></trkpt><trkpt lat="52.986526" lon="-9.411133"><ele>137</ele></trkpt><trkpt lat="52.986657" lon="-9.410851"><ele>136.3</ele></trkpt><trkpt lat="52.987126" lon="-9.409769"><ele>133.7</ele></trkpt><trkpt lat="52.987259" lon="-9.409477"><ele>133.1</ele></trkpt><trkpt lat="52.987305" lon="-9.409377"><ele>132.9</ele></trkpt><trkpt lat="52.987519" lon="-9.408912"><ele>131.9</ele></trkpt><trkpt lat="52.987675" lon="-9.40849"><ele>131.1</ele></trkpt><trkpt lat="52.987926" lon="-9.407659"><ele>129.6</ele></trkpt><trkpt lat="52.987949" lon="-9.407581"><ele>129.5</ele></trkpt><trkpt lat="52.98814" lon="-9.40698"><ele>128.5</ele></trkpt><trkpt lat="52.988285" lon="-9.406669"><ele>127.9</ele></trkpt><trkpt lat="52.988472" lon="-9.406368"><ele>127.1</ele></trkpt><trkpt lat="52.988954" lon="-9.405776"><ele>124.6</ele></trkpt><trkpt lat="52.98992" lon="-9.404817"><ele>117.4</ele></trkpt><trkpt lat="52.989974" lon="-9.404905"><ele>116.9</ele></trkpt><trkpt lat="52.990122" lon="-9.405032"><ele>115.7</ele></trkpt><trkpt lat="52.990599" lon="-9.405347"><ele>112.6</ele></trkpt><trkpt lat="52.991176" lon="-9.405625"><ele>109.6</ele></trkpt><trkpt lat="52.991599" lon="-9.405758"><ele>107.7</ele></trkpt><trkpt lat="52.992239" lon="-9.405749"><ele>105.3</ele></trkpt><trkpt lat="52.99239" lon="-9.405688"><ele>104.7</ele></trkpt><trkpt lat="52.99262" lon="-9.4055"><ele>104</ele></trkpt><trkpt lat="52.992707" lon="-9.405328"><ele>103.6</ele></trkpt><trkpt lat="52.992778" lon="-9.40521"><ele>103.3</ele></trkpt><trkpt lat="52.992973" lon="-9.405041"><ele>102.9</ele></trkpt><trkpt lat="52.993101" lon="-9.404978"><ele>102.7</ele></trkpt><trkpt lat="52.993364" lon="-9.40492"><ele>102.3</ele></trkpt><trkpt lat="52.993564" lon="-9.404799"><ele>102</ele></trkpt><trkpt lat="52.994067" lon="-9.404112"><ele>101.5</ele></trkpt><trkpt lat="52.99461" lon="-9.403338"><ele>100.5</ele></trkpt><trkpt lat="52.994645" lon="-9.403286"><ele>100.4</ele></trkpt><trkpt lat="52.994661" lon="-9.403263"><ele>100.3</ele></trkpt><trkpt lat="52.994935" lon="-9.402868"><ele>99.4</ele></trkpt><trkpt lat="52.995266" lon="-9.402356"><ele>97.7</ele></trkpt><trkpt lat="52.995553" lon="-9.401877"><ele>96.3</ele></trkpt><trkpt lat="52.995652" lon="-9.401726"><ele>95.8</ele></trkpt><trkpt lat="52.995856" lon="-9.401415"><ele>94.5</ele></trkpt><trkpt lat="52.996092" lon="-9.401045"><ele>92.9</ele></trkpt><trkpt lat="52.996469" lon="-9.400447"><ele>89.9</ele></trkpt><trkpt lat="52.996679" lon="-9.400164"><ele>88.4</ele></trkpt><trkpt lat="52.99704" lon="-9.39989"><ele>86.3</ele></trkpt><trkpt lat="52.997067" lon="-9.399871"><ele>86.1</ele></trkpt><trkpt lat="52.99738" lon="-9.399694"><ele>84.3</ele></trkpt><trkpt lat="52.997605" lon="-9.399569"><ele>83</ele></trkpt><trkpt lat="52.998035" lon="-9.39928"><ele>80.9</ele></trkpt><trkpt lat="52.998195" lon="-9.399106"><ele>80.2</ele></trkpt><trkpt lat="52.998859" lon="-9.398047"><ele>77.5</ele></trkpt><trkpt lat="52.999183" lon="-9.39749"><ele>75.9</ele></trkpt><trkpt lat="52.999424" lon="-9.397047"><ele>74.9</ele></trkpt><trkpt lat="52.999735" lon="-9.396445"><ele>73.7</ele></trkpt><trkpt lat="53.000232" lon="-9.395548"><ele>71.4</ele></trkpt><trkpt lat="53.000286" lon="-9.395461"><ele>71.2</ele></trkpt><trkpt lat="53.000351" lon="-9.395356"><ele>71</ele></trkpt><trkpt lat="53.000581" lon="-9.394971"><ele>70.3</ele></trkpt><trkpt lat="53.000993" lon="-9.394428"><ele>69.2</ele></trkpt><trkpt lat="53.00123" lon="-9.393988"><ele>68.3</ele></trkpt><trkpt lat="53.001551" lon="-9.393237"><ele>66.9</ele></trkpt><trkpt lat="53.001753" lon="-9.39264"><ele>65.3</ele></trkpt><trkpt lat="53.001984" lon="-9.392081"><ele>63.1</ele></trkpt><trkpt lat="53.002216" lon="-9.391695"><ele>61.1</ele></trkpt><trkpt lat="53.002422" lon="-9.391597"><ele>59.7</ele></trkpt><trkpt lat="53.002795" lon="-9.391563"><ele>57.4</ele></trkpt><trkpt lat="53.003064" lon="-9.391494"><ele>55.8</ele></trkpt><trkpt lat="53.003263" lon="-9.391277"><ele>54.5</ele></trkpt><trkpt lat="53.003893" lon="-9.389415"><ele>51.4</ele></trkpt><trkpt lat="53.003931" lon="-9.38924"><ele>51.1</ele></trkpt><trkpt lat="53.003919" lon="-9.389061"><ele>50.8</ele></trkpt><trkpt lat="53.00384" lon="-9.388806"><ele>50.3</ele></trkpt><trkpt lat="53.003838" lon="-9.388693"><ele>50.1</ele></trkpt><trkpt lat="53.004109" lon="-9.388826"><ele>49</ele></trkpt><trkpt lat="53.004167" lon="-9.388814"><ele>48.7</ele></trkpt><trkpt lat="53.00423" lon="-9.388747"><ele>48.3</ele></trkpt><trkpt lat="53.004303" lon="-9.388613"><ele>47.7</ele></trkpt><trkpt lat="53.004552" lon="-9.387927"><ele>44.6</ele></trkpt><trkpt lat="53.004645" lon="-9.387839"><ele>43.7</ele></trkpt><trkpt lat="53.005268" lon="-9.388065"><ele>38.2</ele></trkpt><trkpt lat="53.005455" lon="-9.3881"><ele>36.6</ele></trkpt><trkpt lat="53.006323" lon="-9.3882"><ele>30.9</ele></trkpt><trkpt lat="53.007792" lon="-9.38851"><ele>27.4</ele></trkpt><trkpt lat="53.008676" lon="-9.388617"><ele>27.8</ele></trkpt><trkpt lat="53.009538" lon="-9.388712"><ele>28.5</ele></trkpt><trkpt lat="53.009942" lon="-9.388767"><ele>28.3</ele></trkpt><trkpt lat="53.010126" lon="-9.388517"><ele>28</ele></trkpt><trkpt lat="53.010331" lon="-9.38812"><ele>27.3</ele></trkpt><trkpt lat="53.010554" lon="-9.387597"><ele>26</ele></trkpt><trkpt lat="53.010678" lon="-9.38722"><ele>25</ele></trkpt><trkpt lat="53.01085" lon="-9.386929"><ele>24.1</ele></trkpt><trkpt lat="53.011208" lon="-9.386662"><ele>22.8</ele></trkpt><trkpt lat="53.011341" lon="-9.386485"><ele>22.3</ele></trkpt><trkpt lat="53.011432" lon="-9.386358"><ele>22</ele></trkpt><trkpt lat="53.012161" lon="-9.385015"><ele>17.5</ele></trkpt><trkpt lat="53.012216" lon="-9.384916"><ele>17.2</ele></trkpt><trkpt lat="53.012333" lon="-9.384721"><ele>16.5</ele></trkpt><trkpt lat="53.012424" lon="-9.384592"><ele>15.9</ele></trkpt><trkpt lat="53.012501" lon="-9.38457"><ele>15.5</ele></trkpt><trkpt lat="53.012501" lon="-9.384725"><ele>15</ele></trkpt><trkpt lat="53.012551" lon="-9.384927"><ele>14.3</ele></trkpt><trkpt lat="53.01262" lon="-9.385079"><ele>13.6</ele></trkpt><trkpt lat="53.012622" lon="-9.385169"><ele>13.3</ele></trkpt><trkpt lat="53.012615" lon="-9.385226"><ele>13.1</ele></trkpt><trkpt lat="53.012499" lon="-9.385605"><ele>11.8</ele></trkpt><trkpt lat="53.012428" lon="-9.385976"><ele>10.8</ele></trkpt><trkpt lat="53.01241" lon="-9.38621"><ele>10.4</ele></trkpt><trkpt lat="53.012399" lon="-9.386349"><ele>10.2</ele></trkpt><trkpt lat="53.012357" lon="-9.387065"><ele>10</ele></trkpt><trkpt lat="53.01233" lon="-9.387647"><ele>10</ele></trkpt><trkpt lat="53.012308" lon="-9.388237"><ele>10.4</ele></trkpt><trkpt lat="53.0123" lon="-9.388465"><ele>10.6</ele></trkpt><trkpt lat="53.012261" lon="-9.389624"><ele>11.3</ele></trkpt><trkpt lat="53.0123" lon="-9.388465"><ele>10.6</ele></trkpt><trkpt lat="53.012308" lon="-9.388237"><ele>10.4</ele></trkpt><trkpt lat="53.01233" lon="-9.387647"><ele>10</ele></trkpt><trkpt lat="53.012357" lon="-9.387065"><ele>10</ele></trkpt><trkpt lat="53.012399" lon="-9.386349"><ele>10.2</ele></trkpt><trkpt lat="53.01241" lon="-9.38621"><ele>10.4</ele></trkpt><trkpt lat="53.012428" lon="-9.385976"><ele>10.6</ele></trkpt><trkpt lat="53.012499" lon="-9.385605"><ele>10.9</ele></trkpt><trkpt lat="53.012615" lon="-9.385226"><ele>11.1</ele></trkpt><trkpt lat="53.012622" lon="-9.385169"><ele>11.1</ele></trkpt><trkpt lat="53.01262" lon="-9.385079"><ele>11.2</ele></trkpt><trkpt lat="53.012551" lon="-9.384927"><ele>11.3</ele></trkpt><trkpt lat="53.012501" lon="-9.384725"><ele>11.4</ele></trkpt><trkpt lat="53.012501" lon="-9.38457"><ele>11.5</ele></trkpt><trkpt lat="53.012531" lon="-9.384447"><ele>11.6</ele></trkpt><trkpt lat="53.012726" lon="-9.384115"><ele>11.9</ele></trkpt><trkpt lat="53.012885" lon="-9.383851"><ele>12</ele></trkpt><trkpt lat="53.012921" lon="-9.38379"><ele>12</ele></trkpt><trkpt lat="53.012966" lon="-9.38373"><ele>12.1</ele></trkpt><trkpt lat="53.013011" lon="-9.383668"><ele>12.1</ele></trkpt><trkpt lat="53.013221" lon="-9.383361"><ele>12.2</ele></trkpt><trkpt lat="53.0134" lon="-9.383016"><ele>12.1</ele></trkpt><trkpt lat="53.013606" lon="-9.382516"><ele>12.5</ele></trkpt><trkpt lat="53.014109" lon="-9.381207"><ele>14.5</ele></trkpt><trkpt lat="53.014474" lon="-9.380361"><ele>15.6</ele></trkpt><trkpt lat="53.01476" lon="-9.379713"><ele>16.2</ele></trkpt><trkpt lat="53.0151" lon="-9.379074"><ele>16.6</ele></trkpt><trkpt lat="53.015209" lon="-9.378896"><ele>16.7</ele></trkpt><trkpt lat="53.015219" lon="-9.37888"><ele>16.7</ele></trkpt><trkpt lat="53.015476" lon="-9.37846"><ele>16.9</ele></trkpt><trkpt lat="53.015766" lon="-9.377984"><ele>17.1</ele></trkpt><trkpt lat="53.015966" lon="-9.377631"><ele>17.2</ele></trkpt><trkpt lat="53.016015" lon="-9.377547"><ele>17.2</ele></trkpt><trkpt lat="53.016425" lon="-9.376818"><ele>17.9</ele></trkpt><trkpt lat="53.016544" lon="-9.376586"><ele>18.1</ele></trkpt><trkpt lat="53.016726" lon="-9.376033"><ele>18.7</ele></trkpt><trkpt lat="53.016817" lon="-9.375737"><ele>19</ele></trkpt><trkpt lat="53.016853" lon="-9.375609"><ele>19.2</ele></trkpt><trkpt lat="53.016997" lon="-9.37505"><ele>19.8</ele></trkpt><trkpt lat="53.017062" lon="-9.374697"><ele>20.2</ele></trkpt><trkpt lat="53.017262" lon="-9.373621"><ele>21.1</ele></trkpt><trkpt lat="53.017373" lon="-9.373141"><ele>21.3</ele></trkpt><trkpt lat="53.017499" lon="-9.372759"><ele>21.3</ele></trkpt><trkpt lat="53.017579" lon="-9.372623"><ele>21.2</ele></trkpt><trkpt lat="53.017605" lon="-9.372586"><ele>21.2</ele></trkpt><trkpt lat="53.017798" lon="-9.372391"><ele>21.1</ele></trkpt><trkpt lat="53.017859" lon="-9.372333"><ele>21.1</ele></trkpt><trkpt lat="53.018109" lon="-9.372124"><ele>21</ele></trkpt><trkpt lat="53.018205" lon="-9.372047"><ele>21</ele></trkpt><trkpt lat="53.018364" lon="-9.371914"><ele>21</ele></trkpt><trkpt lat="53.018521" lon="-9.371771"><ele>21</ele></trkpt><trkpt lat="53.018659" lon="-9.371643"><ele>21.1</ele></trkpt><trkpt lat="53.018828" lon="-9.371488"><ele>21.3</ele></trkpt><trkpt lat="53.01891" lon="-9.371425"><ele>21.5</ele></trkpt><trkpt lat="53.019175" lon="-9.371276"><ele>21.9</ele></trkpt><trkpt lat="53.019197" lon="-9.371259"><ele>21.9</ele></trkpt><trkpt lat="53.019444" lon="-9.371075"><ele>22.5</ele></trkpt><trkpt lat="53.019514" lon="-9.371024"><ele>22.7</ele></trkpt><trkpt lat="53.019639" lon="-9.370931"><ele>23.1</ele></trkpt><trkpt lat="53.019767" lon="-9.370835"><ele>23.5</ele></trkpt><trkpt lat="53.019803" lon="-9.370809"><ele>23.6</ele></trkpt><trkpt lat="53.020176" lon="-9.370531"><ele>24.9</ele></trkpt><trkpt lat="53.020247" lon="-9.370482"><ele>25.2</ele></trkpt><trkpt lat="53.020544" lon="-9.370288"><ele>26.2</ele></trkpt><trkpt lat="53.020565" lon="-9.370274"><ele>26.3</ele></trkpt><trkpt lat="53.020762" lon="-9.370141"><ele>27</ele></trkpt><trkpt lat="53.020924" lon="-9.370031"><ele>27.6</ele></trkpt><trkpt lat="53.021157" lon="-9.369858"><ele>28.4</ele></trkpt><trkpt lat="53.021311" lon="-9.369734"><ele>29</ele></trkpt><trkpt lat="53.021555" lon="-9.36954"><ele>29.9</ele></trkpt><trkpt lat="53.021761" lon="-9.36939"><ele>30.7</ele></trkpt><trkpt lat="53.021802" lon="-9.369357"><ele>30.9</ele></trkpt><trkpt lat="53.022162" lon="-9.369076"><ele>32.2</ele></trkpt><trkpt lat="53.022204" lon="-9.369045"><ele>32.4</ele></trkpt><trkpt lat="53.022268" lon="-9.368997"><ele>32.6</ele></trkpt><trkpt lat="53.022412" lon="-9.368875"><ele>33.2</ele></trkpt><trkpt lat="53.022929" lon="-9.368486"><ele>35.2</ele></trkpt><trkpt lat="53.023051" lon="-9.368397"><ele>35.7</ele></trkpt><trkpt lat="53.023576" lon="-9.368043"><ele>38.1</ele></trkpt><trkpt lat="53.024028" lon="-9.367806"><ele>40.5</ele></trkpt><trkpt lat="53.024544" lon="-9.367562"><ele>44</ele></trkpt><trkpt lat="53.024857" lon="-9.367463"><ele>46.3</ele></trkpt><trkpt lat="53.024932" lon="-9.367454"><ele>46.8</ele></trkpt><trkpt lat="53.025713" lon="-9.36732"><ele>52.1</ele></trkpt><trkpt lat="53.026208" lon="-9.367175"><ele>55.1</ele></trkpt><trkpt lat="53.027239" lon="-9.367022"><ele>59.6</ele></trkpt><trkpt lat="53.027419" lon="-9.366988"><ele>60.4</ele></trkpt><trkpt lat="53.028148" lon="-9.366856"><ele>63.2</ele></trkpt><trkpt lat="53.028793" lon="-9.366715"><ele>65.7</ele></trkpt><trkpt lat="53.029" lon="-9.366686"><ele>66.4</ele></trkpt><trkpt lat="53.029502" lon="-9.366564"><ele>68.2</ele></trkpt><trkpt lat="53.029935" lon="-9.36645"><ele>69.6</ele></trkpt><trkpt lat="53.030537" lon="-9.366093"><ele>70.9</ele></trkpt><trkpt lat="53.030894" lon="-9.36586"><ele>71.4</ele></trkpt><trkpt lat="53.031552" lon="-9.365359"><ele>71.7</ele></trkpt><trkpt lat="53.03198" lon="-9.365049"><ele>71.5</ele></trkpt><trkpt lat="53.032162" lon="-9.364878"><ele>71.4</ele></trkpt><trkpt lat="53.032747" lon="-9.36408"><ele>71.4</ele></trkpt><trkpt lat="53.032799" lon="-9.36401"><ele>71.4</ele></trkpt><trkpt lat="53.033046" lon="-9.363682"><ele>71.5</ele></trkpt><trkpt lat="53.033493" lon="-9.363098"><ele>72.1</ele></trkpt><trkpt lat="53.033929" lon="-9.362145"><ele>73.7</ele></trkpt><trkpt lat="53.034044" lon="-9.361893"><ele>74.3</ele></trkpt><trkpt lat="53.034155" lon="-9.361651"><ele>74.9</ele></trkpt><trkpt lat="53.0345" lon="-9.360883"><ele>76.9</ele></trkpt><trkpt lat="53.034512" lon="-9.360859"><ele>77</ele></trkpt><trkpt lat="53.034541" lon="-9.360794"><ele>77.2</ele></trkpt><trkpt lat="53.034758" lon="-9.360317"><ele>78.5</ele></trkpt><trkpt lat="53.034807" lon="-9.360209"><ele>78.8</ele></trkpt><trkpt lat="53.035097" lon="-9.359573"><ele>80.3</ele></trkpt><trkpt lat="53.03554" lon="-9.358563"><ele>82.1</ele></trkpt><trkpt lat="53.035941" lon="-9.357647"><ele>83</ele></trkpt><trkpt lat="53.036071" lon="-9.357352"><ele>83.2</ele></trkpt><trkpt lat="53.036129" lon="-9.357219"><ele>83.3</ele></trkpt><trkpt lat="53.036876" lon="-9.355434"><ele>83.8</ele></trkpt><trkpt lat="53.036901" lon="-9.355377"><ele>83.9</ele></trkpt><trkpt lat="53.037097" lon="-9.354894"><ele>83.9</ele></trkpt><trkpt lat="53.037115" lon="-9.354851"><ele>83.9</ele></trkpt><trkpt lat="53.037315" lon="-9.354377"><ele>83.9</ele></trkpt><trkpt lat="53.037401" lon="-9.354171"><ele>83.8</ele></trkpt><trkpt lat="53.037648" lon="-9.353592"><ele>83.7</ele></trkpt><trkpt lat="53.038003" lon="-9.352758"><ele>83.6</ele></trkpt><trkpt lat="53.038527" lon="-9.351514"><ele>83.7</ele></trkpt><trkpt lat="53.039797" lon="-9.34856"><ele>86.5</ele></trkpt><trkpt lat="53.040018" lon="-9.348044"><ele>86.3</ele></trkpt><trkpt lat="53.04018" lon="-9.347657"><ele>85.7</ele></trkpt><trkpt lat="53.04024" lon="-9.347565"><ele>85.5</ele></trkpt><trkpt lat="53.04049" lon="-9.34735"><ele>84.5</ele></trkpt><trkpt lat="53.041287" lon="-9.346736"><ele>79.4</ele></trkpt><trkpt lat="53.042131" lon="-9.345998"><ele>74.1</ele></trkpt><trkpt lat="53.042687" lon="-9.345517"><ele>72.7</ele></trkpt><trkpt lat="53.042809" lon="-9.345427"><ele>72.7</ele></trkpt><trkpt lat="53.042912" lon="-9.345356"><ele>72.7</ele></trkpt><trkpt lat="53.043524" lon="-9.345023"><ele>73.7</ele></trkpt><trkpt lat="53.043645" lon="-9.344914"><ele>74.1</ele></trkpt><trkpt lat="53.043752" lon="-9.344681"><ele>74.6</ele></trkpt><trkpt lat="53.044054" lon="-9.34393"><ele>76.6</ele></trkpt><trkpt lat="53.044703" lon="-9.342585"><ele>81.4</ele></trkpt><trkpt lat="53.045057" lon="-9.342028"><ele>84.3</ele></trkpt><trkpt lat="53.045238" lon="-9.341821"><ele>85.7</ele></trkpt><trkpt lat="53.045407" lon="-9.341628"><ele>87</ele></trkpt><trkpt lat="53.045653" lon="-9.341433"><ele>88.6</ele></trkpt><trkpt lat="53.046146" lon="-9.34126"><ele>90.6</ele></trkpt><trkpt lat="53.046245" lon="-9.341188"><ele>90.9</ele></trkpt><trkpt lat="53.046593" lon="-9.341371"><ele>91.4</ele></trkpt><trkpt lat="53.046758" lon="-9.341513"><ele>91.4</ele></trkpt><trkpt lat="53.047282" lon="-9.342101"><ele>89.2</ele></trkpt><trkpt lat="53.047569" lon="-9.342491"><ele>87</ele></trkpt><trkpt lat="53.047755" lon="-9.343078"><ele>84.7</ele></trkpt><trkpt lat="53.047815" lon="-9.343174"><ele>84.2</ele></trkpt><trkpt lat="53.047886" lon="-9.343221"><ele>83.8</ele></trkpt><trkpt lat="53.048051" lon="-9.343201"><ele>82.9</ele></trkpt><trkpt lat="53.048568" lon="-9.342552"><ele>79.8</ele></trkpt><trkpt lat="53.048709" lon="-9.342411"><ele>79</ele></trkpt><trkpt lat="53.04886" lon="-9.34232"><ele>78.3</ele></trkpt><trkpt lat="53.049355" lon="-9.342147"><ele>76.2</ele></trkpt><trkpt lat="53.04947" lon="-9.342071"><ele>75.6</ele></trkpt><trkpt lat="53.049822" lon="-9.341679"><ele>73.4</ele></trkpt><trkpt lat="53.050077" lon="-9.34146"><ele>71.7</ele></trkpt><trkpt lat="53.050336" lon="-9.341399"><ele>70.1</ele></trkpt><trkpt lat="53.050836" lon="-9.341493"><ele>67</ele></trkpt><trkpt lat="53.051655" lon="-9.341424"><ele>62.2</ele></trkpt><trkpt lat="53.051893" lon="-9.341474"><ele>61</ele></trkpt><trkpt lat="53.052101" lon="-9.341621"><ele>59.9</ele></trkpt><trkpt lat="53.052298" lon="-9.341882"><ele>58.7</ele></trkpt><trkpt lat="53.05237" lon="-9.342051"><ele>58.2</ele></trkpt><trkpt lat="53.052402" lon="-9.342248"><ele>57.7</ele></trkpt><trkpt lat="53.052367" lon="-9.342616"><ele>56.8</ele></trkpt><trkpt lat="53.052293" lon="-9.342809"><ele>56.3</ele></trkpt><trkpt lat="53.051871" lon="-9.343547"><ele>54.1</ele></trkpt><trkpt lat="53.051392" lon="-9.344462"><ele>51</ele></trkpt><trkpt lat="53.051333" lon="-9.344776"><ele>50.1</ele></trkpt><trkpt lat="53.051325" lon="-9.344945"><ele>49.6</ele></trkpt><trkpt lat="53.051366" lon="-9.345156"><ele>49</ele></trkpt><trkpt lat="53.051618" lon="-9.346031"><ele>46</ele></trkpt><trkpt lat="53.051716" lon="-9.346226"><ele>45.2</ele></trkpt><trkpt lat="53.051973" lon="-9.346562"><ele>43.5</ele></trkpt><trkpt lat="53.051995" lon="-9.346589"><ele>43.3</ele></trkpt><trkpt lat="53.054793" lon="-9.349604"><ele>27.2</ele></trkpt><trkpt lat="53.054879" lon="-9.349769"><ele>26.5</ele></trkpt><trkpt lat="53.05496" lon="-9.35001"><ele>25.7</ele></trkpt><trkpt lat="53.055059" lon="-9.350487"><ele>24.3</ele></trkpt><trkpt lat="53.05516" lon="-9.351166"><ele>22.3</ele></trkpt><trkpt lat="53.055222" lon="-9.35142"><ele>21.5</ele></trkpt><trkpt lat="53.055323" lon="-9.351731"><ele>20.4</ele></trkpt><trkpt lat="53.055557" lon="-9.352312"><ele>18.4</ele></trkpt><trkpt lat="53.05563" lon="-9.352566"><ele>17.6</ele></trkpt><trkpt lat="53.055766" lon="-9.353613"><ele>15.3</ele></trkpt><trkpt lat="53.055846" lon="-9.353887"><ele>14.8</ele></trkpt><trkpt lat="53.056042" lon="-9.354365"><ele>14.1</ele></trkpt><trkpt lat="53.056265" lon="-9.354635"><ele>13.8</ele></trkpt><trkpt lat="53.056554" lon="-9.354832"><ele>13.7</ele></trkpt><trkpt lat="53.056664" lon="-9.354952"><ele>13.7</ele></trkpt><trkpt lat="53.056798" lon="-9.35524"><ele>13.8</ele></trkpt><trkpt lat="53.056859" lon="-9.355475"><ele>13.9</ele></trkpt><trkpt lat="53.05709" lon="-9.356949"><ele>14.1</ele></trkpt><trkpt lat="53.057214" lon="-9.357464"><ele>13.8</ele></trkpt><trkpt lat="53.057369" lon="-9.357746"><ele>13.6</ele></trkpt><trkpt lat="53.057518" lon="-9.357902"><ele>13.4</ele></trkpt><trkpt lat="53.058039" lon="-9.358383"><ele>12.6</ele></trkpt><trkpt lat="53.05819" lon="-9.35849"><ele>12.3</ele></trkpt><trkpt lat="53.058552" lon="-9.358642"><ele>11.7</ele></trkpt><trkpt lat="53.058677" lon="-9.358763"><ele>11.5</ele></trkpt><trkpt lat="53.058779" lon="-9.358944"><ele>11.2</ele></trkpt><trkpt lat="53.059348" lon="-9.36038"><ele>9.9</ele></trkpt><trkpt lat="53.059374" lon="-9.360571"><ele>9.8</ele></trkpt><trkpt lat="53.059358" lon="-9.360748"><ele>9.8</ele></trkpt><trkpt lat="53.059257" lon="-9.361114"><ele>9.8</ele></trkpt><trkpt lat="53.059245" lon="-9.361301"><ele>9.9</ele></trkpt><trkpt lat="53.059275" lon="-9.361466"><ele>10</ele></trkpt><trkpt lat="53.059359" lon="-9.361628"><ele>10.2</ele></trkpt><trkpt lat="53.060386" lon="-9.362189"><ele>12.2</ele></trkpt><trkpt lat="53.060513" lon="-9.362225"><ele>12.5</ele></trkpt><trkpt lat="53.060703" lon="-9.362232"><ele>12.8</ele></trkpt><trkpt lat="53.061116" lon="-9.362109"><ele>13.4</ele></trkpt><trkpt lat="53.063495" lon="-9.360614"><ele>12.3</ele></trkpt><trkpt lat="53.064039" lon="-9.360261"><ele>11.9</ele></trkpt><trkpt lat="53.064563" lon="-9.359866"><ele>11.6</ele></trkpt><trkpt lat="53.064925" lon="-9.359575"><ele>11.7</ele></trkpt><trkpt lat="53.065126" lon="-9.359463"><ele>11.9</ele></trkpt><trkpt lat="53.065345" lon="-9.359398"><ele>12.2</ele></trkpt><trkpt lat="53.065789" lon="-9.359348"><ele>13</ele></trkpt><trkpt lat="53.066346" lon="-9.359352"><ele>14.3</ele></trkpt><trkpt lat="53.066995" lon="-9.359238"><ele>16.5</ele></trkpt><trkpt lat="53.067701" lon="-9.359344"><ele>19.2</ele></trkpt><trkpt lat="53.067929" lon="-9.359296"><ele>20.2</ele></trkpt><trkpt lat="53.068355" lon="-9.359102"><ele>22</ele></trkpt><trkpt lat="53.070162" lon="-9.357921"><ele>29.7</ele></trkpt><trkpt lat="53.070872" lon="-9.357347"><ele>33.7</ele></trkpt><trkpt lat="53.071006" lon="-9.357216"><ele>34.6</ele></trkpt><trkpt lat="53.071343" lon="-9.35677"><ele>36.9</ele></trkpt><trkpt lat="53.071889" lon="-9.355853"><ele>40.9</ele></trkpt><trkpt lat="53.072602" lon="-9.354815"><ele>44.7</ele></trkpt><trkpt lat="53.073076" lon="-9.354035"><ele>46.8</ele></trkpt><trkpt lat="53.073442" lon="-9.353331"><ele>48.5</ele></trkpt><trkpt lat="53.073658" lon="-9.352808"><ele>49.4</ele></trkpt><trkpt lat="53.073848" lon="-9.352255"><ele>50.2</ele></trkpt><trkpt lat="53.074393" lon="-9.350468"><ele>51.8</ele></trkpt><trkpt lat="53.075378" lon="-9.346712"><ele>55.5</ele></trkpt><trkpt lat="53.075659" lon="-9.345746"><ele>57.4</ele></trkpt><trkpt lat="53.075871" lon="-9.345296"><ele>58.4</ele></trkpt><trkpt lat="53.076309" lon="-9.34455"><ele>59.7</ele></trkpt><trkpt lat="53.076609" lon="-9.343935"><ele>59.9</ele></trkpt><trkpt lat="53.077137" lon="-9.342631"><ele>58.2</ele></trkpt><trkpt lat="53.078955" lon="-9.339171"><ele>47.3</ele></trkpt><trkpt lat="53.079178" lon="-9.338546"><ele>46.1</ele></trkpt><trkpt lat="53.079338" lon="-9.337995"><ele>44.9</ele></trkpt><trkpt lat="53.079562" lon="-9.337021"><ele>42.1</ele></trkpt><trkpt lat="53.07967" lon="-9.33682"><ele>41.2</ele></trkpt><trkpt lat="53.080249" lon="-9.336211"><ele>36.8</ele></trkpt><trkpt lat="53.081031" lon="-9.33525"><ele>29.4</ele></trkpt><trkpt lat="53.081182" lon="-9.334974"><ele>28.1</ele></trkpt><trkpt lat="53.08137" lon="-9.334472"><ele>26.3</ele></trkpt><trkpt lat="53.081692" lon="-9.333448"><ele>24</ele></trkpt><trkpt lat="53.081963" lon="-9.332234"><ele>23.8</ele></trkpt><trkpt lat="53.082133" lon="-9.331365"><ele>24.5</ele></trkpt><trkpt lat="53.082263" lon="-9.330933"><ele>25.1</ele></trkpt><trkpt lat="53.082421" lon="-9.330637"><ele>25.7</ele></trkpt><trkpt lat="53.082904" lon="-9.329923"><ele>27.4</ele></trkpt><trkpt lat="53.083427" lon="-9.329169"><ele>28.7</ele></trkpt><trkpt lat="53.083906" lon="-9.328425"><ele>29.6</ele></trkpt><trkpt lat="53.084069" lon="-9.328138"><ele>30</ele></trkpt><trkpt lat="53.08427" lon="-9.327696"><ele>30.6</ele></trkpt><trkpt lat="53.084392" lon="-9.327214"><ele>31.2</ele></trkpt><trkpt lat="53.084682" lon="-9.325527"><ele>33</ele></trkpt><trkpt lat="53.084769" lon="-9.32499"><ele>33.1</ele></trkpt><trkpt lat="53.084877" lon="-9.324094"><ele>32.3</ele></trkpt><trkpt lat="53.084947" lon="-9.323545"><ele>31.1</ele></trkpt><trkpt lat="53.085053" lon="-9.323001"><ele>29.5</ele></trkpt><trkpt lat="53.08511" lon="-9.322757"><ele>28.7</ele></trkpt><trkpt lat="53.085164" lon="-9.322539"><ele>28.1</ele></trkpt><trkpt lat="53.085482" lon="-9.32132"><ele>24.3</ele></trkpt><trkpt lat="53.085697" lon="-9.320582"><ele>21.8</ele></trkpt><trkpt lat="53.085856" lon="-9.32022"><ele>20.5</ele></trkpt><trkpt lat="53.085967" lon="-9.32003"><ele>19.9</ele></trkpt><trkpt lat="53.086318" lon="-9.319417"><ele>17.8</ele></trkpt><trkpt lat="53.086476" lon="-9.319058"><ele>16.6</ele></trkpt><trkpt lat="53.086785" lon="-9.318241"><ele>14.1</ele></trkpt><trkpt lat="53.087025" lon="-9.317551"><ele>13</ele></trkpt><trkpt lat="53.087285" lon="-9.316796"><ele>12.1</ele></trkpt><trkpt lat="53.087456" lon="-9.316491"><ele>11.8</ele></trkpt><trkpt lat="53.087869" lon="-9.315871"><ele>11.6</ele></trkpt><trkpt lat="53.088162" lon="-9.315424"><ele>11.9</ele></trkpt><trkpt lat="53.088233" lon="-9.315313"><ele>11.9</ele></trkpt><trkpt lat="53.088339" lon="-9.315149"><ele>12</ele></trkpt><trkpt lat="53.088533" lon="-9.314851"><ele>12.2</ele></trkpt><trkpt lat="53.08915" lon="-9.313942"><ele>13.3</ele></trkpt><trkpt lat="53.089759" lon="-9.313023"><ele>14.5</ele></trkpt><trkpt lat="53.090273" lon="-9.312197"><ele>15.3</ele></trkpt><trkpt lat="53.090339" lon="-9.31209"><ele>15.3</ele></trkpt><trkpt lat="53.090717" lon="-9.311481"><ele>14.8</ele></trkpt><trkpt lat="53.090875" lon="-9.311227"><ele>14.5</ele></trkpt><trkpt lat="53.090987" lon="-9.311043"><ele>14.3</ele></trkpt><trkpt lat="53.091549" lon="-9.310127"><ele>13.1</ele></trkpt><trkpt lat="53.091695" lon="-9.309889"><ele>12.8</ele></trkpt><trkpt lat="53.091779" lon="-9.309752"><ele>12.7</ele></trkpt><trkpt lat="53.092036" lon="-9.309324"><ele>12.5</ele></trkpt><trkpt lat="53.092119" lon="-9.309184"><ele>12.6</ele></trkpt><trkpt lat="53.09258" lon="-9.308402"><ele>13.8</ele></trkpt><trkpt lat="53.093698" lon="-9.306415"><ele>18.9</ele></trkpt><trkpt lat="53.093851" lon="-9.306155"><ele>19.3</ele></trkpt><trkpt lat="53.093969" lon="-9.306022"><ele>19.5</ele></trkpt><trkpt lat="53.094618" lon="-9.305569"><ele>19.9</ele></trkpt><trkpt lat="53.094994" lon="-9.305327"><ele>19.8</ele></trkpt><trkpt lat="53.095182" lon="-9.305209"><ele>19.7</ele></trkpt><trkpt lat="53.095802" lon="-9.304811"><ele>19.5</ele></trkpt><trkpt lat="53.096173" lon="-9.304535"><ele>19.5</ele></trkpt><trkpt lat="53.096452" lon="-9.30406"><ele>19.4</ele></trkpt><trkpt lat="53.09659" lon="-9.303718"><ele>19.1</ele></trkpt><trkpt lat="53.096707" lon="-9.303397"><ele>18.9</ele></trkpt><trkpt lat="53.096919" lon="-9.302992"><ele>18.7</ele></trkpt><trkpt lat="53.096988" lon="-9.302904"><ele>18.6</ele></trkpt><trkpt lat="53.097368" lon="-9.302385"><ele>18.3</ele></trkpt><trkpt lat="53.097457" lon="-9.302222"><ele>18.2</ele></trkpt><trkpt lat="53.097503" lon="-9.302138"><ele>18.1</ele></trkpt><trkpt lat="53.097901" lon="-9.301438"><ele>17.7</ele></trkpt><trkpt lat="53.098202" lon="-9.300832"><ele>17.8</ele></trkpt><trkpt lat="53.098495" lon="-9.300205"><ele>18.1</ele></trkpt><trkpt lat="53.09865" lon="-9.299976"><ele>18.3</ele></trkpt><trkpt lat="53.098942" lon="-9.299644"><ele>18.8</ele></trkpt><trkpt lat="53.099222" lon="-9.299213"><ele>19.6</ele></trkpt><trkpt lat="53.099632" lon="-9.298571"><ele>20.7</ele></trkpt><trkpt lat="53.099807" lon="-9.298308"><ele>21.3</ele></trkpt><trkpt lat="53.100056" lon="-9.298071"><ele>22</ele></trkpt><trkpt lat="53.100399" lon="-9.297826"><ele>22.8</ele></trkpt><trkpt lat="53.100664" lon="-9.297628"><ele>23.4</ele></trkpt><trkpt lat="53.100693" lon="-9.297614"><ele>23.5</ele></trkpt><trkpt lat="53.10115" lon="-9.297386"><ele>24.1</ele></trkpt><trkpt lat="53.101384" lon="-9.297242"><ele>24.3</ele></trkpt><trkpt lat="53.101434" lon="-9.297211"><ele>24.3</ele></trkpt><trkpt lat="53.1019" lon="-9.296915"><ele>24.5</ele></trkpt><trkpt lat="53.102061" lon="-9.296836"><ele>24.4</ele></trkpt><trkpt lat="53.102384" lon="-9.29668"><ele>24.1</ele></trkpt><trkpt lat="53.10256" lon="-9.296602"><ele>23.8</ele></trkpt><trkpt lat="53.103784" lon="-9.296048"><ele>21.2</ele></trkpt><trkpt lat="53.10389" lon="-9.296003"><ele>21.1</ele></trkpt><trkpt lat="53.104237" lon="-9.295836"><ele>20.7</ele></trkpt><trkpt lat="53.105441" lon="-9.295302"><ele>21.8</ele></trkpt><trkpt lat="53.105554" lon="-9.295252"><ele>22</ele></trkpt><trkpt lat="53.106225" lon="-9.294929"><ele>23.2</ele></trkpt><trkpt lat="53.106623" lon="-9.294637"><ele>23.8</ele></trkpt><trkpt lat="53.10727" lon="-9.293905"><ele>24.9</ele></trkpt><trkpt lat="53.108131" lon="-9.293456"><ele>25.7</ele></trkpt><trkpt lat="53.108669" lon="-9.293106"><ele>25.2</ele></trkpt><trkpt lat="53.109336" lon="-9.292735"><ele>23.9</ele></trkpt><trkpt lat="53.110046" lon="-9.29222"><ele>21.5</ele></trkpt><trkpt lat="53.111699" lon="-9.290975"><ele>17.7</ele></trkpt><trkpt lat="53.112153" lon="-9.290529"><ele>17.5</ele></trkpt><trkpt lat="53.113826" lon="-9.28866"><ele>18.6</ele></trkpt><trkpt lat="53.114364" lon="-9.288106"><ele>19.1</ele></trkpt><trkpt lat="53.114562" lon="-9.287814"><ele>19.3</ele></trkpt><trkpt lat="53.114683" lon="-9.287635"><ele>19.4</ele></trkpt><trkpt lat="53.115064" lon="-9.286926"><ele>19.8</ele></trkpt><trkpt lat="53.115344" lon="-9.28651"><ele>20.3</ele></trkpt><trkpt lat="53.116626" lon="-9.284956"><ele>20.7</ele></trkpt><trkpt lat="53.116891" lon="-9.284567"><ele>20.8</ele></trkpt><trkpt lat="53.117225" lon="-9.284225"><ele>21</ele></trkpt><trkpt lat="53.117225" lon="-9.284225"><ele>21</ele></trkpt><trkpt lat="53.117007" lon="-9.284274"><ele>21.1</ele></trkpt><trkpt lat="53.116639" lon="-9.284603"><ele>20.9</ele></trkpt><trkpt lat="53.117007" lon="-9.284274"><ele>20.7</ele></trkpt><trkpt lat="53.117007" lon="-9.284274"><ele>20.7</ele></trkpt><trkpt lat="53.117225" lon="-9.284225"><ele>20.5</ele></trkpt><trkpt lat="53.117623" lon="-9.283892"><ele>20.1</ele></trkpt><trkpt lat="53.118043" lon="-9.283411"><ele>19.7</ele></trkpt><trkpt lat="53.118584" lon="-9.282626"><ele>19.6</ele></trkpt><trkpt lat="53.119949" lon="-9.28057"><ele>20.2</ele></trkpt><trkpt lat="53.120655" lon="-9.279789"><ele>20.8</ele></trkpt><trkpt lat="53.121805" lon="-9.278651"><ele>22.7</ele></trkpt><trkpt lat="53.122321" lon="-9.278271"><ele>23.4</ele></trkpt><trkpt lat="53.124172" lon="-9.277686"><ele>24.1</ele></trkpt><trkpt lat="53.124213" lon="-9.277667"><ele>24.1</ele></trkpt><trkpt lat="53.124341" lon="-9.277621"><ele>24.3</ele></trkpt><trkpt lat="53.124374" lon="-9.277612"><ele>24.3</ele></trkpt><trkpt lat="53.124714" lon="-9.277462"><ele>24.7</ele></trkpt><trkpt lat="53.124943" lon="-9.277359"><ele>25</ele></trkpt><trkpt lat="53.125251" lon="-9.2772"><ele>25.5</ele></trkpt><trkpt lat="53.125451" lon="-9.277091"><ele>25.9</ele></trkpt><trkpt lat="53.126237" lon="-9.276663"><ele>27.4</ele></trkpt><trkpt lat="53.127238" lon="-9.276119"><ele>28.4</ele></trkpt><trkpt lat="53.128174" lon="-9.275912"><ele>29.6</ele></trkpt><trkpt lat="53.128697" lon="-9.275811"><ele>30</ele></trkpt><trkpt lat="53.129059" lon="-9.275735"><ele>30.2</ele></trkpt><trkpt lat="53.130261" lon="-9.275477"><ele>30</ele></trkpt><trkpt lat="53.131359" lon="-9.275306"><ele>30</ele></trkpt><trkpt lat="53.131492" lon="-9.275257"><ele>30.1</ele></trkpt><trkpt lat="53.131761" lon="-9.274993"><ele>30.3</ele></trkpt><trkpt lat="53.132094" lon="-9.274923"><ele>30.6</ele></trkpt><trkpt lat="53.132315" lon="-9.274949"><ele>30.9</ele></trkpt><trkpt lat="53.132881" lon="-9.275171"><ele>31.8</ele></trkpt><trkpt lat="53.13353" lon="-9.275421"><ele>33.3</ele></trkpt><trkpt lat="53.133987" lon="-9.275438"><ele>34.4</ele></trkpt><trkpt lat="53.134543" lon="-9.275379"><ele>35.9</ele></trkpt><trkpt lat="53.134838" lon="-9.275356"><ele>36.7</ele></trkpt><trkpt lat="53.135016" lon="-9.275323"><ele>37.3</ele></trkpt><trkpt lat="53.135148" lon="-9.275299"><ele>37.7</ele></trkpt><trkpt lat="53.136106" lon="-9.275143"><ele>40.7</ele></trkpt><trkpt lat="53.136347" lon="-9.275163"><ele>41.5</ele></trkpt><trkpt lat="53.136754" lon="-9.275343"><ele>42.8</ele></trkpt><trkpt lat="53.137573" lon="-9.275403"><ele>44.3</ele></trkpt><trkpt lat="53.13799" lon="-9.275524"><ele>44.5</ele></trkpt><trkpt lat="53.139055" lon="-9.275635"><ele>43</ele></trkpt><trkpt lat="53.139539" lon="-9.275773"><ele>41.5</ele></trkpt><trkpt lat="53.140306" lon="-9.276105"><ele>39.2</ele></trkpt><trkpt lat="53.140407" lon="-9.276112"><ele>38.9</ele></trkpt><trkpt lat="53.14059" lon="-9.276033"><ele>38.4</ele></trkpt><trkpt lat="53.141285" lon="-9.275112"><ele>36.6</ele></trkpt><trkpt lat="53.141481" lon="-9.274878"><ele>36.1</ele></trkpt><trkpt lat="53.141699" lon="-9.274714"><ele>35.6</ele></trkpt><trkpt lat="53.141963" lon="-9.274565"><ele>34.8</ele></trkpt><trkpt lat="53.142331" lon="-9.274431"><ele>33.6</ele></trkpt><trkpt lat="53.143044" lon="-9.274234"><ele>30.8</ele></trkpt><trkpt lat="53.143483" lon="-9.274004"><ele>28.8</ele></trkpt><trkpt lat="53.143824" lon="-9.273788"><ele>27.2</ele></trkpt><trkpt lat="53.144708" lon="-9.273069"><ele>23.2</ele></trkpt><trkpt lat="53.145991" lon="-9.272152"><ele>18.1</ele></trkpt><trkpt lat="53.146726" lon="-9.271696"><ele>16</ele></trkpt><trkpt lat="53.147349" lon="-9.271369"><ele>15.4</ele></trkpt><trkpt lat="53.148957" lon="-9.270117"><ele>17.1</ele></trkpt><trkpt lat="53.150277" lon="-9.269046"><ele>19.3</ele></trkpt><trkpt lat="53.150778" lon="-9.268698"><ele>19.8</ele></trkpt><trkpt lat="53.151765" lon="-9.268139"><ele>20.7</ele></trkpt><trkpt lat="53.151993" lon="-9.267957"><ele>21.1</ele></trkpt><trkpt lat="53.15212" lon="-9.267797"><ele>21.3</ele></trkpt><trkpt lat="53.152948" lon="-9.266223"><ele>24.2</ele></trkpt><trkpt lat="53.153295" lon="-9.265293"><ele>25</ele></trkpt><trkpt lat="53.153459" lon="-9.264726"><ele>25</ele></trkpt><trkpt lat="53.153649" lon="-9.263865"><ele>24.9</ele></trkpt><trkpt lat="53.153688" lon="-9.263393"><ele>24.8</ele></trkpt><trkpt lat="53.153685" lon="-9.263036"><ele>24.7</ele></trkpt><trkpt lat="53.153627" lon="-9.262486"><ele>24.8</ele></trkpt><trkpt lat="53.153552" lon="-9.262128"><ele>24.8</ele></trkpt><trkpt lat="53.153151" lon="-9.260554"><ele>25.2</ele></trkpt><trkpt lat="53.152785" lon="-9.259512"><ele>25.1</ele></trkpt><trkpt lat="53.152244" lon="-9.258139"><ele>25</ele></trkpt><trkpt lat="53.15128" lon="-9.256227"><ele>26.5</ele></trkpt><trkpt lat="53.150721" lon="-9.255027"><ele>28.2</ele></trkpt><trkpt lat="53.150458" lon="-9.254195"><ele>29.5</ele></trkpt><trkpt lat="53.150175" lon="-9.253508"><ele>29.6</ele></trkpt><trkpt lat="53.150011" lon="-9.252924"><ele>29</ele></trkpt><trkpt lat="53.149774" lon="-9.251649"><ele>25.6</ele></trkpt><trkpt lat="53.149748" lon="-9.251105"><ele>23.8</ele></trkpt><trkpt lat="53.149815" lon="-9.250281"><ele>21.3</ele></trkpt><trkpt lat="53.149779" lon="-9.249611"><ele>19.9</ele></trkpt><trkpt lat="53.149774" lon="-9.248573"><ele>18.9</ele></trkpt><trkpt lat="53.150008" lon="-9.2467"><ele>18</ele></trkpt><trkpt lat="53.150045" lon="-9.246334"><ele>17.7</ele></trkpt><trkpt lat="53.150048" lon="-9.245954"><ele>17.5</ele></trkpt><trkpt lat="53.150029" lon="-9.245624"><ele>17.2</ele></trkpt><trkpt lat="53.149974" lon="-9.245219"><ele>16.8</ele></trkpt><trkpt lat="53.149529" lon="-9.242951"><ele>14.6</ele></trkpt><trkpt lat="53.149384" lon="-9.242384"><ele>14.2</ele></trkpt><trkpt lat="53.148719" lon="-9.240128"><ele>13.6</ele></trkpt><trkpt lat="53.148603" lon="-9.239797"><ele>13.7</ele></trkpt><trkpt lat="53.148112" lon="-9.238776"><ele>14.5</ele></trkpt><trkpt lat="53.147602" lon="-9.237979"><ele>15.6</ele></trkpt><trkpt lat="53.147144" lon="-9.237386"><ele>16.7</ele></trkpt><trkpt lat="53.146546" lon="-9.236788"><ele>17.9</ele></trkpt><trkpt lat="53.145682" lon="-9.236007"><ele>19.6</ele></trkpt><trkpt lat="53.14535" lon="-9.235569"><ele>20.5</ele></trkpt><trkpt lat="53.144771" lon="-9.234684"><ele>21.9</ele></trkpt><trkpt lat="53.143494" lon="-9.232597"><ele>22.3</ele></trkpt><trkpt lat="53.143257" lon="-9.232138"><ele>21.9</ele></trkpt><trkpt lat="53.142897" lon="-9.231338"><ele>21</ele></trkpt><trkpt lat="53.1419" lon="-9.230052"><ele>18.5</ele></trkpt><trkpt lat="53.141443" lon="-9.229241"><ele>17.9</ele></trkpt><trkpt lat="53.141283" lon="-9.228885"><ele>17.8</ele></trkpt><trkpt lat="53.141004" lon="-9.228199"><ele>17.8</ele></trkpt><trkpt lat="53.140786" lon="-9.227512"><ele>17.9</ele></trkpt><trkpt lat="53.140562" lon="-9.225968"><ele>18.5</ele></trkpt><trkpt lat="53.140427" lon="-9.225621"><ele>18.7</ele></trkpt><trkpt lat="53.140331" lon="-9.225436"><ele>18.9</ele></trkpt><trkpt lat="53.139213" lon="-9.223326"><ele>22.1</ele></trkpt><trkpt lat="53.139074" lon="-9.223058"><ele>22.6</ele></trkpt><trkpt lat="53.139062" lon="-9.223036"><ele>22.6</ele></trkpt><trkpt lat="53.13877" lon="-9.222493"><ele>23.7</ele></trkpt><trkpt lat="53.13871" lon="-9.22238"><ele>24</ele></trkpt><trkpt lat="53.138565" lon="-9.222111"><ele>24.5</ele></trkpt><trkpt lat="53.137733" lon="-9.219765"><ele>28.8</ele></trkpt><trkpt lat="53.136615" lon="-9.217039"><ele>33.6</ele></trkpt><trkpt lat="53.136243" lon="-9.216325"><ele>35</ele></trkpt><trkpt lat="53.135693" lon="-9.215177"><ele>38.7</ele></trkpt><trkpt lat="53.135669" lon="-9.215123"><ele>38.9</ele></trkpt><trkpt lat="53.13542" lon="-9.214505"><ele>41</ele></trkpt><trkpt lat="53.135204" lon="-9.213931"><ele>42.5</ele></trkpt><trkpt lat="53.135105" lon="-9.213466"><ele>43.3</ele></trkpt><trkpt lat="53.135083" lon="-9.213329"><ele>43.4</ele></trkpt><trkpt lat="53.134764" lon="-9.211319"><ele>42.2</ele></trkpt><trkpt lat="53.13457" lon="-9.210137"><ele>41.1</ele></trkpt><trkpt lat="53.134532" lon="-9.209873"><ele>41</ele></trkpt><trkpt lat="53.134378" lon="-9.209039"><ele>40.7</ele></trkpt><trkpt lat="53.134276" lon="-9.208501"><ele>39.9</ele></trkpt><trkpt lat="53.1342" lon="-9.208052"><ele>39</ele></trkpt><trkpt lat="53.134143" lon="-9.207383"><ele>37</ele></trkpt><trkpt lat="53.13415" lon="-9.207249"><ele>36.5</ele></trkpt><trkpt lat="53.134241" lon="-9.205576"><ele>29.4</ele></trkpt><trkpt lat="53.134277" lon="-9.204948"><ele>27</ele></trkpt><trkpt lat="53.134432" lon="-9.202338"><ele>21.2</ele></trkpt><trkpt lat="53.134421" lon="-9.201537"><ele>20.4</ele></trkpt><trkpt lat="53.134382" lon="-9.200475"><ele>19.5</ele></trkpt><trkpt lat="53.13437" lon="-9.200326"><ele>19.4</ele></trkpt><trkpt lat="53.134279" lon="-9.199438"><ele>18.8</ele></trkpt><trkpt lat="53.134235" lon="-9.198732"><ele>18.6</ele></trkpt><trkpt lat="53.134214" lon="-9.198242"><ele>18.5</ele></trkpt><trkpt lat="53.13417" lon="-9.197992"><ele>18.4</ele></trkpt><trkpt lat="53.133467" lon="-9.195718"><ele>19.5</ele></trkpt><trkpt lat="53.132695" lon="-9.193237"><ele>21.4</ele></trkpt><trkpt lat="53.132603" lon="-9.192883"><ele>21.6</ele></trkpt><trkpt lat="53.132398" lon="-9.191799"><ele>21.9</ele></trkpt><trkpt lat="53.131997" lon="-9.190452"><ele>21.8</ele></trkpt><trkpt lat="53.131718" lon="-9.189508"><ele>21.8</ele></trkpt><trkpt lat="53.131436" lon="-9.188769"><ele>21.8</ele></trkpt><trkpt lat="53.130898" lon="-9.187675"><ele>22.6</ele></trkpt><trkpt lat="53.130366" lon="-9.186936"><ele>23.5</ele></trkpt><trkpt lat="53.129858" lon="-9.186234"><ele>23.8</ele></trkpt><trkpt lat="53.12912" lon="-9.185223"><ele>23.1</ele></trkpt><trkpt lat="53.128967" lon="-9.185009"><ele>22.9</ele></trkpt><trkpt lat="53.126756" lon="-9.181"><ele>18.9</ele></trkpt><trkpt lat="53.126356" lon="-9.180281"><ele>18.5</ele></trkpt><trkpt lat="53.126157" lon="-9.179871"><ele>18</ele></trkpt><trkpt lat="53.125893" lon="-9.179153"><ele>17.1</ele></trkpt><trkpt lat="53.12573" lon="-9.178528"><ele>16.2</ele></trkpt><trkpt lat="53.125532" lon="-9.177649"><ele>14.8</ele></trkpt><trkpt lat="53.124558" lon="-9.174883"><ele>11</ele></trkpt><trkpt lat="53.12443" lon="-9.174484"><ele>10.4</ele></trkpt><trkpt lat="53.124339" lon="-9.1741"><ele>9.9</ele></trkpt><trkpt lat="53.124117" lon="-9.172971"><ele>8.3</ele></trkpt><trkpt lat="53.123531" lon="-9.169954"><ele>4.6</ele></trkpt><trkpt lat="53.123134" lon="-9.16792"><ele>3.6</ele></trkpt><trkpt lat="53.123021" lon="-9.167345"><ele>3.5</ele></trkpt><trkpt lat="53.12288" lon="-9.166625"><ele>3.4</ele></trkpt><trkpt lat="53.122746" lon="-9.165926"><ele>3.5</ele></trkpt><trkpt lat="53.122587" lon="-9.16525"><ele>3.6</ele></trkpt><trkpt lat="53.122448" lon="-9.164841"><ele>3.7</ele></trkpt><trkpt lat="53.122171" lon="-9.164073"><ele>3.9</ele></trkpt><trkpt lat="53.122153" lon="-9.164012"><ele>4</ele></trkpt><trkpt lat="53.122037" lon="-9.163605"><ele>4.2</ele></trkpt><trkpt lat="53.121882" lon="-9.163043"><ele>4.4</ele></trkpt><trkpt lat="53.121741" lon="-9.162459"><ele>4.4</ele></trkpt><trkpt lat="53.121569" lon="-9.161915"><ele>4.2</ele></trkpt><trkpt lat="53.121134" lon="-9.16086"><ele>3.9</ele></trkpt><trkpt lat="53.120401" lon="-9.159975"><ele>3.5</ele></trkpt><trkpt lat="53.120311" lon="-9.159788"><ele>3.6</ele></trkpt><trkpt lat="53.120256" lon="-9.15957"><ele>3.6</ele></trkpt><trkpt lat="53.120229" lon="-9.159346"><ele>3.7</ele></trkpt><trkpt lat="53.120226" lon="-9.15904"><ele>3.7</ele></trkpt><trkpt lat="53.120267" lon="-9.15859"><ele>3.8</ele></trkpt><trkpt lat="53.120666" lon="-9.157163"><ele>3.5</ele></trkpt><trkpt lat="53.120747" lon="-9.156738"><ele>3.3</ele></trkpt><trkpt lat="53.120794" lon="-9.156239"><ele>3</ele></trkpt><trkpt lat="53.120749" lon="-9.155951"><ele>2.8</ele></trkpt><trkpt lat="53.120582" lon="-9.155493"><ele>2.3</ele></trkpt><trkpt lat="53.120371" lon="-9.155056"><ele>1.7</ele></trkpt><trkpt lat="53.120209" lon="-9.154821"><ele>1.5</ele></trkpt><trkpt lat="53.120075" lon="-9.154625"><ele>1.4</ele></trkpt><trkpt lat="53.119682" lon="-9.154029"><ele>1.3</ele></trkpt><trkpt lat="53.1195" lon="-9.153795"><ele>1.2</ele></trkpt><trkpt lat="53.119446" lon="-9.153739"><ele>1.2</ele></trkpt><trkpt lat="53.118923" lon="-9.153258"><ele>1.4</ele></trkpt><trkpt lat="53.118737" lon="-9.153148"><ele>1.5</ele></trkpt><trkpt lat="53.118383" lon="-9.152939"><ele>1.8</ele></trkpt><trkpt lat="53.118094" lon="-9.152767"><ele>2</ele></trkpt><trkpt lat="53.11709" lon="-9.152123"><ele>3.3</ele></trkpt><trkpt lat="53.117014" lon="-9.152031"><ele>3.5</ele></trkpt><trkpt lat="53.116808" lon="-9.151699"><ele>4.1</ele></trkpt><trkpt lat="53.116761" lon="-9.151611"><ele>4.2</ele></trkpt><trkpt lat="53.116567" lon="-9.151233"><ele>4.8</ele></trkpt><trkpt lat="53.11627" lon="-9.150554"><ele>6.1</ele></trkpt><trkpt lat="53.116081" lon="-9.15016"><ele>6.8</ele></trkpt><trkpt lat="53.115731" lon="-9.149504"><ele>7.7</ele></trkpt><trkpt lat="53.115599" lon="-9.14941"><ele>7.9</ele></trkpt><trkpt lat="53.115768" lon="-9.148797"><ele>8.4</ele></trkpt><trkpt lat="53.115845" lon="-9.148562"><ele>8.6</ele></trkpt><trkpt lat="53.115858" lon="-9.148517"><ele>8.6</ele></trkpt><trkpt lat="53.115964" lon="-9.148145"><ele>8.8</ele></trkpt><trkpt lat="53.115989" lon="-9.147977"><ele>8.9</ele></trkpt><trkpt lat="53.115991" lon="-9.147945"><ele>8.9</ele></trkpt><trkpt lat="53.115991" lon="-9.147777"><ele>9</ele></trkpt><trkpt lat="53.115966" lon="-9.147388"><ele>9.1</ele></trkpt><trkpt lat="53.115923" lon="-9.147011"><ele>9.3</ele></trkpt><trkpt lat="53.115897" lon="-9.146787"><ele>9.4</ele></trkpt><trkpt lat="53.115865" lon="-9.146377"><ele>9.5</ele></trkpt><trkpt lat="53.115871" lon="-9.146067"><ele>9.6</ele></trkpt><trkpt lat="53.115891" lon="-9.145837"><ele>9.7</ele></trkpt><trkpt lat="53.115998" lon="-9.145392"><ele>9.9</ele></trkpt><trkpt lat="53.116062" lon="-9.145204"><ele>10</ele></trkpt><trkpt lat="53.116186" lon="-9.144848"><ele>10.1</ele></trkpt><trkpt lat="53.116267" lon="-9.144652"><ele>10.2</ele></trkpt><trkpt lat="53.116378" lon="-9.14438"><ele>10.2</ele></trkpt><trkpt lat="53.116424" lon="-9.144271"><ele>10.2</ele></trkpt><trkpt lat="53.11644" lon="-9.144229"><ele>10.2</ele></trkpt><trkpt lat="53.116598" lon="-9.143849"><ele>10.3</ele></trkpt><trkpt lat="53.116756" lon="-9.143461"><ele>10.3</ele></trkpt><trkpt lat="53.11688" lon="-9.143231"><ele>10.4</ele></trkpt><trkpt lat="53.117169" lon="-9.142883"><ele>10.7</ele></trkpt><trkpt lat="53.117559" lon="-9.142518"><ele>10.9</ele></trkpt><trkpt lat="53.117812" lon="-9.142163"><ele>11</ele></trkpt><trkpt lat="53.117955" lon="-9.142016"><ele>11</ele></trkpt><trkpt lat="53.118602" lon="-9.141335"><ele>10.4</ele></trkpt><trkpt lat="53.118652" lon="-9.141285"><ele>10.3</ele></trkpt><trkpt lat="53.119352" lon="-9.140606"><ele>7.9</ele></trkpt><trkpt lat="53.119808" lon="-9.139933"><ele>6.1</ele></trkpt><trkpt lat="53.120195" lon="-9.139256"><ele>5.4</ele></trkpt><trkpt lat="53.120411" lon="-9.138788"><ele>5.6</ele></trkpt><trkpt lat="53.120429" lon="-9.13875"><ele>5.6</ele></trkpt><trkpt lat="53.120683" lon="-9.137987"><ele>6.8</ele></trkpt><trkpt lat="53.12083" lon="-9.137378"><ele>8.1</ele></trkpt><trkpt lat="53.120871" lon="-9.137204"><ele>8.6</ele></trkpt><trkpt lat="53.121013" lon="-9.136658"><ele>9.8</ele></trkpt><trkpt lat="53.121157" lon="-9.136095"><ele>11</ele></trkpt><trkpt lat="53.121218" lon="-9.135794"><ele>11.5</ele></trkpt><trkpt lat="53.121395" lon="-9.134637"><ele>13.2</ele></trkpt><trkpt lat="53.121447" lon="-9.134103"><ele>13.8</ele></trkpt><trkpt lat="53.121474" lon="-9.133749"><ele>14.2</ele></trkpt><trkpt lat="53.121505" lon="-9.132962"><ele>15.1</ele></trkpt><trkpt lat="53.12155" lon="-9.131931"><ele>16.5</ele></trkpt><trkpt lat="53.121584" lon="-9.131282"><ele>17.5</ele></trkpt><trkpt lat="53.121674" lon="-9.129323"><ele>21</ele></trkpt><trkpt lat="53.121754" lon="-9.128716"><ele>21.8</ele></trkpt><trkpt lat="53.121805" lon="-9.128551"><ele>22</ele></trkpt><trkpt lat="53.123101" lon="-9.125893"><ele>22.1</ele></trkpt><trkpt lat="53.123306" lon="-9.125461"><ele>21.8</ele></trkpt><trkpt lat="53.123368" lon="-9.125329"><ele>21.7</ele></trkpt><trkpt lat="53.123391" lon="-9.125281"><ele>21.7</ele></trkpt><trkpt lat="53.123563" lon="-9.124921"><ele>21.1</ele></trkpt><trkpt lat="53.1239" lon="-9.124272"><ele>19.8</ele></trkpt><trkpt lat="53.123991" lon="-9.124163"><ele>19.5</ele></trkpt><trkpt lat="53.124124" lon="-9.124002"><ele>19.1</ele></trkpt><trkpt lat="53.124412" lon="-9.123874"><ele>18.2</ele></trkpt><trkpt lat="53.124454" lon="-9.123856"><ele>18.1</ele></trkpt><trkpt lat="53.124633" lon="-9.12381"><ele>17.5</ele></trkpt><trkpt lat="53.125034" lon="-9.123707"><ele>16.7</ele></trkpt><trkpt lat="53.125269" lon="-9.123641"><ele>16.5</ele></trkpt><trkpt lat="53.125665" lon="-9.123545"><ele>16.7</ele></trkpt><trkpt lat="53.125722" lon="-9.123526"><ele>16.8</ele></trkpt><trkpt lat="53.125827" lon="-9.12349"><ele>16.9</ele></trkpt><trkpt lat="53.125964" lon="-9.123444"><ele>17.2</ele></trkpt><trkpt lat="53.126103" lon="-9.123396"><ele>17.4</ele></trkpt><trkpt lat="53.126403" lon="-9.123293"><ele>18.1</ele></trkpt><trkpt lat="53.126662" lon="-9.123222"><ele>18.7</ele></trkpt><trkpt lat="53.12706" lon="-9.123113"><ele>19.9</ele></trkpt><trkpt lat="53.127364" lon="-9.123029"><ele>20.7</ele></trkpt><trkpt lat="53.127507" lon="-9.122956"><ele>21</ele></trkpt><trkpt lat="53.127716" lon="-9.122764"><ele>21.5</ele></trkpt><trkpt lat="53.127823" lon="-9.122635"><ele>21.7</ele></trkpt><trkpt lat="53.128311" lon="-9.122013"><ele>22.5</ele></trkpt><trkpt lat="53.128978" lon="-9.121363"><ele>23.3</ele></trkpt><trkpt lat="53.129575" lon="-9.120693"><ele>23.4</ele></trkpt><trkpt lat="53.1299" lon="-9.120241"><ele>23.4</ele></trkpt><trkpt lat="53.129917" lon="-9.120214"><ele>23.4</ele></trkpt><trkpt lat="53.130948" lon="-9.118559"><ele>22.9</ele></trkpt><trkpt lat="53.131715" lon="-9.11736"><ele>22.5</ele></trkpt><trkpt lat="53.132172" lon="-9.116451"><ele>22.7</ele></trkpt><trkpt lat="53.132918" lon="-9.114634"><ele>23.4</ele></trkpt><trkpt lat="53.132995" lon="-9.114451"><ele>23.5</ele></trkpt><trkpt lat="53.133115" lon="-9.11419"><ele>23.5</ele></trkpt><trkpt lat="53.133179" lon="-9.114051"><ele>23.5</ele></trkpt><trkpt lat="53.133492" lon="-9.113371"><ele>23.4</ele></trkpt><trkpt lat="53.134057" lon="-9.111781"><ele>22.9</ele></trkpt><trkpt lat="53.134101" lon="-9.111663"><ele>22.9</ele></trkpt><trkpt lat="53.134245" lon="-9.111287"><ele>22.9</ele></trkpt><trkpt lat="53.134273" lon="-9.111209"><ele>22.9</ele></trkpt><trkpt lat="53.134781" lon="-9.109893"><ele>23.6</ele></trkpt><trkpt lat="53.134972" lon="-9.109385"><ele>24</ele></trkpt><trkpt lat="53.135116" lon="-9.109001"><ele>24.2</ele></trkpt><trkpt lat="53.135395" lon="-9.108259"><ele>24.7</ele></trkpt><trkpt lat="53.136104" lon="-9.106373"><ele>24.5</ele></trkpt><trkpt lat="53.136158" lon="-9.106235"><ele>24.5</ele></trkpt><trkpt lat="53.136394" lon="-9.105569"><ele>24.6</ele></trkpt><trkpt lat="53.136594" lon="-9.104955"><ele>24.7</ele></trkpt><trkpt lat="53.13675" lon="-9.104174"><ele>24.7</ele></trkpt><trkpt lat="53.136818" lon="-9.103061"><ele>24.2</ele></trkpt><trkpt lat="53.136984" lon="-9.102269"><ele>23.2</ele></trkpt><trkpt lat="53.137042" lon="-9.101923"><ele>22.7</ele></trkpt><trkpt lat="53.137049" lon="-9.101717"><ele>22.4</ele></trkpt><trkpt lat="53.136966" lon="-9.101177"><ele>21.5</ele></trkpt><trkpt lat="53.136867" lon="-9.100867"><ele>21</ele></trkpt><trkpt lat="53.136741" lon="-9.100573"><ele>20.6</ele></trkpt><trkpt lat="53.136541" lon="-9.100213"><ele>20.2</ele></trkpt><trkpt lat="53.136311" lon="-9.099868"><ele>20</ele></trkpt><trkpt lat="53.136054" lon="-9.099592"><ele>19.8</ele></trkpt><trkpt lat="53.135306" lon="-9.099012"><ele>19.7</ele></trkpt><trkpt lat="53.134058" lon="-9.098179"><ele>20.1</ele></trkpt><trkpt lat="53.133032" lon="-9.097449"><ele>20.7</ele></trkpt><trkpt lat="53.131507" lon="-9.096602"><ele>20.4</ele></trkpt><trkpt lat="53.130759" lon="-9.096074"><ele>20.1</ele></trkpt><trkpt lat="53.129551" lon="-9.094809"><ele>20.2</ele></trkpt><trkpt lat="53.128698" lon="-9.09356"><ele>19.2</ele></trkpt><trkpt lat="53.128521" lon="-9.093299"><ele>18.8</ele></trkpt><trkpt lat="53.128116" lon="-9.092512"><ele>17.6</ele></trkpt><trkpt lat="53.127873" lon="-9.092139"><ele>16.8</ele></trkpt><trkpt lat="53.127353" lon="-9.09158"><ele>15.3</ele></trkpt><trkpt lat="53.127101" lon="-9.091109"><ele>14.4</ele></trkpt><trkpt lat="53.126913" lon="-9.09065"><ele>13.7</ele></trkpt><trkpt lat="53.126737" lon="-9.090221"><ele>13</ele></trkpt><trkpt lat="53.126388" lon="-9.089427"><ele>11.7</ele></trkpt><trkpt lat="53.125867" lon="-9.088042"><ele>9.8</ele></trkpt><trkpt lat="53.125749" lon="-9.087432"><ele>9.2</ele></trkpt><trkpt lat="53.125745" lon="-9.087201"><ele>8.9</ele></trkpt><trkpt lat="53.125752" lon="-9.087088"><ele>8.8</ele></trkpt><trkpt lat="53.125841" lon="-9.086179"><ele>7.7</ele></trkpt><trkpt lat="53.125906" lon="-9.085795"><ele>7.2</ele></trkpt><trkpt lat="53.126201" lon="-9.084429"><ele>5.2</ele></trkpt><trkpt lat="53.126284" lon="-9.083934"><ele>4.4</ele></trkpt><trkpt lat="53.126306" lon="-9.083456"><ele>3.8</ele></trkpt><trkpt lat="53.126156" lon="-9.082061"><ele>3.7</ele></trkpt><trkpt lat="53.126053" lon="-9.081661"><ele>4</ele></trkpt><trkpt lat="53.125964" lon="-9.081461"><ele>4.3</ele></trkpt><trkpt lat="53.125808" lon="-9.081213"><ele>4.8</ele></trkpt><trkpt lat="53.125567" lon="-9.080991"><ele>5.6</ele></trkpt><trkpt lat="53.125446" lon="-9.080796"><ele>6.2</ele></trkpt><trkpt lat="53.125161" lon="-9.080021"><ele>7.9</ele></trkpt><trkpt lat="53.124995" lon="-9.079477"><ele>8.7</ele></trkpt><trkpt lat="53.12464" lon="-9.078598"><ele>9.2</ele></trkpt><trkpt lat="53.12414" lon="-9.077545"><ele>8.8</ele></trkpt><trkpt lat="53.123978" lon="-9.077147"><ele>8.4</ele></trkpt><trkpt lat="53.123831" lon="-9.076754"><ele>7.9</ele></trkpt><trkpt lat="53.122997" lon="-9.074892"><ele>5.3</ele></trkpt><trkpt lat="53.122649" lon="-9.073975"><ele>4.5</ele></trkpt><trkpt lat="53.122205" lon="-9.073284"><ele>4.1</ele></trkpt><trkpt lat="53.122005" lon="-9.072684"><ele>4.1</ele></trkpt><trkpt lat="53.121751" lon="-9.071924"><ele>4.3</ele></trkpt><trkpt lat="53.121733" lon="-9.071797"><ele>4.3</ele></trkpt><trkpt lat="53.121513" lon="-9.071533"><ele>4.5</ele></trkpt><trkpt lat="53.121361" lon="-9.071472"><ele>4.5</ele></trkpt><trkpt lat="53.121064" lon="-9.071354"><ele>4.7</ele></trkpt><trkpt lat="53.121004" lon="-9.071333"><ele>4.8</ele></trkpt><trkpt lat="53.120861" lon="-9.071283"><ele>4.9</ele></trkpt><trkpt lat="53.120484" lon="-9.071151"><ele>5.1</ele></trkpt><trkpt lat="53.119172" lon="-9.071"><ele>5.4</ele></trkpt><trkpt lat="53.118697" lon="-9.070959"><ele>5.3</ele></trkpt><trkpt lat="53.118617" lon="-9.070952"><ele>5.3</ele></trkpt><trkpt lat="53.118265" lon="-9.070738"><ele>5.3</ele></trkpt><trkpt lat="53.117954" lon="-9.070484"><ele>5.5</ele></trkpt><trkpt lat="53.117806" lon="-9.070328"><ele>5.6</ele></trkpt><trkpt lat="53.117502" lon="-9.070006"><ele>6</ele></trkpt><trkpt lat="53.117044" lon="-9.069371"><ele>7</ele></trkpt><trkpt lat="53.116655" lon="-9.068793"><ele>8.1</ele></trkpt><trkpt lat="53.116162" lon="-9.068226"><ele>9.5</ele></trkpt><trkpt lat="53.115853" lon="-9.067808"><ele>10.1</ele></trkpt><trkpt lat="53.115754" lon="-9.067618"><ele>10.3</ele></trkpt><trkpt lat="53.11557" lon="-9.066974"><ele>10.6</ele></trkpt><trkpt lat="53.115454" lon="-9.066678"><ele>10.6</ele></trkpt><trkpt lat="53.115036" lon="-9.065991"><ele>10.4</ele></trkpt><trkpt lat="53.11497" lon="-9.065857"><ele>10.3</ele></trkpt><trkpt lat="53.115725" lon="-9.065287"><ele>9.6</ele></trkpt><trkpt lat="53.115823" lon="-9.06521"><ele>9.5</ele></trkpt><trkpt lat="53.116841" lon="-9.064468"><ele>9.4</ele></trkpt><trkpt lat="53.116973" lon="-9.064347"><ele>9.5</ele></trkpt><trkpt lat="53.117441" lon="-9.063766"><ele>9.8</ele></trkpt><trkpt lat="53.118162" lon="-9.062965"><ele>10.8</ele></trkpt><trkpt lat="53.119214" lon="-9.061862"><ele>12.1</ele></trkpt><trkpt lat="53.119508" lon="-9.061438"><ele>12.3</ele></trkpt><trkpt lat="53.12007" lon="-9.060482"><ele>12.7</ele></trkpt><trkpt lat="53.120478" lon="-9.059831"><ele>13.1</ele></trkpt><trkpt lat="53.120773" lon="-9.059429"><ele>13.4</ele></trkpt><trkpt lat="53.120972" lon="-9.059131"><ele>13.7</ele></trkpt><trkpt lat="53.121118" lon="-9.058901"><ele>13.9</ele></trkpt><trkpt lat="53.121271" lon="-9.058669"><ele>14.2</ele></trkpt><trkpt lat="53.12132" lon="-9.058578"><ele>14.3</ele></trkpt><trkpt lat="53.121932" lon="-9.057142"><ele>15.5</ele></trkpt><trkpt lat="53.122138" lon="-9.056585"><ele>15.8</ele></trkpt><trkpt lat="53.122365" lon="-9.055881"><ele>16.3</ele></trkpt><trkpt lat="53.122607" lon="-9.05513"><ele>16.8</ele></trkpt><trkpt lat="53.122642" lon="-9.055022"><ele>16.9</ele></trkpt><trkpt lat="53.122652" lon="-9.054991"><ele>16.9</ele></trkpt><trkpt lat="53.12283" lon="-9.054508"><ele>17.2</ele></trkpt><trkpt lat="53.12294" lon="-9.054211"><ele>17.4</ele></trkpt><trkpt lat="53.122968" lon="-9.054138"><ele>17.5</ele></trkpt><trkpt lat="53.123098" lon="-9.053814"><ele>17.7</ele></trkpt><trkpt lat="53.12331" lon="-9.053251"><ele>18.3</ele></trkpt><trkpt lat="53.123594" lon="-9.052439"><ele>19.3</ele></trkpt><trkpt lat="53.123625" lon="-9.05235"><ele>19.5</ele></trkpt><trkpt lat="53.123866" lon="-9.051568"><ele>21</ele></trkpt><trkpt lat="53.124137" lon="-9.050931"><ele>22.9</ele></trkpt><trkpt lat="53.124567" lon="-9.050346"><ele>25.8</ele></trkpt><trkpt lat="53.124881" lon="-9.049976"><ele>28.1</ele></trkpt><trkpt lat="53.125078" lon="-9.049799"><ele>29.4</ele></trkpt><trkpt lat="53.125451" lon="-9.049458"><ele>32</ele></trkpt><trkpt lat="53.125836" lon="-9.049109"><ele>34.4</ele></trkpt><trkpt lat="53.126229" lon="-9.048715"><ele>36.5</ele></trkpt><trkpt lat="53.126419" lon="-9.04849"><ele>37.4</ele></trkpt><trkpt lat="53.126549" lon="-9.048334"><ele>38</ele></trkpt><trkpt lat="53.126592" lon="-9.048281"><ele>38.2</ele></trkpt><trkpt lat="53.12677" lon="-9.048016"><ele>38.9</ele></trkpt><trkpt lat="53.126953" lon="-9.047731"><ele>39.6</ele></trkpt><trkpt lat="53.127061" lon="-9.047567"><ele>39.8</ele></trkpt><trkpt lat="53.127572" lon="-9.046713"><ele>40.8</ele></trkpt><trkpt lat="53.127844" lon="-9.046236"><ele>41</ele></trkpt><trkpt lat="53.128223" lon="-9.045592"><ele>41.4</ele></trkpt><trkpt lat="53.128528" lon="-9.045026"><ele>41.9</ele></trkpt><trkpt lat="53.128659" lon="-9.044678"><ele>42.3</ele></trkpt><trkpt lat="53.128777" lon="-9.044306"><ele>42.9</ele></trkpt><trkpt lat="53.128936" lon="-9.043701"><ele>44.2</ele></trkpt><trkpt lat="53.129043" lon="-9.043237"><ele>45.5</ele></trkpt><trkpt lat="53.12911" lon="-9.042798"><ele>46.8</ele></trkpt><trkpt lat="53.129254" lon="-9.041965"><ele>49.6</ele></trkpt><trkpt lat="53.129347" lon="-9.041571"><ele>51.1</ele></trkpt><trkpt lat="53.129636" lon="-9.040576"><ele>55.2</ele></trkpt><trkpt lat="53.129975" lon="-9.039284"><ele>59.9</ele></trkpt><trkpt lat="53.13" lon="-9.039181"><ele>60.2</ele></trkpt><trkpt lat="53.130238" lon="-9.038487"><ele>62.4</ele></trkpt><trkpt lat="53.130641" lon="-9.037688"><ele>64.5</ele></trkpt><trkpt lat="53.130962" lon="-9.036876"><ele>65.8</ele></trkpt><trkpt lat="53.131153" lon="-9.036508"><ele>66.2</ele></trkpt><trkpt lat="53.131805" lon="-9.03543"><ele>66.9</ele></trkpt><trkpt lat="53.132731" lon="-9.033755"><ele>66.8</ele></trkpt><trkpt lat="53.133406" lon="-9.032673"><ele>67.1</ele></trkpt><trkpt lat="53.134089" lon="-9.031758"><ele>68.7</ele></trkpt><trkpt lat="53.134611" lon="-9.030965"><ele>70.4</ele></trkpt><trkpt lat="53.134791" lon="-9.030681"><ele>71</ele></trkpt><trkpt lat="53.134932" lon="-9.030519"><ele>71.5</ele></trkpt><trkpt lat="53.135039" lon="-9.030422"><ele>71.8</ele></trkpt><trkpt lat="53.135578" lon="-9.030086"><ele>72.8</ele></trkpt><trkpt lat="53.136088" lon="-9.029823"><ele>73.3</ele></trkpt><trkpt lat="53.136747" lon="-9.02967"><ele>73.6</ele></trkpt><trkpt lat="53.137185" lon="-9.029485"><ele>73.5</ele></trkpt><trkpt lat="53.137375" lon="-9.029284"><ele>73.3</ele></trkpt><trkpt lat="53.137866" lon="-9.028557"><ele>71.5</ele></trkpt><trkpt lat="53.138333" lon="-9.027813"><ele>67.8</ele></trkpt><trkpt lat="53.138618" lon="-9.027484"><ele>65.1</ele></trkpt><trkpt lat="53.13874" lon="-9.027304"><ele>63.7</ele></trkpt><trkpt lat="53.13888" lon="-9.026811"><ele>60.8</ele></trkpt><trkpt lat="53.138933" lon="-9.026513"><ele>59</ele></trkpt><trkpt lat="53.138951" lon="-9.026217"><ele>57.3</ele></trkpt><trkpt lat="53.138919" lon="-9.02509"><ele>50.8</ele></trkpt><trkpt lat="53.1387" lon="-9.023068"><ele>38.9</ele></trkpt><trkpt lat="53.138682" lon="-9.022706"><ele>36.6</ele></trkpt><trkpt lat="53.13871" lon="-9.022386"><ele>34.5</ele></trkpt><trkpt lat="53.13884" lon="-9.022032"><ele>31.8</ele></trkpt><trkpt lat="53.139058" lon="-9.021845"><ele>29.4</ele></trkpt><trkpt lat="53.139567" lon="-9.021857"><ele>24.8</ele></trkpt><trkpt lat="53.139675" lon="-9.021834"><ele>24</ele></trkpt><trkpt lat="53.13972" lon="-9.021817"><ele>23.6</ele></trkpt><trkpt lat="53.139563" lon="-9.019845"><ele>17.7</ele></trkpt><trkpt lat="53.139401" lon="-9.017042"><ele>14.1</ele></trkpt><trkpt lat="53.139414" lon="-9.016582"><ele>13.5</ele></trkpt><trkpt lat="53.139475" lon="-9.015776"><ele>12.3</ele></trkpt><trkpt lat="53.139729" lon="-9.014741"><ele>10.1</ele></trkpt><trkpt lat="53.139771" lon="-9.014559"><ele>9.7</ele></trkpt><trkpt lat="53.139856" lon="-9.014192"><ele>8.9</ele></trkpt><trkpt lat="53.140057" lon="-9.01317"><ele>6.5</ele></trkpt><trkpt lat="53.140127" lon="-9.012798"><ele>5.6</ele></trkpt><trkpt lat="53.14017" lon="-9.012594"><ele>5.1</ele></trkpt><trkpt lat="53.140182" lon="-9.012534"><ele>5</ele></trkpt><trkpt lat="53.140333" lon="-9.011887"><ele>3.5</ele></trkpt><trkpt lat="53.140514" lon="-9.011057"><ele>2</ele></trkpt><trkpt lat="53.140668" lon="-9.00947"><ele>0.8</ele></trkpt><trkpt lat="53.140682" lon="-9.009315"><ele>0.8</ele></trkpt><trkpt lat="53.140732" lon="-9.009042"><ele>0.9</ele></trkpt><trkpt lat="53.140812" lon="-9.008833"><ele>1.1</ele></trkpt><trkpt lat="53.140915" lon="-9.008617"><ele>1.3</ele></trkpt><trkpt lat="53.140975" lon="-9.008412"><ele>1.5</ele></trkpt><trkpt lat="53.14112" lon="-9.007184"><ele>2.7</ele></trkpt><trkpt lat="53.141367" lon="-9.006175"><ele>3.6</ele></trkpt><trkpt lat="53.141513" lon="-9.00514"><ele>4</ele></trkpt><trkpt lat="53.141531" lon="-9.00501"><ele>4.1</ele></trkpt><trkpt lat="53.141613" lon="-9.004398"><ele>4.2</ele></trkpt><trkpt lat="53.1417" lon="-9.00345"><ele>4.4</ele></trkpt><trkpt lat="53.142206" lon="-9.000459"><ele>5.1</ele></trkpt><trkpt lat="53.142297" lon="-8.999867"><ele>5.4</ele></trkpt><trkpt lat="53.142329" lon="-8.999663"><ele>5.5</ele></trkpt><trkpt lat="53.142422" lon="-8.999006"><ele>5.9</ele></trkpt><trkpt lat="53.142472" lon="-8.9983"><ele>6.3</ele></trkpt><trkpt lat="53.142391" lon="-8.997362"><ele>6.6</ele></trkpt><trkpt lat="53.142403" lon="-8.996892"><ele>6.7</ele></trkpt><trkpt lat="53.142712" lon="-8.992727"><ele>4.5</ele></trkpt><trkpt lat="53.142682" lon="-8.992014"><ele>4.2</ele></trkpt><trkpt lat="53.142573" lon="-8.991556"><ele>3.9</ele></trkpt><trkpt lat="53.142549" lon="-8.991341"><ele>3.9</ele></trkpt><trkpt lat="53.142571" lon="-8.990821"><ele>3.7</ele></trkpt><trkpt lat="53.142653" lon="-8.990227"><ele>3.7</ele></trkpt><trkpt lat="53.142946" lon="-8.98921"><ele>4</ele></trkpt><trkpt lat="53.143451" lon="-8.987954"><ele>4.9</ele></trkpt><trkpt lat="53.143724" lon="-8.987098"><ele>5.5</ele></trkpt><trkpt lat="53.144065" lon="-8.986144"><ele>6</ele></trkpt><trkpt lat="53.144153" lon="-8.985739"><ele>6.2</ele></trkpt><trkpt lat="53.144315" lon="-8.983419"><ele>7.1</ele></trkpt><trkpt lat="53.144304" lon="-8.983036"><ele>7.2</ele></trkpt><trkpt lat="53.144252" lon="-8.982521"><ele>7.3</ele></trkpt><trkpt lat="53.144098" lon="-8.981235"><ele>7.4</ele></trkpt><trkpt lat="53.143719" lon="-8.979586"><ele>7.3</ele></trkpt><trkpt lat="53.143402" lon="-8.977579"><ele>7.3</ele></trkpt><trkpt lat="53.143195" lon="-8.976484"><ele>7.4</ele></trkpt><trkpt lat="53.14297" lon="-8.975449"><ele>7.5</ele></trkpt><trkpt lat="53.142705" lon="-8.974525"><ele>7.7</ele></trkpt><trkpt lat="53.142352" lon="-8.973664"><ele>7.9</ele></trkpt><trkpt lat="53.142172" lon="-8.973283"><ele>7.9</ele></trkpt><trkpt lat="53.141909" lon="-8.972951"><ele>8</ele></trkpt><trkpt lat="53.14177" lon="-8.972636"><ele>8</ele></trkpt><trkpt lat="53.141591" lon="-8.972039"><ele>7.9</ele></trkpt><trkpt lat="53.141263" lon="-8.970377"><ele>7.9</ele></trkpt><trkpt lat="53.141202" lon="-8.969717"><ele>7.8</ele></trkpt><trkpt lat="53.1412" lon="-8.968597"><ele>7.5</ele></trkpt><trkpt lat="53.141168" lon="-8.967883"><ele>7.1</ele></trkpt><trkpt lat="53.141079" lon="-8.967099"><ele>6.7</ele></trkpt><trkpt lat="53.141019" lon="-8.96648"><ele>6.3</ele></trkpt><trkpt lat="53.140906" lon="-8.965914"><ele>6</ele></trkpt><trkpt lat="53.140434" lon="-8.964108"><ele>5.4</ele></trkpt><trkpt lat="53.140326" lon="-8.963186"><ele>5.4</ele></trkpt><trkpt lat="53.139979" lon="-8.959569"><ele>7.5</ele></trkpt><trkpt lat="53.139896" lon="-8.958726"><ele>7.9</ele></trkpt><trkpt lat="53.139705" lon="-8.956734"><ele>8.4</ele></trkpt><trkpt lat="53.139628" lon="-8.955853"><ele>8.9</ele></trkpt><trkpt lat="53.139581" lon="-8.955321"><ele>9.2</ele></trkpt><trkpt lat="53.139314" lon="-8.952755"><ele>12.1</ele></trkpt><trkpt lat="53.13919" lon="-8.952197"><ele>12.8</ele></trkpt><trkpt lat="53.138823" lon="-8.950977"><ele>14.1</ele></trkpt><trkpt lat="53.138774" lon="-8.950818"><ele>14.3</ele></trkpt><trkpt lat="53.138581" lon="-8.950144"><ele>14.6</ele></trkpt><trkpt lat="53.138529" lon="-8.949907"><ele>14.7</ele></trkpt><trkpt lat="53.138431" lon="-8.949202"><ele>14.6</ele></trkpt><trkpt lat="53.138382" lon="-8.948512"><ele>14.4</ele></trkpt><trkpt lat="53.138398" lon="-8.947825"><ele>13.8</ele></trkpt><trkpt lat="53.138453" lon="-8.947278"><ele>13.5</ele></trkpt><trkpt lat="53.138474" lon="-8.947102"><ele>13.4</ele></trkpt><trkpt lat="53.138566" lon="-8.946366"><ele>13.1</ele></trkpt><trkpt lat="53.13858" lon="-8.946255"><ele>13.1</ele></trkpt><trkpt lat="53.138828" lon="-8.944183"><ele>13.5</ele></trkpt><trkpt lat="53.138836" lon="-8.944108"><ele>13.5</ele></trkpt><trkpt lat="53.138842" lon="-8.944053"><ele>13.5</ele></trkpt><trkpt lat="53.138849" lon="-8.943991"><ele>13.5</ele></trkpt><trkpt lat="53.138854" lon="-8.943937"><ele>13.5</ele></trkpt><trkpt lat="53.13896" lon="-8.942832"><ele>13.4</ele></trkpt><trkpt lat="53.138968" lon="-8.942766"><ele>13.3</ele></trkpt><trkpt lat="53.139077" lon="-8.941759"><ele>12.4</ele></trkpt><trkpt lat="53.13909" lon="-8.941648"><ele>12.3</ele></trkpt><trkpt lat="53.139131" lon="-8.941252"><ele>11.9</ele></trkpt><trkpt lat="53.139168" lon="-8.940639"><ele>11.2</ele></trkpt><trkpt lat="53.139195" lon="-8.940193"><ele>10.8</ele></trkpt><trkpt lat="53.139194" lon="-8.940146"><ele>10.7</ele></trkpt><trkpt lat="53.139184" lon="-8.940047"><ele>10.6</ele></trkpt><trkpt lat="53.139133" lon="-8.939683"><ele>10.3</ele></trkpt><trkpt lat="53.139087" lon="-8.939465"><ele>10</ele></trkpt><trkpt lat="53.139052" lon="-8.939309"><ele>9.8</ele></trkpt><trkpt lat="53.138891" lon="-8.93858"><ele>8.7</ele></trkpt><trkpt lat="53.138852" lon="-8.938336"><ele>8.5</ele></trkpt><trkpt lat="53.138827" lon="-8.937956"><ele>8.1</ele></trkpt><trkpt lat="53.138824" lon="-8.937906"><ele>8</ele></trkpt><trkpt lat="53.138827" lon="-8.937472"><ele>7.7</ele></trkpt><trkpt lat="53.138821" lon="-8.937097"><ele>7.4</ele></trkpt><trkpt lat="53.138842" lon="-8.936773"><ele>7.2</ele></trkpt><trkpt lat="53.138898" lon="-8.936457"><ele>6.9</ele></trkpt><trkpt lat="53.138926" lon="-8.936337"><ele>6.8</ele></trkpt><trkpt lat="53.139035" lon="-8.936114"><ele>6.7</ele></trkpt><trkpt lat="53.139131" lon="-8.935959"><ele>6.6</ele></trkpt><trkpt lat="53.139134" lon="-8.935953"><ele>6.6</ele></trkpt><trkpt lat="53.139533" lon="-8.93523"><ele>6.6</ele></trkpt><trkpt lat="53.139894" lon="-8.934133"><ele>6.9</ele></trkpt><trkpt lat="53.139969" lon="-8.933797"><ele>6.9</ele></trkpt><trkpt lat="53.140031" lon="-8.933171"><ele>6.7</ele></trkpt><trkpt lat="53.140076" lon="-8.932951"><ele>6.6</ele></trkpt><trkpt lat="53.140296" lon="-8.932303"><ele>6.3</ele></trkpt><trkpt lat="53.14033" lon="-8.932105"><ele>6.3</ele></trkpt><trkpt lat="53.140354" lon="-8.931618"><ele>6.1</ele></trkpt><trkpt lat="53.140319" lon="-8.931043"><ele>5.8</ele></trkpt><trkpt lat="53.140268" lon="-8.930529"><ele>5.6</ele></trkpt><trkpt lat="53.140249" lon="-8.929986"><ele>5.6</ele></trkpt><trkpt lat="53.140284" lon="-8.929294"><ele>5.4</ele></trkpt><trkpt lat="53.140347" lon="-8.928645"><ele>5.1</ele></trkpt><trkpt lat="53.140398" lon="-8.928312"><ele>5</ele></trkpt><trkpt lat="53.140488" lon="-8.927807"><ele>4.7</ele></trkpt><trkpt lat="53.14058" lon="-8.927388"><ele>4.6</ele></trkpt><trkpt lat="53.140705" lon="-8.92708"><ele>4.5</ele></trkpt><trkpt lat="53.141102" lon="-8.926586"><ele>4</ele></trkpt><trkpt lat="53.141315" lon="-8.926047"><ele>3.8</ele></trkpt><trkpt lat="53.141387" lon="-8.925922"><ele>3.7</ele></trkpt><trkpt lat="53.14181" lon="-8.925491"><ele>3.5</ele></trkpt><trkpt lat="53.141968" lon="-8.925344"><ele>3.4</ele></trkpt><trkpt lat="53.14238" lon="-8.924942"><ele>3.4</ele></trkpt><trkpt lat="53.142845" lon="-8.924246"><ele>3.9</ele></trkpt><trkpt lat="53.143126" lon="-8.923495"><ele>4.7</ele></trkpt><trkpt lat="53.143694" lon="-8.922551"><ele>5.6</ele></trkpt><trkpt lat="53.143972" lon="-8.921896"><ele>5.4</ele></trkpt><trkpt lat="53.144199" lon="-8.921347"><ele>4.9</ele></trkpt><trkpt lat="53.144151" lon="-8.921291"><ele>4.8</ele></trkpt><trkpt lat="53.144143" lon="-8.921248"><ele>4.8</ele></trkpt><trkpt lat="53.144166" lon="-8.921199"><ele>4.7</ele></trkpt><trkpt lat="53.144231" lon="-8.921134"><ele>4.6</ele></trkpt><trkpt lat="53.144406" lon="-8.920751"><ele>4.4</ele></trkpt><trkpt lat="53.144651" lon="-8.920314"><ele>4.5</ele></trkpt><trkpt lat="53.144913" lon="-8.91991"><ele>5</ele></trkpt><trkpt lat="53.144957" lon="-8.919843"><ele>5.1</ele></trkpt><trkpt lat="53.144988" lon="-8.919795"><ele>5.1</ele></trkpt><trkpt lat="53.145163" lon="-8.919511"><ele>5.6</ele></trkpt><trkpt lat="53.145215" lon="-8.919369"><ele>5.8</ele></trkpt><trkpt lat="53.145294" lon="-8.919317"><ele>6.1</ele></trkpt><trkpt lat="53.145503" lon="-8.919142"><ele>6.6</ele></trkpt><trkpt lat="53.146232" lon="-8.918645"><ele>8.4</ele></trkpt><trkpt lat="53.146413" lon="-8.918564"><ele>8.6</ele></trkpt><trkpt lat="53.146722" lon="-8.918491"><ele>8.7</ele></trkpt><trkpt lat="53.146952" lon="-8.918489"><ele>8.8</ele></trkpt><trkpt lat="53.147449" lon="-8.918574"><ele>9</ele></trkpt><trkpt lat="53.147765" lon="-8.918686"><ele>9.2</ele></trkpt><trkpt lat="53.147967" lon="-8.918777"><ele>9.4</ele></trkpt><trkpt lat="53.148396" lon="-8.918793"><ele>9.7</ele></trkpt><trkpt lat="53.148586" lon="-8.918748"><ele>9.8</ele></trkpt><trkpt lat="53.148602" lon="-8.91881"><ele>9.8</ele></trkpt><trkpt lat="53.148605" lon="-8.918862"><ele>9.9</ele></trkpt><trkpt lat="53.148609" lon="-8.918909"><ele>9.9</ele></trkpt><trkpt lat="53.148658" lon="-8.919008"><ele>9.9</ele></trkpt><trkpt lat="53.148738" lon="-8.91904"><ele>10</ele></trkpt><trkpt lat="53.149208" lon="-8.918969"><ele>10.4</ele></trkpt><trkpt lat="53.149785" lon="-8.918705"><ele>10.8</ele></trkpt><trkpt lat="53.150025" lon="-8.918555"><ele>11</ele></trkpt><trkpt lat="53.150221" lon="-8.918368"><ele>11.1</ele></trkpt><trkpt lat="53.150472" lon="-8.918274"><ele>11.2</ele></trkpt><trkpt lat="53.151331" lon="-8.91816"><ele>11.4</ele></trkpt><trkpt lat="53.152823" lon="-8.917896"><ele>11.8</ele></trkpt><trkpt lat="53.153393" lon="-8.917837"><ele>12.1</ele></trkpt><trkpt lat="53.153813" lon="-8.91785"><ele>12.3</ele></trkpt><trkpt lat="53.154581" lon="-8.918002"><ele>12.5</ele></trkpt><trkpt lat="53.154638" lon="-8.918017"><ele>12.6</ele></trkpt><trkpt lat="53.155459" lon="-8.918255"><ele>12.6</ele></trkpt><trkpt lat="53.155463" lon="-8.918217"><ele>12.6</ele></trkpt><trkpt lat="53.155469" lon="-8.918166"><ele>12.6</ele></trkpt><trkpt lat="53.155474" lon="-8.918114"><ele>12.6</ele></trkpt><trkpt lat="53.155493" lon="-8.918074"><ele>12.6</ele></trkpt><trkpt lat="53.155923" lon="-8.9182"><ele>12.7</ele></trkpt><trkpt lat="53.15648" lon="-8.918224"><ele>12.7</ele></trkpt><trkpt lat="53.156836" lon="-8.918282"><ele>12.6</ele></trkpt><trkpt lat="53.157182" lon="-8.918462"><ele>12.6</ele></trkpt><trkpt lat="53.157676" lon="-8.918895"><ele>12.5</ele></trkpt><trkpt lat="53.157933" lon="-8.919002"><ele>12.5</ele></trkpt><trkpt lat="53.15841" lon="-8.919105"><ele>12.4</ele></trkpt><trkpt lat="53.160807" lon="-8.919255"><ele>12.2</ele></trkpt><trkpt lat="53.162257" lon="-8.919056"><ele>13.2</ele></trkpt><trkpt lat="53.16381" lon="-8.918814"><ele>15.8</ele></trkpt><trkpt lat="53.164276" lon="-8.918786"><ele>16.4</ele></trkpt><trkpt lat="53.166516" lon="-8.918903"><ele>16.3</ele></trkpt><trkpt lat="53.168309" lon="-8.918815"><ele>12.3</ele></trkpt><trkpt lat="53.169381" lon="-8.918796"><ele>10.8</ele></trkpt><trkpt lat="53.169708" lon="-8.918823"><ele>10.7</ele></trkpt><trkpt lat="53.170756" lon="-8.919019"><ele>11.1</ele></trkpt><trkpt lat="53.171377" lon="-8.91906"><ele>11.3</ele></trkpt><trkpt lat="53.172955" lon="-8.918954"><ele>11.5</ele></trkpt><trkpt lat="53.1738" lon="-8.918851"><ele>12.1</ele></trkpt><trkpt lat="53.174712" lon="-8.918601"><ele>13.6</ele></trkpt><trkpt lat="53.175316" lon="-8.918362"><ele>15</ele></trkpt><trkpt lat="53.175956" lon="-8.918024"><ele>16.3</ele></trkpt><trkpt lat="53.176536" lon="-8.917639"><ele>16.9</ele></trkpt><trkpt lat="53.176555" lon="-8.91772"><ele>16.9</ele></trkpt><trkpt lat="53.176574" lon="-8.917878"><ele>16.9</ele></trkpt><trkpt lat="53.176555" lon="-8.918109"><ele>16.9</ele></trkpt><trkpt lat="53.176348" lon="-8.918736"><ele>16.6</ele></trkpt><trkpt lat="53.17609" lon="-8.919485"><ele>15.9</ele></trkpt><trkpt lat="53.175718" lon="-8.920161"><ele>15.2</ele></trkpt><trkpt lat="53.175562" lon="-8.92077"><ele>14.7</ele></trkpt><trkpt lat="53.175494" lon="-8.920926"><ele>14.6</ele></trkpt><trkpt lat="53.174937" lon="-8.921843"><ele>14.1</ele></trkpt><trkpt lat="53.174603" lon="-8.922651"><ele>13.8</ele></trkpt><trkpt lat="53.174413" lon="-8.923188"><ele>13.6</ele></trkpt><trkpt lat="53.174494" lon="-8.923604"><ele>13.6</ele></trkpt><trkpt lat="53.174588" lon="-8.923857"><ele>13.5</ele></trkpt><trkpt lat="53.174679" lon="-8.923979"><ele>13.5</ele></trkpt><trkpt lat="53.174921" lon="-8.924149"><ele>13.5</ele></trkpt><trkpt lat="53.175216" lon="-8.924769"><ele>13.4</ele></trkpt><trkpt lat="53.176198" lon="-8.926967"><ele>13.5</ele></trkpt><trkpt lat="53.177597" lon="-8.930452"><ele>9.7</ele></trkpt><trkpt lat="53.177686" lon="-8.930744"><ele>9.4</ele></trkpt><trkpt lat="53.177724" lon="-8.930994"><ele>9.1</ele></trkpt><trkpt lat="53.177891" lon="-8.931732"><ele>8.4</ele></trkpt><trkpt lat="53.17833" lon="-8.932968"><ele>7.3</ele></trkpt><trkpt lat="53.178412" lon="-8.933056"><ele>7.2</ele></trkpt><trkpt lat="53.178637" lon="-8.933143"><ele>7</ele></trkpt><trkpt lat="53.178711" lon="-8.933242"><ele>6.9</ele></trkpt><trkpt lat="53.181264" lon="-8.939635"><ele>3.5</ele></trkpt><trkpt lat="53.181883" lon="-8.941098"><ele>4.8</ele></trkpt><trkpt lat="53.182045" lon="-8.941407"><ele>5.1</ele></trkpt><trkpt lat="53.182183" lon="-8.940131"><ele>5.7</ele></trkpt><trkpt lat="53.182271" lon="-8.939624"><ele>5.7</ele></trkpt><trkpt lat="53.182916" lon="-8.938456"><ele>5.7</ele></trkpt><trkpt lat="53.183031" lon="-8.938128"><ele>5.7</ele></trkpt><trkpt lat="53.183608" lon="-8.935913"><ele>6.4</ele></trkpt><trkpt lat="53.183762" lon="-8.93546"><ele>6.6</ele></trkpt><trkpt lat="53.184269" lon="-8.934276"><ele>7.1</ele></trkpt><trkpt lat="53.184966" lon="-8.933048"><ele>7.7</ele></trkpt><trkpt lat="53.185927" lon="-8.93145"><ele>8.5</ele></trkpt><trkpt lat="53.186947" lon="-8.92968"><ele>9.3</ele></trkpt><trkpt lat="53.187355" lon="-8.928893"><ele>9.4</ele></trkpt><trkpt lat="53.187823" lon="-8.927939"><ele>9.2</ele></trkpt><trkpt lat="53.188705" lon="-8.926019"><ele>8.1</ele></trkpt><trkpt lat="53.189453" lon="-8.924261"><ele>7.3</ele></trkpt><trkpt lat="53.189682" lon="-8.923551"><ele>7.1</ele></trkpt><trkpt lat="53.189893" lon="-8.922461"><ele>6.7</ele></trkpt><trkpt lat="53.191012" lon="-8.923157"><ele>5.7</ele></trkpt><trkpt lat="53.191196" lon="-8.923203"><ele>5.4</ele></trkpt><trkpt lat="53.191282" lon="-8.923158"><ele>5.3</ele></trkpt><trkpt lat="53.19155" lon="-8.922785"><ele>5</ele></trkpt><trkpt lat="53.19172" lon="-8.922618"><ele>5</ele></trkpt><trkpt lat="53.191909" lon="-8.922581"><ele>4.9</ele></trkpt><trkpt lat="53.191995" lon="-8.922647"><ele>4.9</ele></trkpt><trkpt lat="53.192109" lon="-8.922784"><ele>4.9</ele></trkpt><trkpt lat="53.192526" lon="-8.9231"><ele>4.9</ele></trkpt><trkpt lat="53.192998" lon="-8.923542"><ele>5.1</ele></trkpt><trkpt lat="53.193175" lon="-8.923762"><ele>5.2</ele></trkpt><trkpt lat="53.194262" lon="-8.925389"><ele>5</ele></trkpt><trkpt lat="53.194294" lon="-8.925436"><ele>4.9</ele></trkpt><trkpt lat="53.195047" lon="-8.926519"><ele>3.9</ele></trkpt><trkpt lat="53.195085" lon="-8.926574"><ele>3.8</ele></trkpt><trkpt lat="53.195138" lon="-8.926654"><ele>3.8</ele></trkpt><trkpt lat="53.195374" lon="-8.927018"><ele>3.5</ele></trkpt><trkpt lat="53.195935" lon="-8.928089"><ele>3</ele></trkpt><trkpt lat="53.196144" lon="-8.928313"><ele>3</ele></trkpt><trkpt lat="53.19649" lon="-8.928619"><ele>2.9</ele></trkpt><trkpt lat="53.19766" lon="-8.929817"><ele>3.7</ele></trkpt><trkpt lat="53.197836" lon="-8.929582"><ele>4</ele></trkpt><trkpt lat="53.198011" lon="-8.929211"><ele>4.5</ele></trkpt><trkpt lat="53.198223" lon="-8.928886"><ele>5</ele></trkpt><trkpt lat="53.198502" lon="-8.927954"><ele>6.5</ele></trkpt><trkpt lat="53.198599" lon="-8.927482"><ele>7</ele></trkpt><trkpt lat="53.198608" lon="-8.927257"><ele>7.2</ele></trkpt><trkpt lat="53.198548" lon="-8.926463"><ele>7.8</ele></trkpt><trkpt lat="53.198452" lon="-8.925651"><ele>8</ele></trkpt><trkpt lat="53.198455" lon="-8.925382"><ele>8</ele></trkpt><trkpt lat="53.198399" lon="-8.925034"><ele>8</ele></trkpt><trkpt lat="53.198434" lon="-8.924899"><ele>7.9</ele></trkpt><trkpt lat="53.198591" lon="-8.924603"><ele>7.8</ele></trkpt><trkpt lat="53.198689" lon="-8.924285"><ele>7.8</ele></trkpt><trkpt lat="53.198752" lon="-8.923862"><ele>7.7</ele></trkpt><trkpt lat="53.19872" lon="-8.923543"><ele>7.7</ele></trkpt><trkpt lat="53.198712" lon="-8.923397"><ele>7.7</ele></trkpt><trkpt lat="53.198749" lon="-8.923197"><ele>7.7</ele></trkpt><trkpt lat="53.199" lon="-8.922527"><ele>7.8</ele></trkpt><trkpt lat="53.199089" lon="-8.922376"><ele>7.8</ele></trkpt><trkpt lat="53.199388" lon="-8.922052"><ele>7.9</ele></trkpt><trkpt lat="53.19956" lon="-8.921718"><ele>7.9</ele></trkpt><trkpt lat="53.199638" lon="-8.92148"><ele>7.9</ele></trkpt><trkpt lat="53.200295" lon="-8.916946"><ele>7.1</ele></trkpt><trkpt lat="53.200307" lon="-8.916628"><ele>7</ele></trkpt><trkpt lat="53.200201" lon="-8.914053"><ele>6.4</ele></trkpt><trkpt lat="53.200008" lon="-8.912525"><ele>6.5</ele></trkpt><trkpt lat="53.199865" lon="-8.909492"><ele>7</ele></trkpt><trkpt lat="53.199905" lon="-8.908464"><ele>7.4</ele></trkpt><trkpt lat="53.19996" lon="-8.90766"><ele>7.8</ele></trkpt><trkpt lat="53.200065" lon="-8.907504"><ele>8</ele></trkpt><trkpt lat="53.200266" lon="-8.907452"><ele>8.2</ele></trkpt><trkpt lat="53.200337" lon="-8.907368"><ele>8.3</ele></trkpt><trkpt lat="53.200612" lon="-8.906156"><ele>9.1</ele></trkpt><trkpt lat="53.200781" lon="-8.905469"><ele>9.7</ele></trkpt><trkpt lat="53.201379" lon="-8.901381"><ele>12.6</ele></trkpt><trkpt lat="53.202444" lon="-8.893815"><ele>14.6</ele></trkpt><trkpt lat="53.202497" lon="-8.8937"><ele>14.5</ele></trkpt><trkpt lat="53.20254" lon="-8.893667"><ele>14.5</ele></trkpt><trkpt lat="53.20371" lon="-8.893556"><ele>13.4</ele></trkpt><trkpt lat="53.204252" lon="-8.892482"><ele>12.2</ele></trkpt><trkpt lat="53.204337" lon="-8.892318"><ele>12</ele></trkpt><trkpt lat="53.205297" lon="-8.8904"><ele>9.8</ele></trkpt><trkpt lat="53.205505" lon="-8.889889"><ele>9.2</ele></trkpt><trkpt lat="53.205699" lon="-8.889223"><ele>8.2</ele></trkpt><trkpt lat="53.205761" lon="-8.889094"><ele>8</ele></trkpt><trkpt lat="53.205885" lon="-8.8891"><ele>7.7</ele></trkpt><trkpt lat="53.206523" lon="-8.889731"><ele>6.3</ele></trkpt><trkpt lat="53.206624" lon="-8.889785"><ele>6.1</ele></trkpt><trkpt lat="53.206649" lon="-8.889624"><ele>6</ele></trkpt><trkpt lat="53.206838" lon="-8.88866"><ele>5.5</ele></trkpt><trkpt lat="53.20691" lon="-8.887744"><ele>5.7</ele></trkpt><trkpt lat="53.206962" lon="-8.887032"><ele>5.8</ele></trkpt><trkpt lat="53.207065" lon="-8.88666"><ele>5.9</ele></trkpt><trkpt lat="53.207179" lon="-8.886318"><ele>6</ele></trkpt><trkpt lat="53.207464" lon="-8.885166"><ele>6.1</ele></trkpt><trkpt lat="53.207517" lon="-8.884821"><ele>6.1</ele></trkpt><trkpt lat="53.207547" lon="-8.884148"><ele>6.2</ele></trkpt><trkpt lat="53.207595" lon="-8.883645"><ele>6.4</ele></trkpt><trkpt lat="53.207614" lon="-8.883568"><ele>6.4</ele></trkpt><trkpt lat="53.207741" lon="-8.88316"><ele>6.7</ele></trkpt><trkpt lat="53.20774" lon="-8.883048"><ele>6.7</ele></trkpt><trkpt lat="53.20771" lon="-8.882941"><ele>6.8</ele></trkpt><trkpt lat="53.207502" lon="-8.882739"><ele>7</ele></trkpt><trkpt lat="53.207065" lon="-8.882483"><ele>7.3</ele></trkpt><trkpt lat="53.207" lon="-8.882359"><ele>7.4</ele></trkpt><trkpt lat="53.207016" lon="-8.882139"><ele>7.5</ele></trkpt><trkpt lat="53.207144" lon="-8.881651"><ele>7.6</ele></trkpt><trkpt lat="53.207244" lon="-8.881217"><ele>7.6</ele></trkpt><trkpt lat="53.207315" lon="-8.880954"><ele>7.5</ele></trkpt><trkpt lat="53.207361" lon="-8.880774"><ele>7.5</ele></trkpt><trkpt lat="53.207477" lon="-8.880453"><ele>7.3</ele></trkpt><trkpt lat="53.207543" lon="-8.880289"><ele>7.2</ele></trkpt><trkpt lat="53.207768" lon="-8.879771"><ele>6.8</ele></trkpt><trkpt lat="53.207796" lon="-8.879708"><ele>6.8</ele></trkpt><trkpt lat="53.207812" lon="-8.879671"><ele>6.7</ele></trkpt><trkpt lat="53.208265" lon="-8.87869"><ele>5.9</ele></trkpt><trkpt lat="53.208408" lon="-8.87844"><ele>5.7</ele></trkpt><trkpt lat="53.208715" lon="-8.877892"><ele>5.4</ele></trkpt><trkpt lat="53.208833" lon="-8.877683"><ele>5.3</ele></trkpt><trkpt lat="53.209071" lon="-8.877247"><ele>5.3</ele></trkpt><trkpt lat="53.20914" lon="-8.87712"><ele>5.3</ele></trkpt><trkpt lat="53.209371" lon="-8.876697"><ele>5.5</ele></trkpt><trkpt lat="53.209483" lon="-8.876493"><ele>5.7</ele></trkpt><trkpt lat="53.20968" lon="-8.876135"><ele>6.1</ele></trkpt><trkpt lat="53.210244" lon="-8.87533"><ele>7.2</ele></trkpt><trkpt lat="53.210416" lon="-8.874939"><ele>7.7</ele></trkpt><trkpt lat="53.210538" lon="-8.874487"><ele>8.2</ele></trkpt><trkpt lat="53.210746" lon="-8.873486"><ele>8.9</ele></trkpt><trkpt lat="53.210976" lon="-8.872588"><ele>9.5</ele></trkpt><trkpt lat="53.211074" lon="-8.87184"><ele>10</ele></trkpt><trkpt lat="53.211138" lon="-8.871032"><ele>10.1</ele></trkpt><trkpt lat="53.211249" lon="-8.870201"><ele>9.4</ele></trkpt><trkpt lat="53.211439" lon="-8.870316"><ele>9</ele></trkpt><trkpt lat="53.211533" lon="-8.870373"><ele>8.8</ele></trkpt><trkpt lat="53.211754" lon="-8.870506"><ele>8.1</ele></trkpt><trkpt lat="53.211773" lon="-8.870518"><ele>8</ele></trkpt><trkpt lat="53.212298" lon="-8.870806"><ele>6.2</ele></trkpt><trkpt lat="53.21304" lon="-8.871125"><ele>3.6</ele></trkpt><trkpt lat="53.213888" lon="-8.871386"><ele>2.2</ele></trkpt><trkpt lat="53.214053" lon="-8.871422"><ele>2.1</ele></trkpt><trkpt lat="53.214425" lon="-8.871507"><ele>1.9</ele></trkpt><trkpt lat="53.214497" lon="-8.87152"><ele>1.9</ele></trkpt><trkpt lat="53.215853" lon="-8.87174"><ele>2.6</ele></trkpt><trkpt lat="53.216485" lon="-8.871932"><ele>3.2</ele></trkpt><trkpt lat="53.217067" lon="-8.872183"><ele>3.7</ele></trkpt><trkpt lat="53.217692" lon="-8.872534"><ele>4</ele></trkpt><trkpt lat="53.220461" lon="-8.874367"><ele>4.4</ele></trkpt><trkpt lat="53.222937" lon="-8.875993"><ele>7.7</ele></trkpt><trkpt lat="53.223123" lon="-8.876114"><ele>7.9</ele></trkpt><trkpt lat="53.223296" lon="-8.876228"><ele>8.1</ele></trkpt><trkpt lat="53.224052" lon="-8.87671"><ele>8.9</ele></trkpt><trkpt lat="53.22462" lon="-8.877082"><ele>9.2</ele></trkpt><trkpt lat="53.224935" lon="-8.877288"><ele>9.2</ele></trkpt><trkpt lat="53.225141" lon="-8.877412"><ele>9.2</ele></trkpt><trkpt lat="53.225614" lon="-8.877717"><ele>8.8</ele></trkpt><trkpt lat="53.226158" lon="-8.87809"><ele>7.9</ele></trkpt><trkpt lat="53.226425" lon="-8.878326"><ele>7.3</ele></trkpt><trkpt lat="53.226613" lon="-8.878537"><ele>6.8</ele></trkpt><trkpt lat="53.22688" lon="-8.878902"><ele>6</ele></trkpt><trkpt lat="53.227177" lon="-8.879427"><ele>5</ele></trkpt><trkpt lat="53.227593" lon="-8.880149"><ele>4.3</ele></trkpt><trkpt lat="53.227747" lon="-8.880335"><ele>4.3</ele></trkpt><trkpt lat="53.227814" lon="-8.880408"><ele>4.3</ele></trkpt><trkpt lat="53.227881" lon="-8.880481"><ele>4.4</ele></trkpt><trkpt lat="53.228039" lon="-8.880563"><ele>4.5</ele></trkpt><trkpt lat="53.228734" lon="-8.88066"><ele>5.6</ele></trkpt><trkpt lat="53.229226" lon="-8.8807"><ele>6.4</ele></trkpt><trkpt lat="53.229464" lon="-8.880683"><ele>6.8</ele></trkpt><trkpt lat="53.231149" lon="-8.880492"><ele>7.5</ele></trkpt><trkpt lat="53.231397" lon="-8.880506"><ele>7.8</ele></trkpt><trkpt lat="53.231674" lon="-8.880581"><ele>8.1</ele></trkpt><trkpt lat="53.231873" lon="-8.880667"><ele>8.5</ele></trkpt><trkpt lat="53.232771" lon="-8.881159"><ele>10.9</ele></trkpt><trkpt lat="53.233287" lon="-8.881569"><ele>12.3</ele></trkpt><trkpt lat="53.233595" lon="-8.881728"><ele>12.9</ele></trkpt><trkpt lat="53.234009" lon="-8.88187"><ele>13.5</ele></trkpt><trkpt lat="53.234898" lon="-8.881851"><ele>13.3</ele></trkpt><trkpt lat="53.235073" lon="-8.881702"><ele>13.1</ele></trkpt><trkpt lat="53.235498" lon="-8.881636"><ele>12.6</ele></trkpt><trkpt lat="53.235849" lon="-8.881663"><ele>12.2</ele></trkpt><trkpt lat="53.236114" lon="-8.881817"><ele>12</ele></trkpt><trkpt lat="53.236339" lon="-8.882068"><ele>11.9</ele></trkpt><trkpt lat="53.236553" lon="-8.882367"><ele>12</ele></trkpt><trkpt lat="53.236872" lon="-8.8829"><ele>12.4</ele></trkpt><trkpt lat="53.23761" lon="-8.883899"><ele>14</ele></trkpt><trkpt lat="53.238059" lon="-8.884626"><ele>14.8</ele></trkpt><trkpt lat="53.240929" lon="-8.890143"><ele>11.6</ele></trkpt><trkpt lat="53.241572" lon="-8.891393"><ele>10.6</ele></trkpt><trkpt lat="53.242288" lon="-8.892599"><ele>9.9</ele></trkpt><trkpt lat="53.244738" lon="-8.896437"><ele>9.7</ele></trkpt><trkpt lat="53.245737" lon="-8.898002"><ele>10.5</ele></trkpt><trkpt lat="53.246526" lon="-8.899209"><ele>12.1</ele></trkpt><trkpt lat="53.247107" lon="-8.899867"><ele>12.9</ele></trkpt><trkpt lat="53.247627" lon="-8.900333"><ele>13.1</ele></trkpt><trkpt lat="53.248958" lon="-8.901262"><ele>11.7</ele></trkpt><trkpt lat="53.249308" lon="-8.901564"><ele>11.1</ele></trkpt><trkpt lat="53.249854" lon="-8.902135"><ele>10.2</ele></trkpt><trkpt lat="53.251213" lon="-8.903813"><ele>8.2</ele></trkpt><trkpt lat="53.251303" lon="-8.90392"><ele>8.2</ele></trkpt><trkpt lat="53.252083" lon="-8.905001"><ele>7.6</ele></trkpt><trkpt lat="53.252906" lon="-8.906307"><ele>6.5</ele></trkpt><trkpt lat="53.253458" lon="-8.907317"><ele>7.1</ele></trkpt><trkpt lat="53.254151" lon="-8.908818"><ele>9.5</ele></trkpt><trkpt lat="53.255884" lon="-8.913171"><ele>9.3</ele></trkpt><trkpt lat="53.255973" lon="-8.9134"><ele>9.6</ele></trkpt><trkpt lat="53.25604" lon="-8.91357"><ele>9.8</ele></trkpt><trkpt lat="53.256422" lon="-8.914544"><ele>11.3</ele></trkpt><trkpt lat="53.256836" lon="-8.915555"><ele>12.5</ele></trkpt><trkpt lat="53.2572" lon="-8.916367"><ele>12.4</ele></trkpt><trkpt lat="53.257564" lon="-8.917103"><ele>11.8</ele></trkpt><trkpt lat="53.25815" lon="-8.918153"><ele>10.6</ele></trkpt><trkpt lat="53.258379" lon="-8.918527"><ele>10.2</ele></trkpt><trkpt lat="53.25857" lon="-8.918833"><ele>9.9</ele></trkpt><trkpt lat="53.259249" lon="-8.919795"><ele>8.9</ele></trkpt><trkpt lat="53.259704" lon="-8.920369"><ele>8.2</ele></trkpt><trkpt lat="53.260194" lon="-8.920928"><ele>7.3</ele></trkpt><trkpt lat="53.260723" lon="-8.921457"><ele>6.5</ele></trkpt><trkpt lat="53.260805" lon="-8.921585"><ele>6.4</ele></trkpt><trkpt lat="53.26088" lon="-8.921837"><ele>6.2</ele></trkpt><trkpt lat="53.260929" lon="-8.921953"><ele>6.1</ele></trkpt><trkpt lat="53.261034" lon="-8.922025"><ele>6</ele></trkpt><trkpt lat="53.261105" lon="-8.922007"><ele>5.9</ele></trkpt><trkpt lat="53.261355" lon="-8.921973"><ele>5.8</ele></trkpt><trkpt lat="53.261949" lon="-8.922328"><ele>5.6</ele></trkpt><trkpt lat="53.262387" lon="-8.92251"><ele>5.5</ele></trkpt><trkpt lat="53.263431" lon="-8.92273"><ele>5.1</ele></trkpt><trkpt lat="53.263461" lon="-8.923483"><ele>5.1</ele></trkpt><trkpt lat="53.263519" lon="-8.924197"><ele>5.2</ele></trkpt><trkpt lat="53.263617" lon="-8.924915"><ele>5.5</ele></trkpt><trkpt lat="53.26369" lon="-8.925315"><ele>5.7</ele></trkpt><trkpt lat="53.263697" lon="-8.925345"><ele>5.7</ele></trkpt><trkpt lat="53.263711" lon="-8.925407"><ele>5.8</ele></trkpt><trkpt lat="53.264044" lon="-8.926702"><ele>6.5</ele></trkpt><trkpt lat="53.264151" lon="-8.927079"><ele>6.7</ele></trkpt><trkpt lat="53.264362" lon="-8.927792"><ele>7</ele></trkpt><trkpt lat="53.264521" lon="-8.928205"><ele>7</ele></trkpt><trkpt lat="53.264711" lon="-8.928595"><ele>6.9</ele></trkpt><trkpt lat="53.264998" lon="-8.929029"><ele>6.6</ele></trkpt><trkpt lat="53.265289" lon="-8.929346"><ele>6.1</ele></trkpt><trkpt lat="53.265651" lon="-8.929621"><ele>5.5</ele></trkpt><trkpt lat="53.26575" lon="-8.92968"><ele>5.3</ele></trkpt><trkpt lat="53.266304" lon="-8.929872"><ele>4.5</ele></trkpt><trkpt lat="53.26669" lon="-8.929947"><ele>4</ele></trkpt><trkpt lat="53.266827" lon="-8.929974"><ele>3.9</ele></trkpt><trkpt lat="53.267128" lon="-8.930019"><ele>3.8</ele></trkpt><trkpt lat="53.267332" lon="-8.930011"><ele>3.8</ele></trkpt><trkpt lat="53.267427" lon="-8.929991"><ele>3.9</ele></trkpt><trkpt lat="53.267788" lon="-8.92985"><ele>4.1</ele></trkpt><trkpt lat="53.267906" lon="-8.929806"><ele>4.2</ele></trkpt><trkpt lat="53.268409" lon="-8.92947"><ele>4.7</ele></trkpt><trkpt lat="53.268792" lon="-8.929051"><ele>5.1</ele></trkpt><trkpt lat="53.268856" lon="-8.92901"><ele>5.2</ele></trkpt><trkpt lat="53.269379" lon="-8.928748"><ele>5.3</ele></trkpt><trkpt lat="53.26947" lon="-8.928716"><ele>5.2</ele></trkpt><trkpt lat="53.269777" lon="-8.928657"><ele>5.1</ele></trkpt><trkpt lat="53.270012" lon="-8.928653"><ele>4.8</ele></trkpt><trkpt lat="53.270984" lon="-8.929051"><ele>3.3</ele></trkpt><trkpt lat="53.271173" lon="-8.929175"><ele>3</ele></trkpt><trkpt lat="53.271262" lon="-8.92928"><ele>2.8</ele></trkpt><trkpt lat="53.271242" lon="-8.929405"><ele>2.7</ele></trkpt><trkpt lat="53.27126" lon="-8.929465"><ele>2.7</ele></trkpt><trkpt lat="53.271326" lon="-8.929511"><ele>2.6</ele></trkpt><trkpt lat="53.271362" lon="-8.9295"><ele>2.6</ele></trkpt><trkpt lat="53.271389" lon="-8.929462"><ele>2.5</ele></trkpt><trkpt lat="53.271406" lon="-8.929349"><ele>2.5</ele></trkpt><trkpt lat="53.271506" lon="-8.929339"><ele>2.4</ele></trkpt><trkpt lat="53.271615" lon="-8.92938"><ele>2.4</ele></trkpt><trkpt lat="53.271925" lon="-8.929526"><ele>2.3</ele></trkpt><trkpt lat="53.272143" lon="-8.929681"><ele>2.4</ele></trkpt><trkpt lat="53.27228" lon="-8.92989"><ele>2.5</ele></trkpt><trkpt lat="53.272385" lon="-8.930177"><ele>2.6</ele></trkpt><trkpt lat="53.272451" lon="-8.930532"><ele>2.8</ele></trkpt><trkpt lat="53.272535" lon="-8.931409"><ele>3.4</ele></trkpt><trkpt lat="53.272919" lon="-8.933082"><ele>3.4</ele></trkpt><trkpt lat="53.273254" lon="-8.934476"><ele>2.7</ele></trkpt><trkpt lat="53.273294" lon="-8.934669"><ele>2.6</ele></trkpt><trkpt lat="53.273351" lon="-8.934989"><ele>2.4</ele></trkpt><trkpt lat="53.273411" lon="-8.935592"><ele>2.1</ele></trkpt><trkpt lat="53.273496" lon="-8.938582"><ele>2.5</ele></trkpt><trkpt lat="53.273498" lon="-8.93868"><ele>2.6</ele></trkpt><trkpt lat="53.2735" lon="-8.938827"><ele>2.6</ele></trkpt><trkpt lat="53.273506" lon="-8.939037"><ele>2.7</ele></trkpt><trkpt lat="53.273566" lon="-8.939942"><ele>2.9</ele></trkpt><trkpt lat="53.273578" lon="-8.940031"><ele>2.9</ele></trkpt><trkpt lat="53.273713" lon="-8.941042"><ele>2.9</ele></trkpt><trkpt lat="53.27376" lon="-8.941568"><ele>2.7</ele></trkpt><trkpt lat="53.273776" lon="-8.942087"><ele>2.4</ele></trkpt><trkpt lat="53.273762" lon="-8.942633"><ele>2.1</ele></trkpt><trkpt lat="53.273741" lon="-8.943255"><ele>1.6</ele></trkpt><trkpt lat="53.273713" lon="-8.944373"><ele>1.1</ele></trkpt><trkpt lat="53.2737" lon="-8.944771"><ele>1.1</ele></trkpt><trkpt lat="53.273596" lon="-8.947991"><ele>2.8</ele></trkpt><trkpt lat="53.273541" lon="-8.948718"><ele>3.2</ele></trkpt><trkpt lat="53.273271" lon="-8.951061"><ele>3.5</ele></trkpt><trkpt lat="53.273003" lon="-8.953609"><ele>4.2</ele></trkpt><trkpt lat="53.272979" lon="-8.95432"><ele>5.2</ele></trkpt><trkpt lat="53.273021" lon="-8.955029"><ele>6.5</ele></trkpt><trkpt lat="53.273134" lon="-8.955788"><ele>8.1</ele></trkpt><trkpt lat="53.273181" lon="-8.956008"><ele>8.6</ele></trkpt><trkpt lat="53.273218" lon="-8.956169"><ele>8.9</ele></trkpt><trkpt lat="53.273394" lon="-8.956828"><ele>10.2</ele></trkpt><trkpt lat="53.273468" lon="-8.95709"><ele>10.6</ele></trkpt><trkpt lat="53.273635" lon="-8.957707"><ele>11.5</ele></trkpt><trkpt lat="53.273717" lon="-8.958175"><ele>11.9</ele></trkpt><trkpt lat="53.273766" lon="-8.958684"><ele>12.3</ele></trkpt><trkpt lat="53.273793" lon="-8.959317"><ele>12.6</ele></trkpt><trkpt lat="53.273774" lon="-8.959834"><ele>12.6</ele></trkpt><trkpt lat="53.273704" lon="-8.960468"><ele>12.4</ele></trkpt><trkpt lat="53.273268" lon="-8.962934"><ele>9.9</ele></trkpt><trkpt lat="53.272846" lon="-8.965261"><ele>7.6</ele></trkpt><trkpt lat="53.272809" lon="-8.965468"><ele>7.4</ele></trkpt><trkpt lat="53.272739" lon="-8.965844"><ele>7.1</ele></trkpt><trkpt lat="53.272652" lon="-8.966264"><ele>6.7</ele></trkpt><trkpt lat="53.272213" lon="-8.967939"><ele>5.3</ele></trkpt><trkpt lat="53.271933" lon="-8.968965"><ele>4.9</ele></trkpt><trkpt lat="53.27174" lon="-8.969926"><ele>5</ele></trkpt><trkpt lat="53.271637" lon="-8.970862"><ele>5.6</ele></trkpt><trkpt lat="53.271598" lon="-8.971586"><ele>6.4</ele></trkpt><trkpt lat="53.271602" lon="-8.97222"><ele>7.4</ele></trkpt><trkpt lat="53.271665" lon="-8.973177"><ele>9.3</ele></trkpt><trkpt lat="53.271797" lon="-8.974172"><ele>11.5</ele></trkpt><trkpt lat="53.272072" lon="-8.975379"><ele>14.1</ele></trkpt><trkpt lat="53.272016" lon="-8.975428"><ele>14.3</ele></trkpt><trkpt lat="53.271886" lon="-8.975663"><ele>14.9</ele></trkpt><trkpt lat="53.271849" lon="-8.975886"><ele>15.2</ele></trkpt><trkpt lat="53.271865" lon="-8.976342"><ele>15.9</ele></trkpt><trkpt lat="53.271876" lon="-8.97649"><ele>16.1</ele></trkpt><trkpt lat="53.271907" lon="-8.976929"><ele>16.5</ele></trkpt><trkpt lat="53.271935" lon="-8.977442"><ele>16.9</ele></trkpt><trkpt lat="53.271946" lon="-8.977683"><ele>17.1</ele></trkpt><trkpt lat="53.27195" lon="-8.977764"><ele>17.2</ele></trkpt><trkpt lat="53.271971" lon="-8.978104"><ele>17.4</ele></trkpt><trkpt lat="53.271975" lon="-8.978214"><ele>17.5</ele></trkpt><trkpt lat="53.271983" lon="-8.978281"><ele>17.6</ele></trkpt><trkpt lat="53.271993" lon="-8.978378"><ele>17.6</ele></trkpt><trkpt lat="53.272058" lon="-8.978832"><ele>17.9</ele></trkpt><trkpt lat="53.272154" lon="-8.979253"><ele>18</ele></trkpt><trkpt lat="53.272365" lon="-8.98"><ele>18</ele></trkpt><trkpt lat="53.272427" lon="-8.980289"><ele>17.9</ele></trkpt><trkpt lat="53.272497" lon="-8.980802"><ele>17.6</ele></trkpt><trkpt lat="53.272526" lon="-8.981236"><ele>17.3</ele></trkpt><trkpt lat="53.272487" lon="-8.982343"><ele>16.4</ele></trkpt><trkpt lat="53.272442" lon="-8.982919"><ele>15.9</ele></trkpt><trkpt lat="53.272429" lon="-8.983284"><ele>15.6</ele></trkpt><trkpt lat="53.272292" lon="-8.985695"><ele>13.4</ele></trkpt><trkpt lat="53.272305" lon="-8.985872"><ele>13.1</ele></trkpt><trkpt lat="53.272347" lon="-8.98604"><ele>12.9</ele></trkpt><trkpt lat="53.273128" lon="-8.987834"><ele>9.4</ele></trkpt><trkpt lat="53.273413" lon="-8.988519"><ele>8.5</ele></trkpt><trkpt lat="53.273613" lon="-8.988997"><ele>8.6</ele></trkpt><trkpt lat="53.273683" lon="-8.989281"><ele>9</ele></trkpt><trkpt lat="53.273696" lon="-8.989439"><ele>9.3</ele></trkpt><trkpt lat="53.27373" lon="-8.989877"><ele>10.4</ele></trkpt><trkpt lat="53.273725" lon="-8.990512"><ele>12.2</ele></trkpt><trkpt lat="53.273717" lon="-8.991607"><ele>15.9</ele></trkpt><trkpt lat="53.273841" lon="-8.99353"><ele>20.7</ele></trkpt><trkpt lat="53.273871" lon="-8.993748"><ele>20.9</ele></trkpt><trkpt lat="53.273909" lon="-8.993829"><ele>20.9</ele></trkpt><trkpt lat="53.273923" lon="-8.993859"><ele>20.9</ele></trkpt><trkpt lat="53.274115" lon="-8.993901"><ele>21</ele></trkpt><trkpt lat="53.274123" lon="-8.994924"><ele>21.2</ele></trkpt><trkpt lat="53.274228" lon="-8.996213"><ele>20.9</ele></trkpt><trkpt lat="53.274347" lon="-8.997067"><ele>20.6</ele></trkpt><trkpt lat="53.274466" lon="-8.99763"><ele>20.2</ele></trkpt><trkpt lat="53.274702" lon="-8.998536"><ele>19.4</ele></trkpt><trkpt lat="53.274763" lon="-8.998755"><ele>19.1</ele></trkpt><trkpt lat="53.27523" lon="-9.000301"><ele>17.2</ele></trkpt><trkpt lat="53.275867" lon="-9.002396"><ele>15.6</ele></trkpt><trkpt lat="53.275927" lon="-9.002591"><ele>15.5</ele></trkpt><trkpt lat="53.276113" lon="-9.003266"><ele>15.5</ele></trkpt><trkpt lat="53.27613" lon="-9.003336"><ele>15.5</ele></trkpt><trkpt lat="53.276219" lon="-9.003692"><ele>15.5</ele></trkpt><trkpt lat="53.276288" lon="-9.003972"><ele>15.6</ele></trkpt><trkpt lat="53.276396" lon="-9.004428"><ele>15.7</ele></trkpt><trkpt lat="53.276417" lon="-9.004513"><ele>15.7</ele></trkpt><trkpt lat="53.276515" lon="-9.004917"><ele>15.8</ele></trkpt><trkpt lat="53.27655" lon="-9.005066"><ele>15.9</ele></trkpt><trkpt lat="53.27682" lon="-9.006289"><ele>16.2</ele></trkpt><trkpt lat="53.276943" lon="-9.007306"><ele>16.9</ele></trkpt><trkpt lat="53.276938" lon="-9.007711"><ele>17.4</ele></trkpt><trkpt lat="53.2769" lon="-9.008043"><ele>17.7</ele></trkpt><trkpt lat="53.276811" lon="-9.0082"><ele>18</ele></trkpt><trkpt lat="53.276789" lon="-9.008327"><ele>18.1</ele></trkpt><trkpt lat="53.276807" lon="-9.008517"><ele>18.3</ele></trkpt><trkpt lat="53.276868" lon="-9.008652"><ele>18.5</ele></trkpt><trkpt lat="53.276936" lon="-9.00872"><ele>18.6</ele></trkpt><trkpt lat="53.277078" lon="-9.009367"><ele>19.4</ele></trkpt><trkpt lat="53.27711" lon="-9.009775"><ele>19.8</ele></trkpt><trkpt lat="53.277162" lon="-9.010431"><ele>20.4</ele></trkpt><trkpt lat="53.277174" lon="-9.010575"><ele>20.5</ele></trkpt><trkpt lat="53.277336" lon="-9.012162"><ele>20.8</ele></trkpt><trkpt lat="53.277496" lon="-9.013214"><ele>20.4</ele></trkpt><trkpt lat="53.277523" lon="-9.013351"><ele>20.4</ele></trkpt><trkpt lat="53.277614" lon="-9.013914"><ele>20.2</ele></trkpt><trkpt lat="53.277638" lon="-9.014054"><ele>20.1</ele></trkpt><trkpt lat="53.277849" lon="-9.015316"><ele>19.8</ele></trkpt><trkpt lat="53.277896" lon="-9.015578"><ele>19.8</ele></trkpt><trkpt lat="53.27814" lon="-9.017035"><ele>20.3</ele></trkpt><trkpt lat="53.278367" lon="-9.018234"><ele>20.9</ele></trkpt><trkpt lat="53.278714" lon="-9.020091"><ele>21.4</ele></trkpt><trkpt lat="53.278879" lon="-9.020945"><ele>20.9</ele></trkpt><trkpt lat="53.278925" lon="-9.021161"><ele>20.8</ele></trkpt><trkpt lat="53.278989" lon="-9.021401"><ele>20.5</ele></trkpt><trkpt lat="53.279205" lon="-9.022265"><ele>19.3</ele></trkpt><trkpt lat="53.279281" lon="-9.02257"><ele>18.6</ele></trkpt><trkpt lat="53.279341" lon="-9.022807"><ele>18.1</ele></trkpt><trkpt lat="53.279377" lon="-9.022954"><ele>17.8</ele></trkpt><trkpt lat="53.279391" lon="-9.02301"><ele>17.6</ele></trkpt><trkpt lat="53.279503" lon="-9.023499"><ele>16.2</ele></trkpt><trkpt lat="53.279541" lon="-9.023664"><ele>15.7</ele></trkpt><trkpt lat="53.279631" lon="-9.024062"><ele>14.6</ele></trkpt><trkpt lat="53.279709" lon="-9.024387"><ele>13.6</ele></trkpt><trkpt lat="53.279905" lon="-9.025219"><ele>11.5</ele></trkpt><trkpt lat="53.280082" lon="-9.025984"><ele>9.9</ele></trkpt><trkpt lat="53.280123" lon="-9.026177"><ele>9.5</ele></trkpt><trkpt lat="53.280131" lon="-9.026212"><ele>9.5</ele></trkpt><trkpt lat="53.28019" lon="-9.026517"><ele>9</ele></trkpt><trkpt lat="53.28032" lon="-9.027184"><ele>8</ele></trkpt><trkpt lat="53.28044" lon="-9.027842"><ele>7.2</ele></trkpt><trkpt lat="53.280547" lon="-9.028571"><ele>6.3</ele></trkpt><trkpt lat="53.280598" lon="-9.028946"><ele>5.7</ele></trkpt><trkpt lat="53.280607" lon="-9.029014"><ele>5.6</ele></trkpt><trkpt lat="53.280813" lon="-9.030746"><ele>3.1</ele></trkpt><trkpt lat="53.280863" lon="-9.031067"><ele>2.8</ele></trkpt><trkpt lat="53.280951" lon="-9.031434"><ele>2.4</ele></trkpt><trkpt lat="53.28107" lon="-9.03192"><ele>2</ele></trkpt><trkpt lat="53.281396" lon="-9.032537"><ele>1.5</ele></trkpt><trkpt lat="53.28156" lon="-9.032777"><ele>1.5</ele></trkpt><trkpt lat="53.281806" lon="-9.033124"><ele>1.9</ele></trkpt><trkpt lat="53.28203" lon="-9.033496"><ele>2.5</ele></trkpt><trkpt lat="53.282107" lon="-9.03366"><ele>2.9</ele></trkpt><trkpt lat="53.282159" lon="-9.033793"><ele>3.1</ele></trkpt><trkpt lat="53.282198" lon="-9.033897"><ele>3.4</ele></trkpt><trkpt lat="53.282299" lon="-9.034139"><ele>4</ele></trkpt><trkpt lat="53.282382" lon="-9.034453"><ele>4.7</ele></trkpt><trkpt lat="53.282396" lon="-9.034662"><ele>5.3</ele></trkpt><trkpt lat="53.28237" lon="-9.035098"><ele>6.4</ele></trkpt><trkpt lat="53.282308" lon="-9.035803"><ele>8.3</ele></trkpt><trkpt lat="53.282155" lon="-9.037578"><ele>11.2</ele></trkpt><trkpt lat="53.282145" lon="-9.037835"><ele>11.2</ele></trkpt><trkpt lat="53.282167" lon="-9.037995"><ele>11.2</ele></trkpt><trkpt lat="53.282163" lon="-9.038059"><ele>11.2</ele></trkpt><trkpt lat="53.282182" lon="-9.038161"><ele>11.2</ele></trkpt><trkpt lat="53.282229" lon="-9.038234"><ele>11.1</ele></trkpt><trkpt lat="53.282248" lon="-9.038249"><ele>11.1</ele></trkpt><trkpt lat="53.28233" lon="-9.03825"><ele>11</ele></trkpt><trkpt lat="53.282379" lon="-9.038199"><ele>11</ele></trkpt><trkpt lat="53.282412" lon="-9.038108"><ele>10.9</ele></trkpt><trkpt lat="53.282508" lon="-9.038202"><ele>10.8</ele></trkpt><trkpt lat="53.282627" lon="-9.038399"><ele>10.6</ele></trkpt><trkpt lat="53.283096" lon="-9.039177"><ele>9.4</ele></trkpt><trkpt lat="53.283192" lon="-9.038984"><ele>9.2</ele></trkpt><trkpt lat="53.28379" lon="-9.037969"><ele>8.4</ele></trkpt><trkpt lat="53.28379" lon="-9.037969"><ele>8.4</ele></trkpt><trkpt lat="53.283901" lon="-9.038175"><ele>8.4</ele></trkpt><trkpt lat="53.283236" lon="-9.038996"><ele>8.8</ele></trkpt><trkpt lat="53.282571" lon="-9.039817"><ele>9.5</ele></trkpt><trkpt lat="53.281906" lon="-9.040639"><ele>9.9</ele></trkpt><trkpt lat="53.28124" lon="-9.04146"><ele>10</ele></trkpt><trkpt lat="53.280575" lon="-9.042281"><ele>10.1</ele></trkpt><trkpt lat="53.27991" lon="-9.043102"><ele>10.7</ele></trkpt><trkpt lat="53.279929" lon="-9.04314"><ele>10.7</ele></trkpt><trkpt lat="53.279582" lon="-9.04362"><ele>11.2</ele></trkpt><trkpt lat="53.2793" lon="-9.044007"><ele>11.7</ele></trkpt><trkpt lat="53.279079" lon="-9.044321"><ele>12.1</ele></trkpt><trkpt lat="53.27844" lon="-9.045414"><ele>13.6</ele></trkpt><trkpt lat="53.278323" lon="-9.045596"><ele>13.9</ele></trkpt><trkpt lat="53.27762" lon="-9.046476"><ele>14.9</ele></trkpt><trkpt lat="53.277327" lon="-9.046804"><ele>15.1</ele></trkpt><trkpt lat="53.277021" lon="-9.047091"><ele>14.9</ele></trkpt><trkpt lat="53.276791" lon="-9.047295"><ele>14.6</ele></trkpt><trkpt lat="53.276728" lon="-9.047349"><ele>14.5</ele></trkpt><trkpt lat="53.276669" lon="-9.047402"><ele>14.4</ele></trkpt><trkpt lat="53.276631" lon="-9.047437"><ele>14.3</ele></trkpt><trkpt lat="53.276501" lon="-9.047467"><ele>14</ele></trkpt><trkpt lat="53.276426" lon="-9.04736"><ele>13.8</ele></trkpt><trkpt lat="53.276128" lon="-9.046435"><ele>12.4</ele></trkpt><trkpt lat="53.276026" lon="-9.046259"><ele>12.1</ele></trkpt><trkpt lat="53.275854" lon="-9.046085"><ele>11.8</ele></trkpt><trkpt lat="53.275714" lon="-9.04602"><ele>11.5</ele></trkpt><trkpt lat="53.275355" lon="-9.045945"><ele>11</ele></trkpt><trkpt lat="53.275216" lon="-9.045888"><ele>10.9</ele></trkpt><trkpt lat="53.275176" lon="-9.046016"><ele>10.9</ele></trkpt><trkpt lat="53.275127" lon="-9.046215"><ele>10.8</ele></trkpt><trkpt lat="53.275048" lon="-9.046459"><ele>10.7</ele></trkpt><trkpt lat="53.274524" lon="-9.047244"><ele>10.4</ele></trkpt><trkpt lat="53.274259" lon="-9.047702"><ele>10.2</ele></trkpt><trkpt lat="53.274205" lon="-9.047816"><ele>10.2</ele></trkpt><trkpt lat="53.274178" lon="-9.047919"><ele>10.1</ele></trkpt><trkpt lat="53.274084" lon="-9.04812"><ele>10</ele></trkpt><trkpt lat="53.273834" lon="-9.048586"><ele>9.4</ele></trkpt><trkpt lat="53.273646" lon="-9.04894"><ele>8.8</ele></trkpt><trkpt lat="53.273598" lon="-9.048969"><ele>8.7</ele></trkpt><trkpt lat="53.273535" lon="-9.048937"><ele>8.6</ele></trkpt><trkpt lat="53.273313" lon="-9.048611"><ele>7.8</ele></trkpt><trkpt lat="53.273206" lon="-9.048435"><ele>7.4</ele></trkpt><trkpt lat="53.272942" lon="-9.048048"><ele>6.5</ele></trkpt><trkpt lat="53.272843" lon="-9.048177"><ele>6.1</ele></trkpt><trkpt lat="53.272348" lon="-9.048792"><ele>4.2</ele></trkpt><trkpt lat="53.272301" lon="-9.048883"><ele>4</ele></trkpt><trkpt lat="53.271998" lon="-9.049273"><ele>2.9</ele></trkpt><trkpt lat="53.271818" lon="-9.049503"><ele>2.5</ele></trkpt><trkpt lat="53.271784" lon="-9.049545"><ele>2.4</ele></trkpt><trkpt lat="53.271695" lon="-9.049693"><ele>2.3</ele></trkpt><trkpt lat="53.271666" lon="-9.049731"><ele>2.2</ele></trkpt><trkpt lat="53.27148" lon="-9.04993"><ele>2.1</ele></trkpt><trkpt lat="53.270982" lon="-9.050562"><ele>1.9</ele></trkpt><trkpt lat="53.269995" lon="-9.05186"><ele>3.2</ele></trkpt><trkpt lat="53.269876" lon="-9.052027"><ele>3.4</ele></trkpt><trkpt lat="53.269806" lon="-9.05213"><ele>3.5</ele></trkpt><trkpt lat="53.269623" lon="-9.052403"><ele>3.7</ele></trkpt><trkpt lat="53.269597" lon="-9.052545"><ele>3.8</ele></trkpt><trkpt lat="53.269611" lon="-9.052612"><ele>3.8</ele></trkpt><trkpt lat="53.269859" lon="-9.053126"><ele>4</ele></trkpt><trkpt lat="53.270132" lon="-9.053647"><ele>3.6</ele></trkpt><trkpt lat="53.270415" lon="-9.054255"><ele>2.8</ele></trkpt><trkpt lat="53.27042" lon="-9.054598"><ele>2.5</ele></trkpt><trkpt lat="53.270369" lon="-9.054961"><ele>2.2</ele></trkpt><trkpt lat="53.270308" lon="-9.055116"><ele>2.2</ele></trkpt><trkpt lat="53.270298" lon="-9.055138"><ele>2.2</ele></trkpt><trkpt lat="53.270028" lon="-9.055758"><ele>1.9</ele></trkpt><trkpt lat="53.269737" lon="-9.056412"><ele>1.7</ele></trkpt><trkpt lat="53.269694" lon="-9.056499"><ele>1.8</ele></trkpt><trkpt lat="53.269642" lon="-9.056603"><ele>1.8</ele></trkpt><trkpt lat="53.269467" lon="-9.056869"><ele>2</ele></trkpt><trkpt lat="53.269332" lon="-9.057063"><ele>2.2</ele></trkpt><trkpt lat="53.26926" lon="-9.057166"><ele>2.4</ele></trkpt><trkpt lat="53.269217" lon="-9.057223"><ele>2.4</ele></trkpt><trkpt lat="53.269177" lon="-9.057277"><ele>2.5</ele></trkpt><trkpt lat="53.26904" lon="-9.057461"><ele>2.7</ele></trkpt><trkpt lat="53.268929" lon="-9.057614"><ele>2.9</ele></trkpt><trkpt lat="53.268526" lon="-9.058104"><ele>3.2</ele></trkpt><trkpt lat="53.268214" lon="-9.058464"><ele>3.4</ele></trkpt><trkpt lat="53.268135" lon="-9.058591"><ele>3.5</ele></trkpt><trkpt lat="53.268078" lon="-9.058712"><ele>3.5</ele></trkpt><trkpt lat="53.267879" lon="-9.059359"><ele>3.8</ele></trkpt><trkpt lat="53.267745" lon="-9.059811"><ele>3.9</ele></trkpt><trkpt lat="53.26758" lon="-9.060366"><ele>4</ele></trkpt><trkpt lat="53.267446" lon="-9.060848"><ele>4.2</ele></trkpt><trkpt lat="53.267437" lon="-9.060876"><ele>4.2</ele></trkpt><trkpt lat="53.267378" lon="-9.06098"><ele>4.2</ele></trkpt><trkpt lat="53.267316" lon="-9.061201"><ele>4.3</ele></trkpt><trkpt lat="53.267272" lon="-9.061466"><ele>4.3</ele></trkpt><trkpt lat="53.267226" lon="-9.061648"><ele>4.3</ele></trkpt><trkpt lat="53.267013" lon="-9.062628"><ele>4.2</ele></trkpt><trkpt lat="53.266944" lon="-9.063111"><ele>4.2</ele></trkpt><trkpt lat="53.266929" lon="-9.063401"><ele>4.2</ele></trkpt><trkpt lat="53.266904" lon="-9.063573"><ele>4.1</ele></trkpt><trkpt lat="53.266835" lon="-9.063673"><ele>4.1</ele></trkpt><trkpt lat="53.266738" lon="-9.063729"><ele>4</ele></trkpt><trkpt lat="53.266625" lon="-9.063737"><ele>3.9</ele></trkpt><trkpt lat="53.266486" lon="-9.063735"><ele>3.8</ele></trkpt><trkpt lat="53.266239" lon="-9.063754"><ele>3.6</ele></trkpt><trkpt lat="53.266012" lon="-9.063936"><ele>3.4</ele></trkpt><trkpt lat="53.265918" lon="-9.064108"><ele>3.3</ele></trkpt><trkpt lat="53.265822" lon="-9.064431"><ele>3.2</ele></trkpt><trkpt lat="53.265816" lon="-9.064462"><ele>3.1</ele></trkpt><trkpt lat="53.265775" lon="-9.06466"><ele>3.1</ele></trkpt><trkpt lat="53.265762" lon="-9.064719"><ele>3.1</ele></trkpt><trkpt lat="53.265718" lon="-9.064909"><ele>3</ele></trkpt><trkpt lat="53.265696" lon="-9.064991"><ele>3</ele></trkpt><trkpt lat="53.265642" lon="-9.065147"><ele>2.9</ele></trkpt><trkpt lat="53.265547" lon="-9.065355"><ele>2.8</ele></trkpt><trkpt lat="53.265002" lon="-9.066459"><ele>1.8</ele></trkpt><trkpt lat="53.264942" lon="-9.066578"><ele>1.6</ele></trkpt><trkpt lat="53.264554" lon="-9.067347"><ele>1.1</ele></trkpt><trkpt lat="53.264287" lon="-9.067902"><ele>0.9</ele></trkpt><trkpt lat="53.2638" lon="-9.068872"><ele>0.8</ele></trkpt><trkpt lat="53.263577" lon="-9.069241"><ele>1.1</ele></trkpt><trkpt lat="53.263387" lon="-9.069512"><ele>1.4</ele></trkpt><trkpt lat="53.263009" lon="-9.069956"><ele>2</ele></trkpt><trkpt lat="53.263091" lon="-9.070202"><ele>2.2</ele></trkpt><trkpt lat="53.26322" lon="-9.070658"><ele>2.5</ele></trkpt><trkpt lat="53.263238" lon="-9.070803"><ele>2.5</ele></trkpt><trkpt lat="53.263252" lon="-9.071011"><ele>2.7</ele></trkpt><trkpt lat="53.263216" lon="-9.071364"><ele>2.9</ele></trkpt><trkpt lat="53.263129" lon="-9.071885"><ele>3.3</ele></trkpt><trkpt lat="53.263107" lon="-9.071834"><ele>3.3</ele></trkpt><trkpt lat="53.263091" lon="-9.071899"><ele>3.4</ele></trkpt><trkpt lat="53.263075" lon="-9.071954"><ele>3.4</ele></trkpt><trkpt lat="53.263058" lon="-9.072001"><ele>3.4</ele></trkpt><trkpt lat="53.263042" lon="-9.072042"><ele>3.4</ele></trkpt><trkpt lat="53.263025" lon="-9.072081"><ele>3.4</ele></trkpt><trkpt lat="53.263008" lon="-9.072118"><ele>3.4</ele></trkpt><trkpt lat="53.262992" lon="-9.07215"><ele>3.4</ele></trkpt><trkpt lat="53.262978" lon="-9.072179"><ele>3.4</ele></trkpt><trkpt lat="53.262966" lon="-9.072204"><ele>3.4</ele></trkpt><trkpt lat="53.262971" lon="-9.072197"><ele>3.4</ele></trkpt><trkpt lat="53.262977" lon="-9.072191"><ele>3.4</ele></trkpt><trkpt lat="53.262982" lon="-9.072184"><ele>3.4</ele></trkpt><trkpt lat="53.263072" lon="-9.072071"><ele>3.4</ele></trkpt><trkpt lat="53.263077" lon="-9.072064"><ele>3.4</ele></trkpt><trkpt lat="53.263108" lon="-9.071995"><ele>3.4</ele></trkpt><trkpt lat="53.263133" lon="-9.071921"><ele>3.5</ele></trkpt><trkpt lat="53.26315" lon="-9.071844"><ele>3.5</ele></trkpt><trkpt lat="53.263163" lon="-9.071766"><ele>3.4</ele></trkpt><trkpt lat="53.263175" lon="-9.071688"><ele>3.4</ele></trkpt><trkpt lat="53.263186" lon="-9.071613"><ele>3.4</ele></trkpt><trkpt lat="53.263196" lon="-9.071538"><ele>3.4</ele></trkpt><trkpt lat="53.263205" lon="-9.071464"><ele>3.4</ele></trkpt><trkpt lat="53.263213" lon="-9.07139"><ele>3.4</ele></trkpt><trkpt lat="53.263222" lon="-9.071319"><ele>3.3</ele></trkpt><trkpt lat="53.263232" lon="-9.071248"><ele>3.3</ele></trkpt><trkpt lat="53.26324" lon="-9.07118"><ele>3.3</ele></trkpt><trkpt lat="53.263246" lon="-9.071114"><ele>3.3</ele></trkpt><trkpt lat="53.263249" lon="-9.071049"><ele>3.3</ele></trkpt><trkpt lat="53.263244" lon="-9.070986"><ele>3.3</ele></trkpt><trkpt lat="53.263232" lon="-9.070928"><ele>3.3</ele></trkpt><trkpt lat="53.263209" lon="-9.07088"><ele>3.3</ele></trkpt><trkpt lat="53.263178" lon="-9.070849"><ele>3.3</ele></trkpt><trkpt lat="53.26314" lon="-9.070838"><ele>3.3</ele></trkpt><trkpt lat="53.263101" lon="-9.070845"><ele>3.3</ele></trkpt><trkpt lat="53.263061" lon="-9.070864"><ele>3.3</ele></trkpt><trkpt lat="53.263022" lon="-9.070894"><ele>3.3</ele></trkpt><trkpt lat="53.262986" lon="-9.070931"><ele>3.3</ele></trkpt><trkpt lat="53.262953" lon="-9.070971"><ele>3.4</ele></trkpt><trkpt lat="53.262925" lon="-9.071012"><ele>3.3</ele></trkpt><trkpt lat="53.262899" lon="-9.071051"><ele>3.3</ele></trkpt><trkpt lat="53.262875" lon="-9.071085"><ele>3.3</ele></trkpt><trkpt lat="53.262854" lon="-9.071115"><ele>3.3</ele></trkpt><trkpt lat="53.262835" lon="-9.071138"><ele>3.3</ele></trkpt><trkpt lat="53.262818" lon="-9.071157"><ele>3.3</ele></trkpt><trkpt lat="53.262803" lon="-9.071178"><ele>3.3</ele></trkpt><trkpt lat="53.262793" lon="-9.0712"><ele>3.3</ele></trkpt><trkpt lat="53.262785" lon="-9.07122"><ele>3.3</ele></trkpt><trkpt lat="53.262777" lon="-9.071238"><ele>3.3</ele></trkpt><trkpt lat="53.262771" lon="-9.071254"><ele>3.2</ele></trkpt><trkpt lat="53.262764" lon="-9.071268"><ele>3.2</ele></trkpt><trkpt lat="53.262755" lon="-9.07128"><ele>3.2</ele></trkpt><trkpt lat="53.262744" lon="-9.071295"><ele>3.2</ele></trkpt><trkpt lat="53.262733" lon="-9.071315"><ele>3.2</ele></trkpt><trkpt lat="53.262726" lon="-9.071338"><ele>3.2</ele></trkpt><trkpt lat="53.262725" lon="-9.07136"><ele>3.2</ele></trkpt><trkpt lat="53.26273" lon="-9.071385"><ele>3.2</ele></trkpt><trkpt lat="53.262743" lon="-9.071415"><ele>3.2</ele></trkpt><trkpt lat="53.262761" lon="-9.071455"><ele>3.2</ele></trkpt><trkpt lat="53.262785" lon="-9.071502"><ele>3.2</ele></trkpt><trkpt lat="53.26281" lon="-9.071557"><ele>3.2</ele></trkpt><trkpt lat="53.262838" lon="-9.071614"><ele>3.2</ele></trkpt><trkpt lat="53.262866" lon="-9.071671"><ele>3.2</ele></trkpt><trkpt lat="53.262891" lon="-9.071728"><ele>3.2</ele></trkpt><trkpt lat="53.262916" lon="-9.071786"><ele>3.2</ele></trkpt><trkpt lat="53.26294" lon="-9.071844"><ele>3.2</ele></trkpt><trkpt lat="53.26296" lon="-9.0719"><ele>3.2</ele></trkpt><trkpt lat="53.262979" lon="-9.071952"><ele>3.2</ele></trkpt><trkpt lat="53.262998" lon="-9.071996"><ele>3.2</ele></trkpt><trkpt lat="53.263015" lon="-9.072031"><ele>3.2</ele></trkpt><trkpt lat="53.263028" lon="-9.072052"><ele>3.2</ele></trkpt><trkpt lat="53.263037" lon="-9.072067"><ele>3.2</ele></trkpt><trkpt lat="53.263045" lon="-9.072077"><ele>3.2</ele></trkpt><trkpt lat="53.263054" lon="-9.072075"><ele>3.2</ele></trkpt><trkpt lat="53.26306" lon="-9.072057"><ele>3.2</ele></trkpt><trkpt lat="53.263056" lon="-9.072031"><ele>3.2</ele></trkpt><trkpt lat="53.263041" lon="-9.072008"><ele>3.3</ele></trkpt><trkpt lat="53.263014" lon="-9.071992"><ele>3.3</ele></trkpt><trkpt lat="53.262985" lon="-9.071975"><ele>3.3</ele></trkpt><trkpt lat="53.26296" lon="-9.07195"><ele>3.3</ele></trkpt><trkpt lat="53.262938" lon="-9.071919"><ele>3.4</ele></trkpt><trkpt lat="53.262919" lon="-9.071886"><ele>3.4</ele></trkpt><trkpt lat="53.262902" lon="-9.071849"><ele>3.4</ele></trkpt><trkpt lat="53.262886" lon="-9.071805"><ele>3.4</ele></trkpt><trkpt lat="53.262869" lon="-9.071776"><ele>3.5</ele></trkpt><trkpt lat="53.262853" lon="-9.071742"><ele>3.5</ele></trkpt><trkpt lat="53.262837" lon="-9.071705"><ele>3.5</ele></trkpt><trkpt lat="53.262821" lon="-9.071664"><ele>3.5</ele></trkpt><trkpt lat="53.262804" lon="-9.071624"><ele>3.6</ele></trkpt><trkpt lat="53.262789" lon="-9.071585"><ele>3.6</ele></trkpt><trkpt lat="53.262776" lon="-9.071547"><ele>3.6</ele></trkpt><trkpt lat="53.262762" lon="-9.071509"><ele>3.7</ele></trkpt><trkpt lat="53.262779" lon="-9.071457"><ele>3.7</ele></trkpt><trkpt lat="53.262878" lon="-9.071777"><ele>4</ele></trkpt><trkpt lat="53.263058" lon="-9.072094"><ele>4.3</ele></trkpt><trkpt lat="53.262991" lon="-9.072344"><ele>4.5</ele></trkpt><trkpt lat="53.262711" lon="-9.072807"><ele>5</ele></trkpt><trkpt lat="53.26261" lon="-9.072985"><ele>5.3</ele></trkpt><trkpt lat="53.261998" lon="-9.073975"><ele>6.8</ele></trkpt><trkpt lat="53.261599" lon="-9.074383"><ele>7.3</ele></trkpt><trkpt lat="53.261353" lon="-9.074596"><ele>7.5</ele></trkpt><trkpt lat="53.261248" lon="-9.074632"><ele>7.5</ele></trkpt><trkpt lat="53.260872" lon="-9.074967"><ele>7.4</ele></trkpt><trkpt lat="53.260734" lon="-9.075138"><ele>7.2</ele></trkpt><trkpt lat="53.260625" lon="-9.075346"><ele>6.9</ele></trkpt><trkpt lat="53.260494" lon="-9.07549"><ele>6.6</ele></trkpt><trkpt lat="53.260351" lon="-9.075638"><ele>6.2</ele></trkpt><trkpt lat="53.260183" lon="-9.075799"><ele>5.7</ele></trkpt><trkpt lat="53.260065" lon="-9.07583"><ele>5.4</ele></trkpt><trkpt lat="53.259884" lon="-9.075993"><ele>5</ele></trkpt><trkpt lat="53.259695" lon="-9.076124"><ele>4.5</ele></trkpt><trkpt lat="53.259497" lon="-9.076122"><ele>4</ele></trkpt><trkpt lat="53.259457" lon="-9.076093"><ele>3.9</ele></trkpt><trkpt lat="53.259384" lon="-9.076105"><ele>3.7</ele></trkpt><trkpt lat="53.259324" lon="-9.076207"><ele>3.5</ele></trkpt><trkpt lat="53.259316" lon="-9.076311"><ele>3.3</ele></trkpt><trkpt lat="53.259347" lon="-9.076417"><ele>3.1</ele></trkpt><trkpt lat="53.259304" lon="-9.076728"><ele>2.8</ele></trkpt><trkpt lat="53.259097" lon="-9.077159"><ele>2.3</ele></trkpt><trkpt lat="53.25904" lon="-9.077293"><ele>2.2</ele></trkpt><trkpt lat="53.258736" lon="-9.078042"><ele>1.9</ele></trkpt><trkpt lat="53.25857" lon="-9.078465"><ele>1.7</ele></trkpt><trkpt lat="53.25853" lon="-9.078565"><ele>1.6</ele></trkpt><trkpt lat="53.258504" lon="-9.078635"><ele>1.5</ele></trkpt><trkpt lat="53.258288" lon="-9.079211"><ele>1.2</ele></trkpt><trkpt lat="53.258242" lon="-9.079393"><ele>1.2</ele></trkpt><trkpt lat="53.2582" lon="-9.079656"><ele>1.1</ele></trkpt><trkpt lat="53.258202" lon="-9.080195"><ele>0.9</ele></trkpt><trkpt lat="53.258221" lon="-9.081075"><ele>0.7</ele></trkpt><trkpt lat="53.258265" lon="-9.081249"><ele>0.6</ele></trkpt><trkpt lat="53.258321" lon="-9.082548"><ele>0.6</ele></trkpt><trkpt lat="53.258315" lon="-9.082939"><ele>0.7</ele></trkpt><trkpt lat="53.258277" lon="-9.083347"><ele>0.8</ele></trkpt><trkpt lat="53.258116" lon="-9.084296"><ele>0.9</ele></trkpt><trkpt lat="53.25796" lon="-9.08511"><ele>1</ele></trkpt><trkpt lat="53.257779" lon="-9.086568"><ele>0.9</ele></trkpt><trkpt lat="53.257755" lon="-9.086806"><ele>0.9</ele></trkpt><trkpt lat="53.25764" lon="-9.08804"><ele>0.7</ele></trkpt><trkpt lat="53.257613" lon="-9.088296"><ele>0.7</ele></trkpt><trkpt lat="53.257569" lon="-9.088752"><ele>0.6</ele></trkpt><trkpt lat="53.257406" lon="-9.09051"><ele>0.8</ele></trkpt><trkpt lat="53.257404" lon="-9.090632"><ele>0.8</ele></trkpt><trkpt lat="53.257435" lon="-9.090773"><ele>1</ele></trkpt><trkpt lat="53.257389" lon="-9.090957"><ele>1.1</ele></trkpt><trkpt lat="53.257371" lon="-9.091539"><ele>1.5</ele></trkpt><trkpt lat="53.257366" lon="-9.091913"><ele>1.8</ele></trkpt><trkpt lat="53.257372" lon="-9.092178"><ele>2</ele></trkpt><trkpt lat="53.257439" lon="-9.092678"><ele>2.4</ele></trkpt><trkpt lat="53.257569" lon="-9.093363"><ele>3</ele></trkpt><trkpt lat="53.257759" lon="-9.094207"><ele>4</ele></trkpt><trkpt lat="53.258274" lon="-9.096215"><ele>5.6</ele></trkpt><trkpt lat="53.258362" lon="-9.096703"><ele>5.9</ele></trkpt><trkpt lat="53.258378" lon="-9.096944"><ele>6</ele></trkpt><trkpt lat="53.258274" lon="-9.099374"><ele>6.5</ele></trkpt><trkpt lat="53.258233" lon="-9.100667"><ele>7.3</ele></trkpt><trkpt lat="53.258246" lon="-9.101131"><ele>7.6</ele></trkpt><trkpt lat="53.258252" lon="-9.101276"><ele>7.8</ele></trkpt><trkpt lat="53.258256" lon="-9.101366"><ele>7.8</ele></trkpt><trkpt lat="53.258263" lon="-9.101527"><ele>7.9</ele></trkpt><trkpt lat="53.258267" lon="-9.101618"><ele>8</ele></trkpt><trkpt lat="53.258269" lon="-9.101669"><ele>8.1</ele></trkpt><trkpt lat="53.258294" lon="-9.10203"><ele>8.4</ele></trkpt><trkpt lat="53.258347" lon="-9.102468"><ele>8.8</ele></trkpt><trkpt lat="53.258394" lon="-9.102829"><ele>9</ele></trkpt><trkpt lat="53.258407" lon="-9.102938"><ele>9.1</ele></trkpt><trkpt lat="53.258428" lon="-9.103099"><ele>9.2</ele></trkpt><trkpt lat="53.258464" lon="-9.103381"><ele>9.4</ele></trkpt><trkpt lat="53.258499" lon="-9.103658"><ele>9.3</ele></trkpt><trkpt lat="53.258507" lon="-9.103716"><ele>9.3</ele></trkpt><trkpt lat="53.258567" lon="-9.10417"><ele>9</ele></trkpt><trkpt lat="53.258602" lon="-9.104442"><ele>8.8</ele></trkpt><trkpt lat="53.25862" lon="-9.104569"><ele>8.8</ele></trkpt><trkpt lat="53.258631" lon="-9.104651"><ele>8.7</ele></trkpt><trkpt lat="53.258676" lon="-9.104987"><ele>8.6</ele></trkpt><trkpt lat="53.258756" lon="-9.105588"><ele>8.2</ele></trkpt><trkpt lat="53.258855" lon="-9.106258"><ele>7.7</ele></trkpt><trkpt lat="53.259002" lon="-9.10679"><ele>7</ele></trkpt><trkpt lat="53.259249" lon="-9.107294"><ele>6.3</ele></trkpt><trkpt lat="53.259542" lon="-9.107635"><ele>5.9</ele></trkpt><trkpt lat="53.259998" lon="-9.107931"><ele>5.4</ele></trkpt><trkpt lat="53.260579" lon="-9.108197"><ele>4.7</ele></trkpt><trkpt lat="53.260915" lon="-9.108349"><ele>4.5</ele></trkpt><trkpt lat="53.260895" lon="-9.108484"><ele>4.5</ele></trkpt><trkpt lat="53.260818" lon="-9.109139"><ele>4.5</ele></trkpt><trkpt lat="53.260797" lon="-9.109822"><ele>4.5</ele></trkpt><trkpt lat="53.260792" lon="-9.109996"><ele>4.5</ele></trkpt><trkpt lat="53.260788" lon="-9.11013"><ele>4.4</ele></trkpt><trkpt lat="53.260705" lon="-9.111841"><ele>4.4</ele></trkpt><trkpt lat="53.260676" lon="-9.112577"><ele>4.8</ele></trkpt><trkpt lat="53.260618" lon="-9.113487"><ele>5.2</ele></trkpt><trkpt lat="53.260511" lon="-9.114395"><ele>5.6</ele></trkpt><trkpt lat="53.260465" lon="-9.114824"><ele>5.9</ele></trkpt><trkpt lat="53.260407" lon="-9.115384"><ele>6.3</ele></trkpt><trkpt lat="53.260179" lon="-9.117623"><ele>7.9</ele></trkpt><trkpt lat="53.260169" lon="-9.117764"><ele>8</ele></trkpt><trkpt lat="53.260158" lon="-9.117918"><ele>8.2</ele></trkpt><trkpt lat="53.260154" lon="-9.117961"><ele>8.2</ele></trkpt><trkpt lat="53.260114" lon="-9.117978"><ele>8.2</ele></trkpt><trkpt lat="53.260053" lon="-9.119047"><ele>8.7</ele></trkpt><trkpt lat="53.260052" lon="-9.119223"><ele>8.7</ele></trkpt><trkpt lat="53.260044" lon="-9.120636"><ele>8.1</ele></trkpt><trkpt lat="53.260077" lon="-9.120683"><ele>8</ele></trkpt><trkpt lat="53.26008" lon="-9.12141"><ele>7.6</ele></trkpt><trkpt lat="53.260081" lon="-9.121696"><ele>7.5</ele></trkpt><trkpt lat="53.260086" lon="-9.122611"><ele>7.4</ele></trkpt><trkpt lat="53.260075" lon="-9.125144"><ele>9.5</ele></trkpt><trkpt lat="53.260015" lon="-9.125887"><ele>10.1</ele></trkpt><trkpt lat="53.259939" lon="-9.126311"><ele>10.1</ele></trkpt><trkpt lat="53.259713" lon="-9.12724"><ele>9.7</ele></trkpt><trkpt lat="53.259414" lon="-9.12842"><ele>9</ele></trkpt><trkpt lat="53.259365" lon="-9.128603"><ele>8.9</ele></trkpt><trkpt lat="53.259237" lon="-9.129099"><ele>9</ele></trkpt><trkpt lat="53.259129" lon="-9.129527"><ele>9.3</ele></trkpt><trkpt lat="53.259059" lon="-9.129813"><ele>9.8</ele></trkpt><trkpt lat="53.259024" lon="-9.129945"><ele>10.1</ele></trkpt><trkpt lat="53.25901" lon="-9.129999"><ele>10.2</ele></trkpt><trkpt lat="53.258952" lon="-9.130228"><ele>11</ele></trkpt><trkpt lat="53.258864" lon="-9.13058"><ele>12.2</ele></trkpt><trkpt lat="53.258619" lon="-9.131177"><ele>14.6</ele></trkpt><trkpt lat="53.258322" lon="-9.131772"><ele>16.8</ele></trkpt><trkpt lat="53.258192" lon="-9.131978"><ele>17.4</ele></trkpt><trkpt lat="53.257992" lon="-9.13223"><ele>17.9</ele></trkpt><trkpt lat="53.257713" lon="-9.1325"><ele>18.4</ele></trkpt><trkpt lat="53.257456" lon="-9.132696"><ele>18.3</ele></trkpt><trkpt lat="53.257046" lon="-9.1329"><ele>17</ele></trkpt><trkpt lat="53.256984" lon="-9.132919"><ele>16.7</ele></trkpt><trkpt lat="53.256894" lon="-9.132947"><ele>16.3</ele></trkpt><trkpt lat="53.25687" lon="-9.132865"><ele>16.1</ele></trkpt><trkpt lat="53.256801" lon="-9.13277"><ele>15.7</ele></trkpt><trkpt lat="53.25644" lon="-9.132375"><ele>13.6</ele></trkpt><trkpt lat="53.255714" lon="-9.131626"><ele>9.6</ele></trkpt><trkpt lat="53.254022" lon="-9.130154"><ele>2.2</ele></trkpt><trkpt lat="53.25287" lon="-9.129183"><ele>1</ele></trkpt><trkpt lat="53.251811" lon="-9.12843"><ele>0.7</ele></trkpt><trkpt lat="53.251601" lon="-9.128281"><ele>0.7</ele></trkpt><trkpt lat="53.251534" lon="-9.128208"><ele>0.7</ele></trkpt><trkpt lat="53.251505" lon="-9.12818"><ele>0.7</ele></trkpt><trkpt lat="53.251483" lon="-9.128154"><ele>0.7</ele></trkpt><trkpt lat="53.251463" lon="-9.12813"><ele>0.7</ele></trkpt><trkpt lat="53.251446" lon="-9.128109"><ele>0.7</ele></trkpt><trkpt lat="53.251433" lon="-9.128091"><ele>0.7</ele></trkpt><trkpt lat="53.251426" lon="-9.128078"><ele>0.7</ele></trkpt><trkpt lat="53.251423" lon="-9.128071"><ele>0.7</ele></trkpt><trkpt lat="53.251465" lon="-9.128024"><ele>0.7</ele></trkpt><trkpt lat="53.251481" lon="-9.127981"><ele>0.7</ele></trkpt><trkpt lat="53.251491" lon="-9.127948"><ele>0.7</ele></trkpt><trkpt lat="53.251495" lon="-9.127957"><ele>0.7</ele></trkpt><trkpt lat="53.251498" lon="-9.127965"><ele>0.7</ele></trkpt><trkpt lat="53.251502" lon="-9.127974"><ele>0.7</ele></trkpt><trkpt lat="53.251505" lon="-9.127982"><ele>0.7</ele></trkpt><trkpt lat="53.251509" lon="-9.127991"><ele>0.7</ele></trkpt><trkpt lat="53.251513" lon="-9.127999"><ele>0.7</ele></trkpt><trkpt lat="53.251516" lon="-9.128008"><ele>0.7</ele></trkpt><trkpt lat="53.25152" lon="-9.128016"><ele>0.7</ele></trkpt><trkpt lat="53.251524" lon="-9.128025"><ele>0.7</ele></trkpt><trkpt lat="53.251527" lon="-9.128033"><ele>0.7</ele></trkpt><trkpt lat="53.251531" lon="-9.128042"><ele>0.7</ele></trkpt><trkpt lat="53.251534" lon="-9.12805"><ele>0.7</ele></trkpt><trkpt lat="53.251538" lon="-9.128059"><ele>0.7</ele></trkpt><trkpt lat="53.251617" lon="-9.128246"><ele>0.8</ele></trkpt><trkpt lat="53.251621" lon="-9.128255"><ele>0.8</ele></trkpt><trkpt lat="53.251663" lon="-9.128314"><ele>0.8</ele></trkpt><trkpt lat="53.251709" lon="-9.128361"><ele>0.8</ele></trkpt><trkpt lat="53.251758" lon="-9.128401"><ele>0.8</ele></trkpt><trkpt lat="53.251809" lon="-9.128437"><ele>0.8</ele></trkpt><trkpt lat="53.251811" lon="-9.12843"><ele>0.8</ele></trkpt><trkpt lat="53.25287" lon="-9.129183"><ele>1.2</ele></trkpt><trkpt lat="53.254022" lon="-9.130154"><ele>2.2</ele></trkpt><trkpt lat="53.255714" lon="-9.131626"><ele>9.6</ele></trkpt><trkpt lat="53.25644" lon="-9.132375"><ele>13.6</ele></trkpt><trkpt lat="53.256801" lon="-9.13277"><ele>15.7</ele></trkpt><trkpt lat="53.25687" lon="-9.132865"><ele>16.1</ele></trkpt><trkpt lat="53.256894" lon="-9.132947"><ele>16.3</ele></trkpt><trkpt lat="53.256984" lon="-9.132919"><ele>16.7</ele></trkpt><trkpt lat="53.257046" lon="-9.1329"><ele>17</ele></trkpt><trkpt lat="53.257456" lon="-9.132696"><ele>18.3</ele></trkpt><trkpt lat="53.257713" lon="-9.1325"><ele>18.4</ele></trkpt><trkpt lat="53.257992" lon="-9.13223"><ele>17.9</ele></trkpt><trkpt lat="53.258192" lon="-9.131978"><ele>17.4</ele></trkpt><trkpt lat="53.258322" lon="-9.131772"><ele>16.8</ele></trkpt><trkpt lat="53.258619" lon="-9.131177"><ele>14.6</ele></trkpt><trkpt lat="53.258864" lon="-9.13058"><ele>12.2</ele></trkpt><trkpt lat="53.258952" lon="-9.130228"><ele>11</ele></trkpt><trkpt lat="53.25901" lon="-9.129999"><ele>10.2</ele></trkpt><trkpt lat="53.259024" lon="-9.129945"><ele>10.1</ele></trkpt><trkpt lat="53.259059" lon="-9.129813"><ele>9.8</ele></trkpt><trkpt lat="53.259129" lon="-9.129527"><ele>9.3</ele></trkpt><trkpt lat="53.259237" lon="-9.129099"><ele>9</ele></trkpt><trkpt lat="53.259365" lon="-9.128603"><ele>8.9</ele></trkpt><trkpt lat="53.259414" lon="-9.12842"><ele>9</ele></trkpt><trkpt lat="53.259713" lon="-9.12724"><ele>9.7</ele></trkpt><trkpt lat="53.259939" lon="-9.126311"><ele>10.1</ele></trkpt><trkpt lat="53.260015" lon="-9.125887"><ele>10.1</ele></trkpt><trkpt lat="53.260075" lon="-9.125144"><ele>9.5</ele></trkpt><trkpt lat="53.260086" lon="-9.122611"><ele>8.1</ele></trkpt><trkpt lat="53.26035" lon="-9.12263"><ele>8.5</ele></trkpt><trkpt lat="53.260463" lon="-9.122725"><ele>8.6</ele></trkpt><trkpt lat="53.260549" lon="-9.122922"><ele>8.9</ele></trkpt><trkpt lat="53.260665" lon="-9.123149"><ele>9.2</ele></trkpt><trkpt lat="53.260797" lon="-9.123408"><ele>9.7</ele></trkpt><trkpt lat="53.260984" lon="-9.123691"><ele>10.4</ele></trkpt><trkpt lat="53.261297" lon="-9.124177"><ele>11.4</ele></trkpt><trkpt lat="53.261575" lon="-9.124616"><ele>12.1</ele></trkpt><trkpt lat="53.261831" lon="-9.125005"><ele>12.6</ele></trkpt><trkpt lat="53.261921" lon="-9.125113"><ele>12.8</ele></trkpt><trkpt lat="53.262096" lon="-9.125313"><ele>13.1</ele></trkpt><trkpt lat="53.262333" lon="-9.125594"><ele>13.8</ele></trkpt><trkpt lat="53.262561" lon="-9.125866"><ele>14.5</ele></trkpt><trkpt lat="53.262691" lon="-9.126022"><ele>15</ele></trkpt><trkpt lat="53.262819" lon="-9.126181"><ele>15.5</ele></trkpt><trkpt lat="53.26295" lon="-9.12635"><ele>15.9</ele></trkpt><trkpt lat="53.263001" lon="-9.126424"><ele>16.1</ele></trkpt><trkpt lat="53.263072" lon="-9.126528"><ele>16.4</ele></trkpt><trkpt lat="53.263207" lon="-9.126722"><ele>16.8</ele></trkpt><trkpt lat="53.263351" lon="-9.126957"><ele>17.4</ele></trkpt><trkpt lat="53.263562" lon="-9.127254"><ele>18.2</ele></trkpt><trkpt lat="53.26364" lon="-9.127381"><ele>18.5</ele></trkpt><trkpt lat="53.263841" lon="-9.127689"><ele>19.2</ele></trkpt><trkpt lat="53.263921" lon="-9.127805"><ele>19.4</ele></trkpt><trkpt lat="53.26425" lon="-9.128284"><ele>20.3</ele></trkpt><trkpt lat="53.264524" lon="-9.128667"><ele>20.9</ele></trkpt><trkpt lat="53.264565" lon="-9.128707"><ele>21</ele></trkpt><trkpt lat="53.264638" lon="-9.128758"><ele>21.2</ele></trkpt><trkpt lat="53.26489" lon="-9.12891"><ele>21.7</ele></trkpt><trkpt lat="53.264965" lon="-9.128955"><ele>21.8</ele></trkpt><trkpt lat="53.265124" lon="-9.12905"><ele>22.1</ele></trkpt><trkpt lat="53.265709" lon="-9.129398"><ele>22.9</ele></trkpt><trkpt lat="53.266273" lon="-9.129729"><ele>23.8</ele></trkpt><trkpt lat="53.26638" lon="-9.129808"><ele>23.9</ele></trkpt><trkpt lat="53.266568" lon="-9.129874"><ele>24.2</ele></trkpt><trkpt lat="53.266752" lon="-9.129868"><ele>24.6</ele></trkpt><trkpt lat="53.266787" lon="-9.129889"><ele>24.6</ele></trkpt><trkpt lat="53.266954" lon="-9.13008"><ele>25.1</ele></trkpt><trkpt lat="53.26706" lon="-9.130162"><ele>25.4</ele></trkpt><trkpt lat="53.267214" lon="-9.130208"><ele>25.8</ele></trkpt><trkpt lat="53.267653" lon="-9.130444"><ele>27.1</ele></trkpt><trkpt lat="53.267756" lon="-9.130503"><ele>27.5</ele></trkpt><trkpt lat="53.267879" lon="-9.130575"><ele>28</ele></trkpt><trkpt lat="53.268091" lon="-9.130695"><ele>28.8</ele></trkpt><trkpt lat="53.268155" lon="-9.130732"><ele>29.1</ele></trkpt><trkpt lat="53.268736" lon="-9.131128"><ele>31.6</ele></trkpt><trkpt lat="53.268948" lon="-9.131274"><ele>32.4</ele></trkpt><trkpt lat="53.268969" lon="-9.131289"><ele>32.5</ele></trkpt><trkpt lat="53.269238" lon="-9.131477"><ele>33.4</ele></trkpt><trkpt lat="53.269378" lon="-9.131576"><ele>33.9</ele></trkpt><trkpt lat="53.270341" lon="-9.132143"><ele>37.1</ele></trkpt><trkpt lat="53.270517" lon="-9.132244"><ele>37.8</ele></trkpt><trkpt lat="53.270708" lon="-9.132342"><ele>38.5</ele></trkpt><trkpt lat="53.270898" lon="-9.132456"><ele>39.2</ele></trkpt><trkpt lat="53.271102" lon="-9.132582"><ele>40</ele></trkpt><trkpt lat="53.27113" lon="-9.1326"><ele>40.1</ele></trkpt><trkpt lat="53.271462" lon="-9.132809"><ele>41.4</ele></trkpt><trkpt lat="53.271585" lon="-9.132866"><ele>41.8</ele></trkpt><trkpt lat="53.271772" lon="-9.133"><ele>42.4</ele></trkpt><trkpt lat="53.272212" lon="-9.133348"><ele>43.9</ele></trkpt><trkpt lat="53.272249" lon="-9.13338"><ele>44</ele></trkpt><trkpt lat="53.272332" lon="-9.133453"><ele>44.2</ele></trkpt><trkpt lat="53.272594" lon="-9.133683"><ele>44.9</ele></trkpt><trkpt lat="53.273247" lon="-9.134256"><ele>46.7</ele></trkpt><trkpt lat="53.273621" lon="-9.134577"><ele>47.8</ele></trkpt><trkpt lat="53.273731" lon="-9.134671"><ele>48.2</ele></trkpt><trkpt lat="53.273833" lon="-9.134757"><ele>48.5</ele></trkpt><trkpt lat="53.273923" lon="-9.134833"><ele>48.8</ele></trkpt><trkpt lat="53.274004" lon="-9.134901"><ele>49</ele></trkpt><trkpt lat="53.274246" lon="-9.13511"><ele>49.6</ele></trkpt><trkpt lat="53.274302" lon="-9.13516"><ele>49.7</ele></trkpt><trkpt lat="53.274345" lon="-9.135199"><ele>49.8</ele></trkpt><trkpt lat="53.274578" lon="-9.135435"><ele>50.3</ele></trkpt><trkpt lat="53.274874" lon="-9.135787"><ele>50.6</ele></trkpt><trkpt lat="53.275019" lon="-9.136014"><ele>50.7</ele></trkpt><trkpt lat="53.275923" lon="-9.137381"><ele>50.8</ele></trkpt><trkpt lat="53.276421" lon="-9.13808"><ele>50.9</ele></trkpt><trkpt lat="53.276711" lon="-9.138438"><ele>50.9</ele></trkpt><trkpt lat="53.276731" lon="-9.138462"><ele>50.9</ele></trkpt><trkpt lat="53.276849" lon="-9.138565"><ele>50.9</ele></trkpt><trkpt lat="53.276982" lon="-9.138681"><ele>50.9</ele></trkpt><trkpt lat="53.27715" lon="-9.138803"><ele>50.8</ele></trkpt><trkpt lat="53.277279" lon="-9.138892"><ele>50.8</ele></trkpt><trkpt lat="53.277941" lon="-9.139317"><ele>50.2</ele></trkpt><trkpt lat="53.278134" lon="-9.139412"><ele>50.1</ele></trkpt><trkpt lat="53.278373" lon="-9.139461"><ele>50</ele></trkpt><trkpt lat="53.278703" lon="-9.139433"><ele>50</ele></trkpt><trkpt lat="53.278898" lon="-9.139369"><ele>50.1</ele></trkpt><trkpt lat="53.279019" lon="-9.139325"><ele>50.2</ele></trkpt><trkpt lat="53.279049" lon="-9.139312"><ele>50.2</ele></trkpt><trkpt lat="53.279084" lon="-9.139298"><ele>50.3</ele></trkpt><trkpt lat="53.279235" lon="-9.139233"><ele>50.4</ele></trkpt><trkpt lat="53.279264" lon="-9.139221"><ele>50.4</ele></trkpt><trkpt lat="53.280088" lon="-9.138919"><ele>51.5</ele></trkpt><trkpt lat="53.280443" lon="-9.138792"><ele>52.1</ele></trkpt><trkpt lat="53.280861" lon="-9.138633"><ele>53.3</ele></trkpt><trkpt lat="53.281316" lon="-9.138462"><ele>54.6</ele></trkpt><trkpt lat="53.28142" lon="-9.13842"><ele>54.9</ele></trkpt><trkpt lat="53.281808" lon="-9.138271"><ele>55.7</ele></trkpt><trkpt lat="53.281977" lon="-9.138245"><ele>56</ele></trkpt><trkpt lat="53.281989" lon="-9.138102"><ele>56.1</ele></trkpt><trkpt lat="53.281985" lon="-9.137894"><ele>56.3</ele></trkpt><trkpt lat="53.281957" lon="-9.137456"><ele>56.6</ele></trkpt><trkpt lat="53.281826" lon="-9.13575"><ele>55.9</ele></trkpt><trkpt lat="53.281798" lon="-9.135414"><ele>55.6</ele></trkpt><trkpt lat="53.281797" lon="-9.1354"><ele>55.6</ele></trkpt><trkpt lat="53.281731" lon="-9.134704"><ele>55.4</ele></trkpt><trkpt lat="53.282223" lon="-9.134593"><ele>55.5</ele></trkpt><trkpt lat="53.282331" lon="-9.134564"><ele>55.6</ele></trkpt><trkpt lat="53.282438" lon="-9.134537"><ele>55.8</ele></trkpt><trkpt lat="53.282529" lon="-9.134513"><ele>55.9</ele></trkpt><trkpt lat="53.282758" lon="-9.134454"><ele>56.2</ele></trkpt><trkpt lat="53.282914" lon="-9.134414"><ele>56.5</ele></trkpt><trkpt lat="53.283195" lon="-9.13434"><ele>57.2</ele></trkpt><trkpt lat="53.283378" lon="-9.134292"><ele>57.9</ele></trkpt><trkpt lat="53.283759" lon="-9.134192"><ele>59.3</ele></trkpt><trkpt lat="53.283787" lon="-9.134184"><ele>59.4</ele></trkpt><trkpt lat="53.284003" lon="-9.134128"><ele>60.3</ele></trkpt><trkpt lat="53.284252" lon="-9.134063"><ele>61.3</ele></trkpt><trkpt lat="53.284617" lon="-9.133966"><ele>62.9</ele></trkpt><trkpt lat="53.285143" lon="-9.13377"><ele>64.9</ele></trkpt><trkpt lat="53.285239" lon="-9.133733"><ele>65.2</ele></trkpt><trkpt lat="53.285519" lon="-9.133625"><ele>65.9</ele></trkpt><trkpt lat="53.285802" lon="-9.133515"><ele>66.4</ele></trkpt><trkpt lat="53.285829" lon="-9.133505"><ele>66.4</ele></trkpt><trkpt lat="53.286105" lon="-9.13338"><ele>66.7</ele></trkpt><trkpt lat="53.286115" lon="-9.133374"><ele>66.7</ele></trkpt><trkpt lat="53.286263" lon="-9.133289"><ele>66.7</ele></trkpt><trkpt lat="53.286376" lon="-9.133225"><ele>66.7</ele></trkpt><trkpt lat="53.286649" lon="-9.133069"><ele>66.6</ele></trkpt><trkpt lat="53.286777" lon="-9.132992"><ele>66.5</ele></trkpt><trkpt lat="53.287145" lon="-9.132781"><ele>66.1</ele></trkpt><trkpt lat="53.287569" lon="-9.13254"><ele>65.7</ele></trkpt><trkpt lat="53.2878" lon="-9.132412"><ele>65.5</ele></trkpt><trkpt lat="53.288117" lon="-9.132235"><ele>65.3</ele></trkpt><trkpt lat="53.288184" lon="-9.132198"><ele>65.3</ele></trkpt><trkpt lat="53.289207" lon="-9.131587"><ele>65.3</ele></trkpt><trkpt lat="53.289284" lon="-9.13154"><ele>65.3</ele></trkpt><trkpt lat="53.2894" lon="-9.131471"><ele>65.3</ele></trkpt><trkpt lat="53.289473" lon="-9.131426"><ele>65.3</ele></trkpt><trkpt lat="53.289695" lon="-9.131284"><ele>65.2</ele></trkpt><trkpt lat="53.289867" lon="-9.131175"><ele>65.1</ele></trkpt><trkpt lat="53.290239" lon="-9.130939"><ele>64.8</ele></trkpt><trkpt lat="53.290326" lon="-9.130884"><ele>64.7</ele></trkpt><trkpt lat="53.290439" lon="-9.130814"><ele>64.5</ele></trkpt><trkpt lat="53.290745" lon="-9.130557"><ele>64.1</ele></trkpt><trkpt lat="53.290877" lon="-9.13037"><ele>63.8</ele></trkpt><trkpt lat="53.291015" lon="-9.130122"><ele>63.5</ele></trkpt><trkpt lat="53.291131" lon="-9.129933"><ele>63.2</ele></trkpt><trkpt lat="53.291294" lon="-9.129761"><ele>62.9</ele></trkpt><trkpt lat="53.291454" lon="-9.129641"><ele>62.7</ele></trkpt><trkpt lat="53.291772" lon="-9.129426"><ele>62.2</ele></trkpt><trkpt lat="53.291953" lon="-9.129312"><ele>61.9</ele></trkpt><trkpt lat="53.292125" lon="-9.129213"><ele>61.6</ele></trkpt><trkpt lat="53.292334" lon="-9.129036"><ele>61.3</ele></trkpt><trkpt lat="53.292505" lon="-9.128844"><ele>61</ele></trkpt><trkpt lat="53.292627" lon="-9.128591"><ele>60.7</ele></trkpt><trkpt lat="53.292882" lon="-9.127821"><ele>60.4</ele></trkpt><trkpt lat="53.293008" lon="-9.127595"><ele>60.4</ele></trkpt><trkpt lat="53.293229" lon="-9.127292"><ele>60.6</ele></trkpt><trkpt lat="53.293452" lon="-9.128265"><ele>61.5</ele></trkpt><trkpt lat="53.293709" lon="-9.128924"><ele>62.8</ele></trkpt><trkpt lat="53.293772" lon="-9.12936"><ele>63.8</ele></trkpt><trkpt lat="53.293857" lon="-9.129615"><ele>64.4</ele></trkpt><trkpt lat="53.295221" lon="-9.131419"><ele>69.6</ele></trkpt><trkpt lat="53.296596" lon="-9.133419"><ele>69.9</ele></trkpt><trkpt lat="53.297" lon="-9.134081"><ele>69.3</ele></trkpt><trkpt lat="53.298089" lon="-9.135453"><ele>66.3</ele></trkpt><trkpt lat="53.298775" lon="-9.136135"><ele>63.9</ele></trkpt><trkpt lat="53.298996" lon="-9.136391"><ele>63.1</ele></trkpt><trkpt lat="53.299439" lon="-9.137035"><ele>61.7</ele></trkpt><trkpt lat="53.299638" lon="-9.137273"><ele>61.3</ele></trkpt><trkpt lat="53.299997" lon="-9.137539"><ele>60.7</ele></trkpt><trkpt lat="53.300884" lon="-9.138088"><ele>59.5</ele></trkpt><trkpt lat="53.301438" lon="-9.138311"><ele>58.3</ele></trkpt><trkpt lat="53.301634" lon="-9.138357"><ele>57.8</ele></trkpt><trkpt lat="53.302352" lon="-9.138509"><ele>55.4</ele></trkpt><trkpt lat="53.30258" lon="-9.138617"><ele>54.3</ele></trkpt><trkpt lat="53.302752" lon="-9.138689"><ele>53.4</ele></trkpt><trkpt lat="53.302953" lon="-9.138766"><ele>52.3</ele></trkpt><trkpt lat="53.30332" lon="-9.138904"><ele>50.1</ele></trkpt><trkpt lat="53.303976" lon="-9.139242"><ele>45.6</ele></trkpt><trkpt lat="53.304394" lon="-9.139517"><ele>42.3</ele></trkpt><trkpt lat="53.304521" lon="-9.139657"><ele>41.3</ele></trkpt><trkpt lat="53.304786" lon="-9.139951"><ele>39.2</ele></trkpt><trkpt lat="53.305175" lon="-9.140333"><ele>36.5</ele></trkpt><trkpt lat="53.30581" lon="-9.141059"><ele>32.7</ele></trkpt><trkpt lat="53.306179" lon="-9.141481"><ele>30.7</ele></trkpt><trkpt lat="53.30648" lon="-9.141803"><ele>29.1</ele></trkpt><trkpt lat="53.306674" lon="-9.141931"><ele>28.1</ele></trkpt><trkpt lat="53.306838" lon="-9.141952"><ele>27.3</ele></trkpt><trkpt lat="53.307016" lon="-9.141931"><ele>26.5</ele></trkpt><trkpt lat="53.307225" lon="-9.141828"><ele>25.4</ele></trkpt><trkpt lat="53.307493" lon="-9.141578"><ele>23.6</ele></trkpt><trkpt lat="53.308023" lon="-9.141248"><ele>20.1</ele></trkpt><trkpt lat="53.30828" lon="-9.141149"><ele>18.5</ele></trkpt><trkpt lat="53.308719" lon="-9.141063"><ele>16</ele></trkpt><trkpt lat="53.309719" lon="-9.140802"><ele>12.3</ele></trkpt><trkpt lat="53.309763" lon="-9.141006"><ele>12.1</ele></trkpt><trkpt lat="53.309879" lon="-9.141472"><ele>11.6</ele></trkpt><trkpt lat="53.310139" lon="-9.142279"><ele>10.9</ele></trkpt><trkpt lat="53.310599" lon="-9.14326"><ele>9.9</ele></trkpt><trkpt lat="53.311141" lon="-9.144108"><ele>8.9</ele></trkpt><trkpt lat="53.312662" lon="-9.14632"><ele>8.1</ele></trkpt><trkpt lat="53.3136" lon="-9.147779"><ele>9</ele></trkpt><trkpt lat="53.314084" lon="-9.148606"><ele>9.6</ele></trkpt><trkpt lat="53.316043" lon="-9.151933"><ele>10.9</ele></trkpt><trkpt lat="53.31632" lon="-9.151616"><ele>10.6</ele></trkpt><trkpt lat="53.316973" lon="-9.150615"><ele>9.5</ele></trkpt><trkpt lat="53.31745" lon="-9.150046"><ele>8.8</ele></trkpt><trkpt lat="53.318633" lon="-9.148571"><ele>7.7</ele></trkpt><trkpt lat="53.318776" lon="-9.148393"><ele>7.6</ele></trkpt><trkpt lat="53.319223" lon="-9.147825"><ele>7.1</ele></trkpt><trkpt lat="53.319689" lon="-9.147201"><ele>6.9</ele></trkpt><trkpt lat="53.319753" lon="-9.147114"><ele>6.8</ele></trkpt><trkpt lat="53.320519" lon="-9.146064"><ele>7.5</ele></trkpt><trkpt lat="53.320665" lon="-9.145956"><ele>7.7</ele></trkpt><trkpt lat="53.321415" lon="-9.145356"><ele>9.2</ele></trkpt><trkpt lat="53.322178" lon="-9.144856"><ele>10.3</ele></trkpt><trkpt lat="53.322649" lon="-9.144501"><ele>10.6</ele></trkpt><trkpt lat="53.323656" lon="-9.143558"><ele>10.1</ele></trkpt><trkpt lat="53.324023" lon="-9.143134"><ele>9.8</ele></trkpt><trkpt lat="53.324242" lon="-9.142741"><ele>9.6</ele></trkpt><trkpt lat="53.324563" lon="-9.1422"><ele>9.4</ele></trkpt><trkpt lat="53.324892" lon="-9.141919"><ele>9.4</ele></trkpt><trkpt lat="53.325159" lon="-9.141876"><ele>9.5</ele></trkpt><trkpt lat="53.325492" lon="-9.141987"><ele>9.7</ele></trkpt><trkpt lat="53.325708" lon="-9.142013"><ele>9.9</ele></trkpt><trkpt lat="53.325917" lon="-9.141987"><ele>10.1</ele></trkpt><trkpt lat="53.326004" lon="-9.142061"><ele>10.2</ele></trkpt><trkpt lat="53.326055" lon="-9.142152"><ele>10.2</ele></trkpt><trkpt lat="53.326131" lon="-9.142385"><ele>10.3</ele></trkpt><trkpt lat="53.326291" lon="-9.143147"><ele>10.6</ele></trkpt><trkpt lat="53.326373" lon="-9.143326"><ele>10.6</ele></trkpt><trkpt lat="53.326574" lon="-9.143634"><ele>10.6</ele></trkpt><trkpt lat="53.32667" lon="-9.143699"><ele>10.6</ele></trkpt><trkpt lat="53.326781" lon="-9.143689"><ele>10.5</ele></trkpt><trkpt lat="53.327108" lon="-9.143437"><ele>10.3</ele></trkpt><trkpt lat="53.327382" lon="-9.143099"><ele>10</ele></trkpt><trkpt lat="53.327507" lon="-9.142494"><ele>9.7</ele></trkpt><trkpt lat="53.327594" lon="-9.14234"><ele>9.6</ele></trkpt><trkpt lat="53.328199" lon="-9.14173"><ele>9.3</ele></trkpt><trkpt lat="53.328446" lon="-9.142804"><ele>9.6</ele></trkpt><trkpt lat="53.328613" lon="-9.143179"><ele>9.9</ele></trkpt><trkpt lat="53.328949" lon="-9.14426"><ele>10.8</ele></trkpt><trkpt lat="53.32916" lon="-9.144801"><ele>11.2</ele></trkpt><trkpt lat="53.329358" lon="-9.14541"><ele>11.6</ele></trkpt><trkpt lat="53.329332" lon="-9.145676"><ele>11.7</ele></trkpt><trkpt lat="53.329118" lon="-9.146493"><ele>11.9</ele></trkpt><trkpt lat="53.329106" lon="-9.146671"><ele>11.9</ele></trkpt><trkpt lat="53.329129" lon="-9.146811"><ele>11.9</ele></trkpt><trkpt lat="53.329444" lon="-9.147223"><ele>11.8</ele></trkpt><trkpt lat="53.32988" lon="-9.14742"><ele>11.4</ele></trkpt><trkpt lat="53.329955" lon="-9.147517"><ele>11.3</ele></trkpt><trkpt lat="53.329984" lon="-9.147554"><ele>11.3</ele></trkpt><trkpt lat="53.330498" lon="-9.148208"><ele>10.7</ele></trkpt><trkpt lat="53.331018" lon="-9.148861"><ele>10.1</ele></trkpt><trkpt lat="53.331056" lon="-9.148893"><ele>10.1</ele></trkpt><trkpt lat="53.331245" lon="-9.149209"><ele>9.8</ele></trkpt><trkpt lat="53.331325" lon="-9.149232"><ele>9.8</ele></trkpt><trkpt lat="53.331556" lon="-9.149197"><ele>9.6</ele></trkpt><trkpt lat="53.3317" lon="-9.149352"><ele>9.5</ele></trkpt><trkpt lat="53.331879" lon="-9.149695"><ele>9.5</ele></trkpt><trkpt lat="53.332207" lon="-9.150079"><ele>9.5</ele></trkpt><trkpt lat="53.332443" lon="-9.150356"><ele>9.5</ele></trkpt><trkpt lat="53.332667" lon="-9.150703"><ele>9.4</ele></trkpt><trkpt lat="53.33274" lon="-9.150764"><ele>9.4</ele></trkpt><trkpt lat="53.333039" lon="-9.150999"><ele>9.5</ele></trkpt><trkpt lat="53.333206" lon="-9.151103"><ele>9.6</ele></trkpt><trkpt lat="53.333379" lon="-9.151206"><ele>9.7</ele></trkpt><trkpt lat="53.33359" lon="-9.151533"><ele>9.8</ele></trkpt><trkpt lat="53.33466" lon="-9.152819"><ele>9.2</ele></trkpt><trkpt lat="53.335096" lon="-9.153336"><ele>8.7</ele></trkpt><trkpt lat="53.335577" lon="-9.153837"><ele>8</ele></trkpt><trkpt lat="53.335548" lon="-9.154232"><ele>7.6</ele></trkpt><trkpt lat="53.335604" lon="-9.154454"><ele>7.4</ele></trkpt><trkpt lat="53.335844" lon="-9.154842"><ele>6.9</ele></trkpt><trkpt lat="53.33625" lon="-9.155307"><ele>6.2</ele></trkpt><trkpt lat="53.336389" lon="-9.155403"><ele>6</ele></trkpt><trkpt lat="53.337097" lon="-9.15572"><ele>5.4</ele></trkpt><trkpt lat="53.337619" lon="-9.156052"><ele>5.3</ele></trkpt><trkpt lat="53.337722" lon="-9.156106"><ele>5.3</ele></trkpt><trkpt lat="53.337901" lon="-9.156338"><ele>5.3</ele></trkpt><trkpt lat="53.33846" lon="-9.156526"><ele>5.4</ele></trkpt><trkpt lat="53.338537" lon="-9.156604"><ele>5.4</ele></trkpt><trkpt lat="53.338717" lon="-9.156966"><ele>5.6</ele></trkpt><trkpt lat="53.338969" lon="-9.157195"><ele>5.7</ele></trkpt><trkpt lat="53.339433" lon="-9.158528"><ele>6.2</ele></trkpt><trkpt lat="53.341892" lon="-9.165904"><ele>8.8</ele></trkpt><trkpt lat="53.341764" lon="-9.168923"><ele>8.2</ele></trkpt><trkpt lat="53.341556" lon="-9.169993"><ele>8</ele></trkpt><trkpt lat="53.341528" lon="-9.170137"><ele>8</ele></trkpt><trkpt lat="53.341495" lon="-9.170305"><ele>7.9</ele></trkpt><trkpt lat="53.341407" lon="-9.170915"><ele>7.9</ele></trkpt><trkpt lat="53.341407" lon="-9.171336"><ele>7.9</ele></trkpt><trkpt lat="53.341447" lon="-9.171862"><ele>7.9</ele></trkpt><trkpt lat="53.341661" lon="-9.172276"><ele>8</ele></trkpt><trkpt lat="53.343133" lon="-9.173893"><ele>8.6</ele></trkpt><trkpt lat="53.3433" lon="-9.173739"><ele>8.7</ele></trkpt><trkpt lat="53.343414" lon="-9.173633"><ele>8.9</ele></trkpt><trkpt lat="53.3442" lon="-9.172902"><ele>9.9</ele></trkpt><trkpt lat="53.344461" lon="-9.172638"><ele>10.4</ele></trkpt><trkpt lat="53.344884" lon="-9.172294"><ele>11.2</ele></trkpt><trkpt lat="53.345524" lon="-9.172133"><ele>12.3</ele></trkpt><trkpt lat="53.346007" lon="-9.172131"><ele>13.4</ele></trkpt><trkpt lat="53.346147" lon="-9.172091"><ele>13.7</ele></trkpt><trkpt lat="53.346677" lon="-9.172153"><ele>15</ele></trkpt><trkpt lat="53.34761" lon="-9.172223"><ele>16.5</ele></trkpt><trkpt lat="53.348157" lon="-9.172654"><ele>16.7</ele></trkpt><trkpt lat="53.348659" lon="-9.173136"><ele>16.3</ele></trkpt><trkpt lat="53.34873" lon="-9.17318"><ele>16.2</ele></trkpt><trkpt lat="53.34955" lon="-9.173134"><ele>15.2</ele></trkpt><trkpt lat="53.349881" lon="-9.173117"><ele>14.9</ele></trkpt><trkpt lat="53.350034" lon="-9.173277"><ele>14.7</ele></trkpt><trkpt lat="53.350153" lon="-9.173519"><ele>14.5</ele></trkpt><trkpt lat="53.350192" lon="-9.173791"><ele>14.4</ele></trkpt><trkpt lat="53.350157" lon="-9.174145"><ele>14.2</ele></trkpt><trkpt lat="53.350026" lon="-9.174756"><ele>14.1</ele></trkpt><trkpt lat="53.349979" lon="-9.174975"><ele>14.1</ele></trkpt><trkpt lat="53.349955" lon="-9.175222"><ele>14.2</ele></trkpt><trkpt lat="53.350003" lon="-9.175501"><ele>14.2</ele></trkpt><trkpt lat="53.350073" lon="-9.1757"><ele>14.2</ele></trkpt><trkpt lat="53.350302" lon="-9.175787"><ele>14.3</ele></trkpt><trkpt lat="53.350733" lon="-9.175817"><ele>14.4</ele></trkpt><trkpt lat="53.350849" lon="-9.17587"><ele>14.4</ele></trkpt><trkpt lat="53.351275" lon="-9.176063"><ele>14.6</ele></trkpt><trkpt lat="53.351798" lon="-9.176362"><ele>14.8</ele></trkpt><trkpt lat="53.352071" lon="-9.176445"><ele>14.8</ele></trkpt><trkpt lat="53.352201" lon="-9.176454"><ele>14.8</ele></trkpt><trkpt lat="53.352322" lon="-9.176411"><ele>14.9</ele></trkpt><trkpt lat="53.352537" lon="-9.176086"><ele>14.9</ele></trkpt><trkpt lat="53.352729" lon="-9.17569"><ele>14.9</ele></trkpt><trkpt lat="53.352916" lon="-9.175614"><ele>14.9</ele></trkpt><trkpt lat="53.353195" lon="-9.175587"><ele>14.8</ele></trkpt><trkpt lat="53.353345" lon="-9.175504"><ele>14.8</ele></trkpt><trkpt lat="53.353744" lon="-9.175135"><ele>14.8</ele></trkpt><trkpt lat="53.354211" lon="-9.174879"><ele>14.7</ele></trkpt><trkpt lat="53.354569" lon="-9.174746"><ele>14.6</ele></trkpt><trkpt lat="53.355077" lon="-9.174375"><ele>14.5</ele></trkpt><trkpt lat="53.355256" lon="-9.174338"><ele>14.5</ele></trkpt><trkpt lat="53.355716" lon="-9.174486"><ele>14.3</ele></trkpt><trkpt lat="53.356262" lon="-9.174769"><ele>14.1</ele></trkpt><trkpt lat="53.356757" lon="-9.174946"><ele>14</ele></trkpt><trkpt lat="53.356867" lon="-9.174949"><ele>14</ele></trkpt><trkpt lat="53.35721" lon="-9.17484"><ele>14</ele></trkpt><trkpt lat="53.357602" lon="-9.174646"><ele>14</ele></trkpt><trkpt lat="53.357945" lon="-9.17454"><ele>14.1</ele></trkpt><trkpt lat="53.358172" lon="-9.174513"><ele>14.2</ele></trkpt><trkpt lat="53.359415" lon="-9.174363"><ele>15.3</ele></trkpt><trkpt lat="53.359707" lon="-9.174328"><ele>15.6</ele></trkpt><trkpt lat="53.360133" lon="-9.175098"><ele>16.5</ele></trkpt><trkpt lat="53.360407" lon="-9.175498"><ele>16.9</ele></trkpt><trkpt lat="53.360711" lon="-9.176054"><ele>17.4</ele></trkpt><trkpt lat="53.36128" lon="-9.17672"><ele>17.8</ele></trkpt><trkpt lat="53.361371" lon="-9.176804"><ele>17.8</ele></trkpt><trkpt lat="53.361487" lon="-9.177343"><ele>18</ele></trkpt><trkpt lat="53.361505" lon="-9.177929"><ele>18.1</ele></trkpt><trkpt lat="53.36164" lon="-9.178325"><ele>18.1</ele></trkpt><trkpt lat="53.361886" lon="-9.179411"><ele>18.4</ele></trkpt><trkpt lat="53.36201" lon="-9.179845"><ele>18.6</ele></trkpt><trkpt lat="53.362417" lon="-9.180305"><ele>19</ele></trkpt><trkpt lat="53.363189" lon="-9.180449"><ele>19.7</ele></trkpt><trkpt lat="53.363809" lon="-9.180645"><ele>20.5</ele></trkpt><trkpt lat="53.364063" lon="-9.180685"><ele>20.7</ele></trkpt><trkpt lat="53.364515" lon="-9.180756"><ele>21.2</ele></trkpt><trkpt lat="53.364814" lon="-9.180705"><ele>21.4</ele></trkpt><trkpt lat="53.365211" lon="-9.180756"><ele>21.6</ele></trkpt><trkpt lat="53.36578" lon="-9.180824"><ele>22</ele></trkpt><trkpt lat="53.366272" lon="-9.180815"><ele>22.5</ele></trkpt><trkpt lat="53.367171" lon="-9.180151"><ele>24</ele></trkpt><trkpt lat="53.367502" lon="-9.180075"><ele>24.5</ele></trkpt><trkpt lat="53.367857" lon="-9.180338"><ele>24.8</ele></trkpt><trkpt lat="53.368254" lon="-9.18079"><ele>25</ele></trkpt><trkpt lat="53.368514" lon="-9.181034"><ele>25</ele></trkpt><trkpt lat="53.369183" lon="-9.180952"><ele>24.5</ele></trkpt><trkpt lat="53.369371" lon="-9.181045"><ele>24.3</ele></trkpt><trkpt lat="53.36962" lon="-9.18136"><ele>24</ele></trkpt><trkpt lat="53.36977" lon="-9.181651"><ele>23.7</ele></trkpt><trkpt lat="53.369813" lon="-9.181735"><ele>23.6</ele></trkpt><trkpt lat="53.369935" lon="-9.183012"><ele>22.2</ele></trkpt><trkpt lat="53.370052" lon="-9.183837"><ele>21.1</ele></trkpt><trkpt lat="53.370311" lon="-9.184995"><ele>19.9</ele></trkpt><trkpt lat="53.370641" lon="-9.185728"><ele>19.2</ele></trkpt><trkpt lat="53.370727" lon="-9.186255"><ele>19</ele></trkpt><trkpt lat="53.370793" lon="-9.187167"><ele>18.5</ele></trkpt><trkpt lat="53.370843" lon="-9.187481"><ele>18.3</ele></trkpt><trkpt lat="53.370961" lon="-9.187745"><ele>18.1</ele></trkpt><trkpt lat="53.371254" lon="-9.187761"><ele>17.8</ele></trkpt><trkpt lat="53.371337" lon="-9.187822"><ele>17.7</ele></trkpt><trkpt lat="53.371646" lon="-9.188435"><ele>17.5</ele></trkpt><trkpt lat="53.371758" lon="-9.188775"><ele>17.3</ele></trkpt><trkpt lat="53.371789" lon="-9.189082"><ele>17.2</ele></trkpt><trkpt lat="53.371707" lon="-9.189214"><ele>17.2</ele></trkpt><trkpt lat="53.37153" lon="-9.189319"><ele>17.1</ele></trkpt><trkpt lat="53.371472" lon="-9.189392"><ele>17.1</ele></trkpt><trkpt lat="53.371374" lon="-9.189768"><ele>17.1</ele></trkpt><trkpt lat="53.37092" lon="-9.19064"><ele>17.4</ele></trkpt><trkpt lat="53.370883" lon="-9.19086"><ele>17.5</ele></trkpt><trkpt lat="53.370889" lon="-9.191744"><ele>17.1</ele></trkpt><trkpt lat="53.370905" lon="-9.191876"><ele>17</ele></trkpt><trkpt lat="53.370996" lon="-9.192172"><ele>16.7</ele></trkpt><trkpt lat="53.371151" lon="-9.19249"><ele>16.3</ele></trkpt><trkpt lat="53.371382" lon="-9.192845"><ele>15.5</ele></trkpt><trkpt lat="53.371738" lon="-9.193117"><ele>14.4</ele></trkpt><trkpt lat="53.371834" lon="-9.193279"><ele>13.9</ele></trkpt><trkpt lat="53.371956" lon="-9.193602"><ele>13.1</ele></trkpt><trkpt lat="53.372041" lon="-9.193983"><ele>12.2</ele></trkpt><trkpt lat="53.372229" lon="-9.19387"><ele>11.5</ele></trkpt><trkpt lat="53.372423" lon="-9.193808"><ele>10.9</ele></trkpt><trkpt lat="53.372625" lon="-9.193797"><ele>10.3</ele></trkpt><trkpt lat="53.372818" lon="-9.193848"><ele>9.9</ele></trkpt><trkpt lat="53.373636" lon="-9.194085"><ele>9</ele></trkpt><trkpt lat="53.373651" lon="-9.194088"><ele>9</ele></trkpt><trkpt lat="53.374903" lon="-9.194513"><ele>10.5</ele></trkpt><trkpt lat="53.374937" lon="-9.194527"><ele>10.6</ele></trkpt><trkpt lat="53.375208" lon="-9.194643"><ele>10.9</ele></trkpt><trkpt lat="53.375967" lon="-9.194927"><ele>11.1</ele></trkpt><trkpt lat="53.377562" lon="-9.195606"><ele>9.3</ele></trkpt><trkpt lat="53.379265" lon="-9.196297"><ele>9.1</ele></trkpt><trkpt lat="53.381877" lon="-9.197201"><ele>10.5</ele></trkpt><trkpt lat="53.381843" lon="-9.197772"><ele>10.5</ele></trkpt><trkpt lat="53.381874" lon="-9.198736"><ele>10.5</ele></trkpt><trkpt lat="53.382157" lon="-9.199713"><ele>10.4</ele></trkpt><trkpt lat="53.382232" lon="-9.200074"><ele>10.5</ele></trkpt><trkpt lat="53.382331" lon="-9.200886"><ele>10.5</ele></trkpt><trkpt lat="53.382554" lon="-9.202046"><ele>10.8</ele></trkpt><trkpt lat="53.382678" lon="-9.203459"><ele>10.9</ele></trkpt><trkpt lat="53.382729" lon="-9.20379"><ele>11</ele></trkpt><trkpt lat="53.382875" lon="-9.204497"><ele>11</ele></trkpt><trkpt lat="53.383037" lon="-9.205108"><ele>11.1</ele></trkpt><trkpt lat="53.383223" lon="-9.205433"><ele>11.2</ele></trkpt><trkpt lat="53.38382" lon="-9.205957"><ele>11.5</ele></trkpt><trkpt lat="53.384466" lon="-9.206736"><ele>11.8</ele></trkpt><trkpt lat="53.384584" lon="-9.206975"><ele>11.9</ele></trkpt><trkpt lat="53.384734" lon="-9.207456"><ele>12.1</ele></trkpt><trkpt lat="53.384822" lon="-9.207921"><ele>12.3</ele></trkpt><trkpt lat="53.384896" lon="-9.208509"><ele>12.6</ele></trkpt><trkpt lat="53.384925" lon="-9.210824"><ele>13.5</ele></trkpt><trkpt lat="53.384751" lon="-9.211959"><ele>13.6</ele></trkpt><trkpt lat="53.384768" lon="-9.212261"><ele>13.5</ele></trkpt><trkpt lat="53.384838" lon="-9.212512"><ele>13.4</ele></trkpt><trkpt lat="53.385052" lon="-9.213028"><ele>13.2</ele></trkpt><trkpt lat="53.385358" lon="-9.213662"><ele>12.9</ele></trkpt><trkpt lat="53.385423" lon="-9.213953"><ele>12.8</ele></trkpt><trkpt lat="53.385557" lon="-9.214912"><ele>12.5</ele></trkpt><trkpt lat="53.385602" lon="-9.215374"><ele>12.5</ele></trkpt><trkpt lat="53.385883" lon="-9.217021"><ele>12.2</ele></trkpt><trkpt lat="53.385903" lon="-9.217263"><ele>12.1</ele></trkpt><trkpt lat="53.385886" lon="-9.217731"><ele>11.9</ele></trkpt><trkpt lat="53.385691" lon="-9.219663"><ele>12</ele></trkpt><trkpt lat="53.385926" lon="-9.21973"><ele>12.2</ele></trkpt><trkpt lat="53.386866" lon="-9.219609"><ele>13.4</ele></trkpt><trkpt lat="53.387232" lon="-9.219477"><ele>14</ele></trkpt><trkpt lat="53.387838" lon="-9.219286"><ele>14.7</ele></trkpt><trkpt lat="53.388832" lon="-9.218954"><ele>16</ele></trkpt><trkpt lat="53.389181" lon="-9.218793"><ele>16.6</ele></trkpt><trkpt lat="53.389595" lon="-9.218679"><ele>17.5</ele></trkpt><trkpt lat="53.390064" lon="-9.218612"><ele>18.6</ele></trkpt><trkpt lat="53.390325" lon="-9.218518"><ele>19.2</ele></trkpt><trkpt lat="53.390881" lon="-9.218198"><ele>20.2</ele></trkpt><trkpt lat="53.391644" lon="-9.21787"><ele>20.8</ele></trkpt><trkpt lat="53.391773" lon="-9.21776"><ele>20.9</ele></trkpt><trkpt lat="53.392067" lon="-9.217158"><ele>21.2</ele></trkpt><trkpt lat="53.39224" lon="-9.216969"><ele>21.4</ele></trkpt><trkpt lat="53.392876" lon="-9.216726"><ele>21.9</ele></trkpt><trkpt lat="53.393364" lon="-9.216345"><ele>22.1</ele></trkpt><trkpt lat="53.39407" lon="-9.215885"><ele>22</ele></trkpt><trkpt lat="53.394271" lon="-9.215826"><ele>21.8</ele></trkpt><trkpt lat="53.394863" lon="-9.215424"><ele>21.3</ele></trkpt><trkpt lat="53.396499" lon="-9.214272"><ele>20.5</ele></trkpt><trkpt lat="53.396559" lon="-9.214199"><ele>20.4</ele></trkpt><trkpt lat="53.397038" lon="-9.213883"><ele>19.8</ele></trkpt><trkpt lat="53.398339" lon="-9.213099"><ele>17.8</ele></trkpt><trkpt lat="53.400498" lon="-9.211883"><ele>16.7</ele></trkpt><trkpt lat="53.400744" lon="-9.2117"><ele>16.6</ele></trkpt><trkpt lat="53.401271" lon="-9.211425"><ele>16.5</ele></trkpt><trkpt lat="53.401804" lon="-9.211209"><ele>16.5</ele></trkpt><trkpt lat="53.406579" lon="-9.208516"><ele>22.3</ele></trkpt><trkpt lat="53.406817" lon="-9.208396"><ele>22.7</ele></trkpt><trkpt lat="53.406984" lon="-9.208353"><ele>23</ele></trkpt><trkpt lat="53.407763" lon="-9.208232"><ele>24.1</ele></trkpt><trkpt lat="53.407914" lon="-9.208225"><ele>24.3</ele></trkpt><trkpt lat="53.407996" lon="-9.208278"><ele>24.4</ele></trkpt><trkpt lat="53.408093" lon="-9.208485"><ele>24.6</ele></trkpt><trkpt lat="53.40821" lon="-9.208957"><ele>24.8</ele></trkpt><trkpt lat="53.408382" lon="-9.209836"><ele>25.3</ele></trkpt><trkpt lat="53.408428" lon="-9.209945"><ele>25.4</ele></trkpt><trkpt lat="53.408555" lon="-9.210071"><ele>25.5</ele></trkpt><trkpt lat="53.40891" lon="-9.210278"><ele>25.9</ele></trkpt><trkpt lat="53.409049" lon="-9.210295"><ele>26</ele></trkpt><trkpt lat="53.409909" lon="-9.210165"><ele>26.7</ele></trkpt><trkpt lat="53.412425" lon="-9.210193"><ele>26.7</ele></trkpt><trkpt lat="53.413333" lon="-9.210128"><ele>25.8</ele></trkpt><trkpt lat="53.413698" lon="-9.21019"><ele>25.2</ele></trkpt><trkpt lat="53.413613" lon="-9.210537"><ele>24.9</ele></trkpt><trkpt lat="53.413456" lon="-9.211028"><ele>24.4</ele></trkpt><trkpt lat="53.412501" lon="-9.213693"><ele>21.9</ele></trkpt><trkpt lat="53.412405" lon="-9.214008"><ele>21.7</ele></trkpt><trkpt lat="53.412224" lon="-9.215005"><ele>21.3</ele></trkpt><trkpt lat="53.411881" lon="-9.216413"><ele>21.3</ele></trkpt><trkpt lat="53.411554" lon="-9.217601"><ele>21.3</ele></trkpt><trkpt lat="53.411352" lon="-9.218169"><ele>21.4</ele></trkpt><trkpt lat="53.411182" lon="-9.218735"><ele>21.5</ele></trkpt><trkpt lat="53.411072" lon="-9.21938"><ele>21.6</ele></trkpt><trkpt lat="53.410674" lon="-9.220135"><ele>21.8</ele></trkpt><trkpt lat="53.410552" lon="-9.2208"><ele>21.9</ele></trkpt><trkpt lat="53.410485" lon="-9.221794"><ele>21.6</ele></trkpt><trkpt lat="53.410382" lon="-9.222442"><ele>21.2</ele></trkpt><trkpt lat="53.409932" lon="-9.223886"><ele>19.9</ele></trkpt><trkpt lat="53.409093" lon="-9.226802"><ele>19.8</ele></trkpt><trkpt lat="53.409022" lon="-9.227047"><ele>19.9</ele></trkpt><trkpt lat="53.408985" lon="-9.227751"><ele>20.3</ele></trkpt><trkpt lat="53.409065" lon="-9.228721"><ele>21.1</ele></trkpt><trkpt lat="53.409071" lon="-9.229564"><ele>21.7</ele></trkpt><trkpt lat="53.408949" lon="-9.231414"><ele>23.5</ele></trkpt><trkpt lat="53.408859" lon="-9.232774"><ele>24.6</ele></trkpt><trkpt lat="53.408824" lon="-9.233312"><ele>24.7</ele></trkpt><trkpt lat="53.408728" lon="-9.234064"><ele>24.5</ele></trkpt><trkpt lat="53.407895" lon="-9.235933"><ele>21.2</ele></trkpt><trkpt lat="53.407722" lon="-9.236612"><ele>19.9</ele></trkpt><trkpt lat="53.407674" lon="-9.236991"><ele>19.2</ele></trkpt><trkpt lat="53.40758" lon="-9.238063"><ele>17.3</ele></trkpt><trkpt lat="53.407593" lon="-9.238245"><ele>17.1</ele></trkpt><trkpt lat="53.407764" lon="-9.240685"><ele>14.6</ele></trkpt><trkpt lat="53.407782" lon="-9.242304"><ele>14.5</ele></trkpt><trkpt lat="53.407577" lon="-9.243655"><ele>14.8</ele></trkpt><trkpt lat="53.407488" lon="-9.245221"><ele>14.4</ele></trkpt><trkpt lat="53.407323" lon="-9.245865"><ele>14.1</ele></trkpt><trkpt lat="53.407121" lon="-9.247521"><ele>13.7</ele></trkpt><trkpt lat="53.406895" lon="-9.250192"><ele>14.2</ele></trkpt><trkpt lat="53.407759" lon="-9.250049"><ele>13.8</ele></trkpt><trkpt lat="53.407998" lon="-9.250006"><ele>13.5</ele></trkpt><trkpt lat="53.408214" lon="-9.249918"><ele>13.3</ele></trkpt><trkpt lat="53.408429" lon="-9.249897"><ele>13.1</ele></trkpt><trkpt lat="53.408609" lon="-9.249975"><ele>13</ele></trkpt><trkpt lat="53.40896" lon="-9.250036"><ele>12.9</ele></trkpt><trkpt lat="53.409044" lon="-9.2502"><ele>12.9</ele></trkpt><trkpt lat="53.409365" lon="-9.25133"><ele>13.4</ele></trkpt><trkpt lat="53.409501" lon="-9.251533"><ele>13.5</ele></trkpt><trkpt lat="53.409589" lon="-9.251778"><ele>13.7</ele></trkpt><trkpt lat="53.409729" lon="-9.252345"><ele>13.9</ele></trkpt><trkpt lat="53.409912" lon="-9.2529"><ele>14.1</ele></trkpt><trkpt lat="53.409963" lon="-9.252916"><ele>14.1</ele></trkpt><trkpt lat="53.410477" lon="-9.252812"><ele>14.4</ele></trkpt><trkpt lat="53.410716" lon="-9.252876"><ele>14.5</ele></trkpt><trkpt lat="53.410849" lon="-9.252989"><ele>14.6</ele></trkpt><trkpt lat="53.410921" lon="-9.253088"><ele>14.7</ele></trkpt><trkpt lat="53.411011" lon="-9.253218"><ele>14.7</ele></trkpt><trkpt lat="53.411067" lon="-9.253446"><ele>14.8</ele></trkpt><trkpt lat="53.41118" lon="-9.254155"><ele>15.1</ele></trkpt><trkpt lat="53.411217" lon="-9.254427"><ele>15.2</ele></trkpt><trkpt lat="53.411424" lon="-9.256001"><ele>15.4</ele></trkpt><trkpt lat="53.412419" lon="-9.255661"><ele>14.7</ele></trkpt><trkpt lat="53.412706" lon="-9.255438"><ele>14.4</ele></trkpt><trkpt lat="53.412835" lon="-9.255713"><ele>14.2</ele></trkpt><trkpt lat="53.413103" lon="-9.257464"><ele>12.8</ele></trkpt><trkpt lat="53.413184" lon="-9.257773"><ele>12.5</ele></trkpt><trkpt lat="53.413249" lon="-9.257875"><ele>12.4</ele></trkpt><trkpt lat="53.413333" lon="-9.258005"><ele>12.2</ele></trkpt><trkpt lat="53.413514" lon="-9.258145"><ele>11.9</ele></trkpt><trkpt lat="53.414368" lon="-9.25846"><ele>10.7</ele></trkpt><trkpt lat="53.414494" lon="-9.258541"><ele>10.6</ele></trkpt><trkpt lat="53.414914" lon="-9.259232"><ele>10.4</ele></trkpt><trkpt lat="53.415522" lon="-9.259426"><ele>10.2</ele></trkpt><trkpt lat="53.415673" lon="-9.259367"><ele>10.2</ele></trkpt><trkpt lat="53.416033" lon="-9.259225"><ele>10</ele></trkpt><trkpt lat="53.416373" lon="-9.258883"><ele>9.7</ele></trkpt><trkpt lat="53.417172" lon="-9.258598"><ele>9</ele></trkpt><trkpt lat="53.41733" lon="-9.258595"><ele>8.9</ele></trkpt><trkpt lat="53.417814" lon="-9.258631"><ele>8.7</ele></trkpt><trkpt lat="53.418268" lon="-9.258665"><ele>8.7</ele></trkpt><trkpt lat="53.418474" lon="-9.258855"><ele>8.7</ele></trkpt><trkpt lat="53.418893" lon="-9.258966"><ele>8.8</ele></trkpt><trkpt lat="53.41896" lon="-9.259122"><ele>8.9</ele></trkpt><trkpt lat="53.418977" lon="-9.259743"><ele>8.9</ele></trkpt><trkpt lat="53.419056" lon="-9.26236"><ele>9.1</ele></trkpt><trkpt lat="53.419053" lon="-9.263129"><ele>9</ele></trkpt><trkpt lat="53.419329" lon="-9.263862"><ele>8.8</ele></trkpt><trkpt lat="53.419332" lon="-9.263917"><ele>8.8</ele></trkpt><trkpt lat="53.419317" lon="-9.264263"><ele>8.7</ele></trkpt><trkpt lat="53.419179" lon="-9.265112"><ele>8.4</ele></trkpt><trkpt lat="53.419193" lon="-9.265469"><ele>8.3</ele></trkpt><trkpt lat="53.419203" lon="-9.265649"><ele>8.3</ele></trkpt><trkpt lat="53.419356" lon="-9.267147"><ele>8</ele></trkpt><trkpt lat="53.41936" lon="-9.267179"><ele>8</ele></trkpt><trkpt lat="53.419399" lon="-9.26762"><ele>8</ele></trkpt><trkpt lat="53.419438" lon="-9.268051"><ele>8.1</ele></trkpt><trkpt lat="53.419489" lon="-9.268633"><ele>8.2</ele></trkpt><trkpt lat="53.419553" lon="-9.269163"><ele>8.3</ele></trkpt><trkpt lat="53.419922" lon="-9.269566"><ele>8.5</ele></trkpt><trkpt lat="53.420034" lon="-9.269737"><ele>8.6</ele></trkpt><trkpt lat="53.420096" lon="-9.269832"><ele>8.6</ele></trkpt><trkpt lat="53.420136" lon="-9.269893"><ele>8.6</ele></trkpt><trkpt lat="53.420198" lon="-9.270219"><ele>8.6</ele></trkpt><trkpt lat="53.420213" lon="-9.272476"><ele>8.5</ele></trkpt><trkpt lat="53.420032" lon="-9.273115"><ele>8.4</ele></trkpt><trkpt lat="53.419844" lon="-9.273796"><ele>8.1</ele></trkpt><trkpt lat="53.419817" lon="-9.274047"><ele>8</ele></trkpt><trkpt lat="53.419829" lon="-9.274401"><ele>8</ele></trkpt><trkpt lat="53.419835" lon="-9.27458"><ele>8</ele></trkpt><trkpt lat="53.419852" lon="-9.275118"><ele>8</ele></trkpt><trkpt lat="53.419853" lon="-9.275553"><ele>8.1</ele></trkpt><trkpt lat="53.419789" lon="-9.276261"><ele>8.3</ele></trkpt><trkpt lat="53.419801" lon="-9.276446"><ele>8.4</ele></trkpt><trkpt lat="53.419831" lon="-9.276531"><ele>8.4</ele></trkpt><trkpt lat="53.420458" lon="-9.277308"><ele>8.8</ele></trkpt><trkpt lat="53.420512" lon="-9.277362"><ele>8.8</ele></trkpt><trkpt lat="53.420697" lon="-9.27742"><ele>8.7</ele></trkpt><trkpt lat="53.421498" lon="-9.277594"><ele>8.3</ele></trkpt><trkpt lat="53.421643" lon="-9.277654"><ele>8.2</ele></trkpt><trkpt lat="53.421726" lon="-9.277733"><ele>8.1</ele></trkpt><trkpt lat="53.421733" lon="-9.277887"><ele>8</ele></trkpt><trkpt lat="53.421675" lon="-9.278286"><ele>7.9</ele></trkpt><trkpt lat="53.421542" lon="-9.279177"><ele>7.7</ele></trkpt><trkpt lat="53.42153" lon="-9.279254"><ele>7.7</ele></trkpt><trkpt lat="53.421438" lon="-9.280002"><ele>7.8</ele></trkpt><trkpt lat="53.421363" lon="-9.280393"><ele>7.8</ele></trkpt><trkpt lat="53.421119" lon="-9.281481"><ele>8</ele></trkpt><trkpt lat="53.421087" lon="-9.28182"><ele>8</ele></trkpt><trkpt lat="53.421096" lon="-9.282159"><ele>8.1</ele></trkpt><trkpt lat="53.421213" lon="-9.283117"><ele>8.4</ele></trkpt><trkpt lat="53.421333" lon="-9.283714"><ele>8.9</ele></trkpt><trkpt lat="53.421364" lon="-9.283969"><ele>9.2</ele></trkpt><trkpt lat="53.421295" lon="-9.284706"><ele>10.1</ele></trkpt><trkpt lat="53.421269" lon="-9.285719"><ele>11.7</ele></trkpt><trkpt lat="53.421278" lon="-9.28602"><ele>12.2</ele></trkpt><trkpt lat="53.421418" lon="-9.286574"><ele>13.2</ele></trkpt><trkpt lat="53.421351" lon="-9.28699"><ele>13.8</ele></trkpt><trkpt lat="53.421297" lon="-9.287118"><ele>14</ele></trkpt><trkpt lat="53.420961" lon="-9.287879"><ele>14.9</ele></trkpt><trkpt lat="53.420745" lon="-9.288238"><ele>15.2</ele></trkpt><trkpt lat="53.42053" lon="-9.288527"><ele>15.3</ele></trkpt><trkpt lat="53.420457" lon="-9.288685"><ele>15.3</ele></trkpt><trkpt lat="53.420392" lon="-9.289023"><ele>15.4</ele></trkpt><trkpt lat="53.420368" lon="-9.289582"><ele>15.4</ele></trkpt><trkpt lat="53.420318" lon="-9.289932"><ele>15.4</ele></trkpt><trkpt lat="53.420249" lon="-9.290246"><ele>15.5</ele></trkpt><trkpt lat="53.42012" lon="-9.290512"><ele>15.5</ele></trkpt><trkpt lat="53.420104" lon="-9.290547"><ele>15.5</ele></trkpt><trkpt lat="53.419429" lon="-9.291627"><ele>15.9</ele></trkpt><trkpt lat="53.419058" lon="-9.292367"><ele>16.2</ele></trkpt><trkpt lat="53.41885" lon="-9.292656"><ele>16.3</ele></trkpt><trkpt lat="53.418309" lon="-9.29324"><ele>16.6</ele></trkpt><trkpt lat="53.41833" lon="-9.293268"><ele>16.6</ele></trkpt><trkpt lat="53.419639" lon="-9.29499"><ele>17</ele></trkpt><trkpt lat="53.419844" lon="-9.295252"><ele>17.1</ele></trkpt><trkpt lat="53.420289" lon="-9.295823"><ele>17.2</ele></trkpt><trkpt lat="53.420275" lon="-9.295853"><ele>17.3</ele></trkpt><trkpt lat="53.420325" lon="-9.295926"><ele>17.3</ele></trkpt><trkpt lat="53.420373" lon="-9.295996"><ele>17.3</ele></trkpt><trkpt lat="53.42042" lon="-9.296058"><ele>17.3</ele></trkpt><trkpt lat="53.420462" lon="-9.296115"><ele>17.3</ele></trkpt><trkpt lat="53.420498" lon="-9.296166"><ele>17.3</ele></trkpt><trkpt lat="53.420528" lon="-9.296209"><ele>17.3</ele></trkpt><trkpt lat="53.420552" lon="-9.296244"><ele>17.3</ele></trkpt><trkpt lat="53.420568" lon="-9.296273"><ele>17.3</ele></trkpt><trkpt lat="53.420574" lon="-9.296298"><ele>17.3</ele></trkpt><trkpt lat="53.420569" lon="-9.296314"><ele>17.3</ele></trkpt><trkpt lat="53.420558" lon="-9.296319"><ele>17.3</ele></trkpt><trkpt lat="53.420545" lon="-9.296312"><ele>17.3</ele></trkpt><trkpt lat="53.420534" lon="-9.296292"><ele>17.3</ele></trkpt><trkpt lat="53.420526" lon="-9.296266"><ele>17.3</ele></trkpt><trkpt lat="53.420517" lon="-9.296238"><ele>17.3</ele></trkpt><trkpt lat="53.420506" lon="-9.296212"><ele>17.3</ele></trkpt><trkpt lat="53.420493" lon="-9.29619"><ele>17.3</ele></trkpt><trkpt lat="53.42048" lon="-9.296169"><ele>17.3</ele></trkpt><trkpt lat="53.420467" lon="-9.296148"><ele>17.3</ele></trkpt><trkpt lat="53.420452" lon="-9.296131"><ele>17.3</ele></trkpt><trkpt lat="53.420438" lon="-9.296113"><ele>17.3</ele></trkpt><trkpt lat="53.420423" lon="-9.296095"><ele>17.3</ele></trkpt><trkpt lat="53.420408" lon="-9.296077"><ele>17.3</ele></trkpt><trkpt lat="53.420393" lon="-9.296057"><ele>17.3</ele></trkpt><trkpt lat="53.420378" lon="-9.296034"><ele>17.3</ele></trkpt><trkpt lat="53.420406" lon="-9.295973"><ele>17.3</ele></trkpt><trkpt lat="53.420289" lon="-9.295823"><ele>17.2</ele></trkpt><trkpt lat="53.419844" lon="-9.295252"><ele>17.1</ele></trkpt><trkpt lat="53.419862" lon="-9.295212"><ele>17.1</ele></trkpt><trkpt lat="53.419826" lon="-9.295166"><ele>17</ele></trkpt><trkpt lat="53.419791" lon="-9.29512"><ele>17</ele></trkpt><trkpt lat="53.419759" lon="-9.295078"><ele>17</ele></trkpt><trkpt lat="53.41973" lon="-9.295042"><ele>17</ele></trkpt><trkpt lat="53.419704" lon="-9.295012"><ele>17</ele></trkpt><trkpt lat="53.419677" lon="-9.29499"><ele>17</ele></trkpt><trkpt lat="53.419649" lon="-9.294988"><ele>17</ele></trkpt><trkpt lat="53.419624" lon="-9.295004"><ele>17</ele></trkpt><trkpt lat="53.419601" lon="-9.295032"><ele>17</ele></trkpt><trkpt lat="53.419579" lon="-9.295066"><ele>17</ele></trkpt><trkpt lat="53.419557" lon="-9.295102"><ele>17</ele></trkpt><trkpt lat="53.419534" lon="-9.295135"><ele>17</ele></trkpt><trkpt lat="53.419511" lon="-9.295163"><ele>17</ele></trkpt><trkpt lat="53.419488" lon="-9.295184"><ele>17</ele></trkpt><trkpt lat="53.419467" lon="-9.295198"><ele>17</ele></trkpt><trkpt lat="53.419448" lon="-9.295206"><ele>16.9</ele></trkpt><trkpt lat="53.419449" lon="-9.295206"><ele>16.9</ele></trkpt><trkpt lat="53.419449" lon="-9.295206"><ele>16.9</ele></trkpt><trkpt lat="53.41945" lon="-9.295206"><ele>16.9</ele></trkpt><trkpt lat="53.419689" lon="-9.295152"><ele>17</ele></trkpt><trkpt lat="53.419639" lon="-9.29499"><ele>17</ele></trkpt><trkpt lat="53.419844" lon="-9.295252"><ele>17.1</ele></trkpt><trkpt lat="53.420289" lon="-9.295823"><ele>17.3</ele></trkpt><trkpt lat="53.420406" lon="-9.295973"><ele>17.3</ele></trkpt><trkpt lat="53.42064" lon="-9.296274"><ele>17.3</ele></trkpt><trkpt lat="53.421239" lon="-9.297017"><ele>17</ele></trkpt><trkpt lat="53.421583" lon="-9.297497"><ele>16.7</ele></trkpt><trkpt lat="53.421982" lon="-9.298391"><ele>16.2</ele></trkpt><trkpt lat="53.422044" lon="-9.29858"><ele>16.1</ele></trkpt><trkpt lat="53.422053" lon="-9.298608"><ele>16.1</ele></trkpt><trkpt lat="53.422507" lon="-9.300126"><ele>15.6</ele></trkpt><trkpt lat="53.422579" lon="-9.30045"><ele>15.5</ele></trkpt><trkpt lat="53.422892" lon="-9.30193"><ele>15.2</ele></trkpt><trkpt lat="53.422931" lon="-9.302119"><ele>15.2</ele></trkpt><trkpt lat="53.42297" lon="-9.302308"><ele>15.2</ele></trkpt><trkpt lat="53.423336" lon="-9.304177"><ele>15.9</ele></trkpt><trkpt lat="53.423461" lon="-9.305015"><ele>16.2</ele></trkpt><trkpt lat="53.423536" lon="-9.305966"><ele>15.9</ele></trkpt><trkpt lat="53.423643" lon="-9.307057"><ele>15</ele></trkpt><trkpt lat="53.42376" lon="-9.307789"><ele>14.2</ele></trkpt><trkpt lat="53.423919" lon="-9.308424"><ele>13.5</ele></trkpt><trkpt lat="53.424369" lon="-9.3097"><ele>13.2</ele></trkpt><trkpt lat="53.424478" lon="-9.310006"><ele>13.5</ele></trkpt><trkpt lat="53.424489" lon="-9.310034"><ele>13.5</ele></trkpt><trkpt lat="53.42459" lon="-9.310317"><ele>13.9</ele></trkpt><trkpt lat="53.424853" lon="-9.311051"><ele>15.3</ele></trkpt><trkpt lat="53.424969" lon="-9.311326"><ele>15.9</ele></trkpt><trkpt lat="53.425105" lon="-9.311644"><ele>16.7</ele></trkpt><trkpt lat="53.425254" lon="-9.31199"><ele>17.6</ele></trkpt><trkpt lat="53.425374" lon="-9.312269"><ele>18.3</ele></trkpt><trkpt lat="53.425786" lon="-9.313121"><ele>20.1</ele></trkpt><trkpt lat="53.425976" lon="-9.313533"><ele>20.7</ele></trkpt><trkpt lat="53.426579" lon="-9.315262"><ele>20.6</ele></trkpt><trkpt lat="53.426707" lon="-9.315529"><ele>19.9</ele></trkpt><trkpt lat="53.426843" lon="-9.31579"><ele>19.1</ele></trkpt><trkpt lat="53.427703" lon="-9.317152"><ele>14</ele></trkpt><trkpt lat="53.427774" lon="-9.317265"><ele>13.6</ele></trkpt><trkpt lat="53.428095" lon="-9.317773"><ele>12.6</ele></trkpt><trkpt lat="53.428213" lon="-9.317978"><ele>12.4</ele></trkpt><trkpt lat="53.428315" lon="-9.318172"><ele>12.3</ele></trkpt><trkpt lat="53.428445" lon="-9.318555"><ele>12.2</ele></trkpt><trkpt lat="53.428566" lon="-9.319127"><ele>12.2</ele></trkpt><trkpt lat="53.42855" lon="-9.319378"><ele>12.2</ele></trkpt><trkpt lat="53.428464" lon="-9.32016"><ele>12.2</ele></trkpt><trkpt lat="53.42844" lon="-9.320388"><ele>12.1</ele></trkpt><trkpt lat="53.42839" lon="-9.32073"><ele>12.1</ele></trkpt><trkpt lat="53.42838" lon="-9.320803"><ele>12</ele></trkpt><trkpt lat="53.428339" lon="-9.321085"><ele>12</ele></trkpt><trkpt lat="53.428294" lon="-9.321363"><ele>11.9</ele></trkpt><trkpt lat="53.428287" lon="-9.321408"><ele>11.9</ele></trkpt><trkpt lat="53.428263" lon="-9.321555"><ele>11.8</ele></trkpt><trkpt lat="53.428048" lon="-9.322783"><ele>11.8</ele></trkpt><trkpt lat="53.427963" lon="-9.323256"><ele>11.9</ele></trkpt><trkpt lat="53.427873" lon="-9.323754"><ele>12.1</ele></trkpt><trkpt lat="53.427825" lon="-9.324074"><ele>12.1</ele></trkpt><trkpt lat="53.427778" lon="-9.324386"><ele>12.1</ele></trkpt><trkpt lat="53.427687" lon="-9.324989"><ele>12.2</ele></trkpt><trkpt lat="53.42745" lon="-9.326465"><ele>12</ele></trkpt><trkpt lat="53.427396" lon="-9.326898"><ele>11.9</ele></trkpt><trkpt lat="53.427435" lon="-9.326973"><ele>11.9</ele></trkpt><trkpt lat="53.427556" lon="-9.327158"><ele>11.9</ele></trkpt><trkpt lat="53.427585" lon="-9.327234"><ele>11.9</ele></trkpt><trkpt lat="53.427593" lon="-9.32745"><ele>11.9</ele></trkpt><trkpt lat="53.427555" lon="-9.327668"><ele>12</ele></trkpt><trkpt lat="53.427398" lon="-9.328246"><ele>12.2</ele></trkpt><trkpt lat="53.42731" lon="-9.328543"><ele>12.4</ele></trkpt><trkpt lat="53.427048" lon="-9.329418"><ele>13.3</ele></trkpt><trkpt lat="53.426999" lon="-9.329544"><ele>13.5</ele></trkpt><trkpt lat="53.42657" lon="-9.330599"><ele>14.6</ele></trkpt><trkpt lat="53.426429" lon="-9.331015"><ele>14.9</ele></trkpt><trkpt lat="53.426307" lon="-9.331743"><ele>15.4</ele></trkpt><trkpt lat="53.426254" lon="-9.332292"><ele>15.6</ele></trkpt><trkpt lat="53.426264" lon="-9.332579"><ele>15.7</ele></trkpt><trkpt lat="53.426399" lon="-9.333585"><ele>16.5</ele></trkpt><trkpt lat="53.426411" lon="-9.333955"><ele>16.9</ele></trkpt><trkpt lat="53.426369" lon="-9.334382"><ele>17.4</ele></trkpt><trkpt lat="53.426281" lon="-9.334801"><ele>18.2</ele></trkpt><trkpt lat="53.426103" lon="-9.335561"><ele>20</ele></trkpt><trkpt lat="53.426014" lon="-9.336076"><ele>21.3</ele></trkpt><trkpt lat="53.425965" lon="-9.336928"><ele>23.3</ele></trkpt><trkpt lat="53.425962" lon="-9.337311"><ele>24</ele></trkpt><trkpt lat="53.42595" lon="-9.337665"><ele>24.7</ele></trkpt><trkpt lat="53.425793" lon="-9.339271"><ele>26.6</ele></trkpt><trkpt lat="53.425778" lon="-9.339692"><ele>26.9</ele></trkpt><trkpt lat="53.425846" lon="-9.340291"><ele>27.3</ele></trkpt><trkpt lat="53.426323" lon="-9.341874"><ele>27.9</ele></trkpt><trkpt lat="53.42645" lon="-9.342312"><ele>28</ele></trkpt><trkpt lat="53.426478" lon="-9.342405"><ele>28</ele></trkpt><trkpt lat="53.426761" lon="-9.343517"><ele>28.1</ele></trkpt><trkpt lat="53.426987" lon="-9.344458"><ele>28.2</ele></trkpt><trkpt lat="53.427139" lon="-9.345187"><ele>28.4</ele></trkpt><trkpt lat="53.427253" lon="-9.346249"><ele>28.9</ele></trkpt><trkpt lat="53.427324" lon="-9.34743"><ele>29.8</ele></trkpt><trkpt lat="53.42731" lon="-9.347893"><ele>30.1</ele></trkpt><trkpt lat="53.426958" lon="-9.350146"><ele>32.2</ele></trkpt><trkpt lat="53.426805" lon="-9.351309"><ele>33.8</ele></trkpt><trkpt lat="53.426671" lon="-9.352142"><ele>35</ele></trkpt><trkpt lat="53.426454" lon="-9.353552"><ele>36.8</ele></trkpt><trkpt lat="53.426252" lon="-9.355063"><ele>37.5</ele></trkpt><trkpt lat="53.426082" lon="-9.356945"><ele>36.9</ele></trkpt><trkpt lat="53.425955" lon="-9.357767"><ele>36</ele></trkpt><trkpt lat="53.425811" lon="-9.358384"><ele>35.2</ele></trkpt><trkpt lat="53.425662" lon="-9.359346"><ele>34</ele></trkpt><trkpt lat="53.425437" lon="-9.361409"><ele>32.7</ele></trkpt><trkpt lat="53.425119" lon="-9.363667"><ele>31.9</ele></trkpt><trkpt lat="53.424851" lon="-9.365306"><ele>30.9</ele></trkpt><trkpt lat="53.424781" lon="-9.365929"><ele>30.5</ele></trkpt><trkpt lat="53.424758" lon="-9.366798"><ele>30.1</ele></trkpt><trkpt lat="53.424759" lon="-9.367135"><ele>29.9</ele></trkpt><trkpt lat="53.424759" lon="-9.367237"><ele>29.9</ele></trkpt><trkpt lat="53.424725" lon="-9.368573"><ele>29.7</ele></trkpt><trkpt lat="53.42453" lon="-9.371104"><ele>30.6</ele></trkpt><trkpt lat="53.424515" lon="-9.371322"><ele>30.7</ele></trkpt><trkpt lat="53.424065" lon="-9.37695"><ele>35.1</ele></trkpt><trkpt lat="53.424002" lon="-9.377567"><ele>35.6</ele></trkpt><trkpt lat="53.423913" lon="-9.378042"><ele>35.9</ele></trkpt><trkpt lat="53.423789" lon="-9.378519"><ele>36.3</ele></trkpt><trkpt lat="53.423748" lon="-9.378645"><ele>36.3</ele></trkpt><trkpt lat="53.423579" lon="-9.379085"><ele>36.6</ele></trkpt><trkpt lat="53.423501" lon="-9.379371"><ele>36.7</ele></trkpt><trkpt lat="53.423198" lon="-9.380148"><ele>36.9</ele></trkpt><trkpt lat="53.423074" lon="-9.380404"><ele>36.9</ele></trkpt><trkpt lat="53.422905" lon="-9.380742"><ele>36.9</ele></trkpt><trkpt lat="53.42262" lon="-9.381218"><ele>36.8</ele></trkpt><trkpt lat="53.421796" lon="-9.382455"><ele>37.4</ele></trkpt><trkpt lat="53.42076" lon="-9.384059"><ele>40.5</ele></trkpt><trkpt lat="53.420604" lon="-9.38432"><ele>41.2</ele></trkpt><trkpt lat="53.420427" lon="-9.38468"><ele>42</ele></trkpt><trkpt lat="53.420224" lon="-9.385209"><ele>42.9</ele></trkpt><trkpt lat="53.420142" lon="-9.385564"><ele>43.3</ele></trkpt><trkpt lat="53.419948" lon="-9.386353"><ele>43.8</ele></trkpt><trkpt lat="53.419576" lon="-9.388135"><ele>41.6</ele></trkpt><trkpt lat="53.419535" lon="-9.388848"><ele>40.2</ele></trkpt><trkpt lat="53.419573" lon="-9.389331"><ele>39.4</ele></trkpt><trkpt lat="53.419669" lon="-9.389964"><ele>38.3</ele></trkpt><trkpt lat="53.419925" lon="-9.39123"><ele>36.1</ele></trkpt><trkpt lat="53.420094" lon="-9.391954"><ele>34.9</ele></trkpt><trkpt lat="53.420225" lon="-9.392319"><ele>34.3</ele></trkpt><trkpt lat="53.420612" lon="-9.392936"><ele>33.1</ele></trkpt><trkpt lat="53.420782" lon="-9.393258"><ele>32.7</ele></trkpt><trkpt lat="53.420855" lon="-9.393456"><ele>32.6</ele></trkpt><trkpt lat="53.420989" lon="-9.39388"><ele>32.2</ele></trkpt><trkpt lat="53.421039" lon="-9.394148"><ele>32.1</ele></trkpt><trkpt lat="53.421082" lon="-9.394572"><ele>32</ele></trkpt><trkpt lat="53.421082" lon="-9.39484"><ele>32.1</ele></trkpt><trkpt lat="53.421008" lon="-9.39569"><ele>32.4</ele></trkpt><trkpt lat="53.420814" lon="-9.397533"><ele>34.5</ele></trkpt><trkpt lat="53.420763" lon="-9.39801"><ele>35.3</ele></trkpt><trkpt lat="53.42075" lon="-9.39839"><ele>36</ele></trkpt><trkpt lat="53.420749" lon="-9.398594"><ele>36.4</ele></trkpt><trkpt lat="53.420756" lon="-9.398765"><ele>36.7</ele></trkpt><trkpt lat="53.420788" lon="-9.399142"><ele>37.4</ele></trkpt><trkpt lat="53.420842" lon="-9.399374"><ele>37.8</ele></trkpt><trkpt lat="53.420898" lon="-9.39957"><ele>38.1</ele></trkpt><trkpt lat="53.420967" lon="-9.399763"><ele>38.4</ele></trkpt><trkpt lat="53.421124" lon="-9.40014"><ele>38.9</ele></trkpt><trkpt lat="53.421426" lon="-9.400677"><ele>39.5</ele></trkpt><trkpt lat="53.421449" lon="-9.400711"><ele>39.5</ele></trkpt><trkpt lat="53.421811" lon="-9.401288"><ele>39.8</ele></trkpt><trkpt lat="53.422105" lon="-9.401664"><ele>39.9</ele></trkpt><trkpt lat="53.422348" lon="-9.401889"><ele>40</ele></trkpt><trkpt lat="53.422524" lon="-9.402077"><ele>40.1</ele></trkpt><trkpt lat="53.422748" lon="-9.402392"><ele>40.1</ele></trkpt><trkpt lat="53.422773" lon="-9.402425"><ele>40.1</ele></trkpt><trkpt lat="53.42308" lon="-9.402962"><ele>40.2</ele></trkpt><trkpt lat="53.423195" lon="-9.403292"><ele>40.2</ele></trkpt><trkpt lat="53.423918" lon="-9.40636"><ele>39.9</ele></trkpt><trkpt lat="53.424051" lon="-9.406887"><ele>39.7</ele></trkpt><trkpt lat="53.424332" lon="-9.407685"><ele>39.2</ele></trkpt><trkpt lat="53.424422" lon="-9.40802"><ele>38.9</ele></trkpt><trkpt lat="53.42448" lon="-9.408366"><ele>38.6</ele></trkpt><trkpt lat="53.424506" lon="-9.408656"><ele>38.3</ele></trkpt><trkpt lat="53.424487" lon="-9.408967"><ele>38.1</ele></trkpt><trkpt lat="53.424384" lon="-9.410148"><ele>37.2</ele></trkpt><trkpt lat="53.42425" lon="-9.41122"><ele>37.3</ele></trkpt><trkpt lat="53.424244" lon="-9.411939"><ele>37.8</ele></trkpt><trkpt lat="53.424272" lon="-9.413067"><ele>39.1</ele></trkpt><trkpt lat="53.424282" lon="-9.413613"><ele>39.8</ele></trkpt><trkpt lat="53.424308" lon="-9.414385"><ele>40.7</ele></trkpt><trkpt lat="53.424365" lon="-9.414911"><ele>41.2</ele></trkpt><trkpt lat="53.424442" lon="-9.415287"><ele>41.6</ele></trkpt><trkpt lat="53.424563" lon="-9.41563"><ele>41.9</ele></trkpt><trkpt lat="53.424793" lon="-9.416027"><ele>42.4</ele></trkpt><trkpt lat="53.425618" lon="-9.417186"><ele>43.7</ele></trkpt><trkpt lat="53.425978" lon="-9.417759"><ele>44</ele></trkpt><trkpt lat="53.426222" lon="-9.41813"><ele>44.1</ele></trkpt><trkpt lat="53.426915" lon="-9.419103"><ele>44.5</ele></trkpt><trkpt lat="53.427928" lon="-9.42097"><ele>46.5</ele></trkpt><trkpt lat="53.428249" lon="-9.421667"><ele>47.1</ele></trkpt><trkpt lat="53.428462" lon="-9.422207"><ele>47.3</ele></trkpt><trkpt lat="53.42857" lon="-9.422486"><ele>47.3</ele></trkpt><trkpt lat="53.428827" lon="-9.423312"><ele>47</ele></trkpt><trkpt lat="53.429025" lon="-9.423849"><ele>46.5</ele></trkpt><trkpt lat="53.429556" lon="-9.425125"><ele>44.7</ele></trkpt><trkpt lat="53.430208" lon="-9.426801"><ele>42.2</ele></trkpt><trkpt lat="53.430385" lon="-9.427252"><ele>41.8</ele></trkpt><trkpt lat="53.430431" lon="-9.427366"><ele>41.7</ele></trkpt><trkpt lat="53.43079" lon="-9.428376"><ele>41.1</ele></trkpt><trkpt lat="53.431577" lon="-9.430753"><ele>40.9</ele></trkpt><trkpt lat="53.43223" lon="-9.432836"><ele>41.9</ele></trkpt><trkpt lat="53.43306" lon="-9.43536"><ele>43.3</ele></trkpt><trkpt lat="53.433424" lon="-9.436659"><ele>43.8</ele></trkpt><trkpt lat="53.433571" lon="-9.437095"><ele>43.9</ele></trkpt><trkpt lat="53.433706" lon="-9.437383"><ele>44</ele></trkpt><trkpt lat="53.433871" lon="-9.437627"><ele>44</ele></trkpt><trkpt lat="53.434795" lon="-9.438671"><ele>43.8</ele></trkpt><trkpt lat="53.435416" lon="-9.439676"><ele>43.4</ele></trkpt><trkpt lat="53.435888" lon="-9.440127"><ele>43</ele></trkpt><trkpt lat="53.436178" lon="-9.440462"><ele>42.9</ele></trkpt><trkpt lat="53.436444" lon="-9.440855"><ele>42.8</ele></trkpt><trkpt lat="53.436672" lon="-9.441363"><ele>43</ele></trkpt><trkpt lat="53.436884" lon="-9.442057"><ele>43.3</ele></trkpt><trkpt lat="53.436905" lon="-9.442137"><ele>43.4</ele></trkpt><trkpt lat="53.436946" lon="-9.44229"><ele>43.5</ele></trkpt><trkpt lat="53.437023" lon="-9.442549"><ele>43.7</ele></trkpt><trkpt lat="53.437068" lon="-9.442691"><ele>43.8</ele></trkpt><trkpt lat="53.437206" lon="-9.443083"><ele>44.1</ele></trkpt><trkpt lat="53.437706" lon="-9.444055"><ele>44.9</ele></trkpt><trkpt lat="53.438298" lon="-9.445045"><ele>45.6</ele></trkpt><trkpt lat="53.438428" lon="-9.445255"><ele>45.8</ele></trkpt><trkpt lat="53.439145" lon="-9.446407"><ele>47.6</ele></trkpt><trkpt lat="53.439912" lon="-9.447737"><ele>49.8</ele></trkpt><trkpt lat="53.440356" lon="-9.448606"><ele>50.3</ele></trkpt><trkpt lat="53.440631" lon="-9.449454"><ele>50.1</ele></trkpt><trkpt lat="53.440824" lon="-9.450558"><ele>49</ele></trkpt><trkpt lat="53.440836" lon="-9.450707"><ele>48.8</ele></trkpt><trkpt lat="53.440851" lon="-9.451275"><ele>48.1</ele></trkpt><trkpt lat="53.440821" lon="-9.452178"><ele>47</ele></trkpt><trkpt lat="53.440637" lon="-9.455647"><ele>43.5</ele></trkpt><trkpt lat="53.440678" lon="-9.456482"><ele>43.1</ele></trkpt><trkpt lat="53.440754" lon="-9.456907"><ele>42.9</ele></trkpt><trkpt lat="53.440934" lon="-9.457513"><ele>42.7</ele></trkpt><trkpt lat="53.441093" lon="-9.457922"><ele>42.7</ele></trkpt><trkpt lat="53.441369" lon="-9.458483"><ele>42.9</ele></trkpt><trkpt lat="53.441706" lon="-9.458998"><ele>43.2</ele></trkpt><trkpt lat="53.442274" lon="-9.460488"><ele>43.8</ele></trkpt><trkpt lat="53.442391" lon="-9.460938"><ele>43.9</ele></trkpt><trkpt lat="53.442548" lon="-9.461798"><ele>44</ele></trkpt><trkpt lat="53.443032" lon="-9.464697"><ele>43.7</ele></trkpt><trkpt lat="53.443178" lon="-9.465393"><ele>43.5</ele></trkpt><trkpt lat="53.443306" lon="-9.46577"><ele>43.4</ele></trkpt><trkpt lat="53.443567" lon="-9.466337"><ele>43.3</ele></trkpt><trkpt lat="53.443987" lon="-9.467036"><ele>43.3</ele></trkpt><trkpt lat="53.444467" lon="-9.467704"><ele>43.7</ele></trkpt><trkpt lat="53.446667" lon="-9.470795"><ele>46.9</ele></trkpt><trkpt lat="53.447586" lon="-9.4721"><ele>46.2</ele></trkpt><trkpt lat="53.447933" lon="-9.472714"><ele>46.1</ele></trkpt><trkpt lat="53.44827" lon="-9.473572"><ele>46.6</ele></trkpt><trkpt lat="53.449228" lon="-9.47568"><ele>50.6</ele></trkpt><trkpt lat="53.450026" lon="-9.477375"><ele>55</ele></trkpt><trkpt lat="53.450555" lon="-9.47893"><ele>57.1</ele></trkpt><trkpt lat="53.450652" lon="-9.479512"><ele>57.2</ele></trkpt><trkpt lat="53.450811" lon="-9.480842"><ele>56.5</ele></trkpt><trkpt lat="53.450966" lon="-9.483106"><ele>52.6</ele></trkpt><trkpt lat="53.450979" lon="-9.483846"><ele>51.1</ele></trkpt><trkpt lat="53.450938" lon="-9.485134"><ele>48.5</ele></trkpt><trkpt lat="53.450846" lon="-9.486867"><ele>46</ele></trkpt><trkpt lat="53.450897" lon="-9.487606"><ele>45.4</ele></trkpt><trkpt lat="53.451081" lon="-9.488653"><ele>45.2</ele></trkpt><trkpt lat="53.451357" lon="-9.489871"><ele>45.6</ele></trkpt><trkpt lat="53.451766" lon="-9.491271"><ele>46.6</ele></trkpt><trkpt lat="53.451899" lon="-9.49165"><ele>46.8</ele></trkpt><trkpt lat="53.452574" lon="-9.493588"><ele>47.7</ele></trkpt><trkpt lat="53.452977" lon="-9.494936"><ele>47.1</ele></trkpt><trkpt lat="53.453136" lon="-9.495476"><ele>46.6</ele></trkpt><trkpt lat="53.453327" lon="-9.496303"><ele>45.9</ele></trkpt><trkpt lat="53.453435" lon="-9.497268"><ele>45.2</ele></trkpt><trkpt lat="53.453742" lon="-9.503072"><ele>44.6</ele></trkpt><trkpt lat="53.453861" lon="-9.505922"><ele>41.3</ele></trkpt><trkpt lat="53.453936" lon="-9.507717"><ele>39.5</ele></trkpt><trkpt lat="53.453967" lon="-9.509397"><ele>38.7</ele></trkpt><trkpt lat="53.453894" lon="-9.51317"><ele>37.9</ele></trkpt><trkpt lat="53.453823" lon="-9.515146"><ele>38.2</ele></trkpt><trkpt lat="53.453721" lon="-9.516729"><ele>39</ele></trkpt><trkpt lat="53.453455" lon="-9.519732"><ele>40.9</ele></trkpt><trkpt lat="53.453344" lon="-9.521012"><ele>41.5</ele></trkpt><trkpt lat="53.453319" lon="-9.522199"><ele>41.7</ele></trkpt><trkpt lat="53.45336" lon="-9.523"><ele>41.8</ele></trkpt><trkpt lat="53.453466" lon="-9.523891"><ele>41.7</ele></trkpt><trkpt lat="53.45356" lon="-9.524441"><ele>41.5</ele></trkpt><trkpt lat="53.453711" lon="-9.525088"><ele>41.2</ele></trkpt><trkpt lat="53.453856" lon="-9.525555"><ele>40.9</ele></trkpt><trkpt lat="53.453972" lon="-9.52593"><ele>40.6</ele></trkpt><trkpt lat="53.4544" lon="-9.526917"><ele>39.9</ele></trkpt><trkpt lat="53.454646" lon="-9.527458"><ele>39.5</ele></trkpt><trkpt lat="53.454833" lon="-9.52799"><ele>39.1</ele></trkpt><trkpt lat="53.455055" lon="-9.529051"><ele>38.4</ele></trkpt><trkpt lat="53.455082" lon="-9.529286"><ele>38.3</ele></trkpt><trkpt lat="53.4551" lon="-9.530148"><ele>38</ele></trkpt><trkpt lat="53.455067" lon="-9.530545"><ele>38</ele></trkpt><trkpt lat="53.45487" lon="-9.532026"><ele>38.7</ele></trkpt><trkpt lat="53.45482" lon="-9.532795"><ele>39.3</ele></trkpt><trkpt lat="53.454849" lon="-9.533356"><ele>39.8</ele></trkpt><trkpt lat="53.454893" lon="-9.533698"><ele>40.1</ele></trkpt><trkpt lat="53.45499" lon="-9.534228"><ele>40.6</ele></trkpt><trkpt lat="53.45549" lon="-9.536038"><ele>40.3</ele></trkpt><trkpt lat="53.455586" lon="-9.536427"><ele>40.1</ele></trkpt><trkpt lat="53.455658" lon="-9.536855"><ele>40</ele></trkpt><trkpt lat="53.455755" lon="-9.53763"><ele>39.9</ele></trkpt><trkpt lat="53.455797" lon="-9.538387"><ele>40</ele></trkpt><trkpt lat="53.455833" lon="-9.539046"><ele>40.3</ele></trkpt><trkpt lat="53.45586" lon="-9.539656"><ele>40.7</ele></trkpt><trkpt lat="53.455871" lon="-9.540077"><ele>41</ele></trkpt><trkpt lat="53.455862" lon="-9.540571"><ele>41.2</ele></trkpt><trkpt lat="53.455853" lon="-9.540754"><ele>41.2</ele></trkpt><trkpt lat="53.456014" lon="-9.540739"><ele>41.3</ele></trkpt><trkpt lat="53.456158" lon="-9.540679"><ele>41.3</ele></trkpt><trkpt lat="53.456226" lon="-9.540675"><ele>41.3</ele></trkpt><trkpt lat="53.456467" lon="-9.540664"><ele>41.3</ele></trkpt><trkpt lat="53.45733" lon="-9.540625"><ele>41.1</ele></trkpt><trkpt lat="53.457696" lon="-9.540703"><ele>41</ele></trkpt><trkpt lat="53.457898" lon="-9.540825"><ele>40.9</ele></trkpt><trkpt lat="53.458111" lon="-9.541031"><ele>40.8</ele></trkpt><trkpt lat="53.459807" lon="-9.543144"><ele>40.5</ele></trkpt><trkpt lat="53.460197" lon="-9.543483"><ele>40.5</ele></trkpt><trkpt lat="53.460568" lon="-9.543618"><ele>40.6</ele></trkpt><trkpt lat="53.460581" lon="-9.543622"><ele>40.6</ele></trkpt><trkpt lat="53.460627" lon="-9.543636"><ele>40.6</ele></trkpt><trkpt lat="53.4614" lon="-9.543901"><ele>40.8</ele></trkpt><trkpt lat="53.461669" lon="-9.54414"><ele>40.9</ele></trkpt><trkpt lat="53.462331" lon="-9.544937"><ele>41.1</ele></trkpt><trkpt lat="53.462573" lon="-9.545093"><ele>41</ele></trkpt><trkpt lat="53.463747" lon="-9.545604"><ele>40.4</ele></trkpt><trkpt lat="53.465876" lon="-9.546261"><ele>39.3</ele></trkpt><trkpt lat="53.466159" lon="-9.546219"><ele>39.3</ele></trkpt><trkpt lat="53.466752" lon="-9.545891"><ele>39.5</ele></trkpt><trkpt lat="53.469992" lon="-9.545814"><ele>42</ele></trkpt><trkpt lat="53.470773" lon="-9.546036"><ele>43.4</ele></trkpt><trkpt lat="53.471741" lon="-9.546401"><ele>45.2</ele></trkpt><trkpt lat="53.472108" lon="-9.546384"><ele>45.5</ele></trkpt><trkpt lat="53.472376" lon="-9.54627"><ele>45.6</ele></trkpt><trkpt lat="53.472755" lon="-9.546011"><ele>45.7</ele></trkpt><trkpt lat="53.473231" lon="-9.545618"><ele>45.6</ele></trkpt><trkpt lat="53.473617" lon="-9.545357"><ele>45.6</ele></trkpt><trkpt lat="53.473895" lon="-9.54523"><ele>45.8</ele></trkpt><trkpt lat="53.474127" lon="-9.545212"><ele>46</ele></trkpt><trkpt lat="53.474333" lon="-9.545278"><ele>46.2</ele></trkpt><trkpt lat="53.474887" lon="-9.545664"><ele>46.8</ele></trkpt><trkpt lat="53.476544" lon="-9.546146"><ele>49</ele></trkpt><trkpt lat="53.477079" lon="-9.546304"><ele>50.5</ele></trkpt><trkpt lat="53.480894" lon="-9.547921"><ele>66.6</ele></trkpt><trkpt lat="53.481179" lon="-9.547981"><ele>67.6</ele></trkpt><trkpt lat="53.48201" lon="-9.547962"><ele>70.9</ele></trkpt><trkpt lat="53.482356" lon="-9.548017"><ele>72.5</ele></trkpt><trkpt lat="53.482937" lon="-9.548247"><ele>75.5</ele></trkpt><trkpt lat="53.483314" lon="-9.548457"><ele>77.7</ele></trkpt><trkpt lat="53.484284" lon="-9.549198"><ele>83.4</ele></trkpt><trkpt lat="53.484835" lon="-9.549558"><ele>86.3</ele></trkpt><trkpt lat="53.484973" lon="-9.549707"><ele>87</ele></trkpt><trkpt lat="53.48522" lon="-9.550106"><ele>88.4</ele></trkpt><trkpt lat="53.485441" lon="-9.550573"><ele>89.8</ele></trkpt><trkpt lat="53.485618" lon="-9.550914"><ele>90.7</ele></trkpt><trkpt lat="53.486185" lon="-9.552226"><ele>93.2</ele></trkpt><trkpt lat="53.486634" lon="-9.553564"><ele>94.1</ele></trkpt><trkpt lat="53.487086" lon="-9.555192"><ele>93.5</ele></trkpt><trkpt lat="53.487277" lon="-9.55601"><ele>92.8</ele></trkpt><trkpt lat="53.487581" lon="-9.557267"><ele>91.6</ele></trkpt><trkpt lat="53.487859" lon="-9.558177"><ele>90.4</ele></trkpt><trkpt lat="53.488139" lon="-9.55881"><ele>89.3</ele></trkpt><trkpt lat="53.488676" lon="-9.559591"><ele>87.3</ele></trkpt><trkpt lat="53.490348" lon="-9.561215"><ele>79.2</ele></trkpt><trkpt lat="53.490545" lon="-9.561263"><ele>78.2</ele></trkpt><trkpt lat="53.490947" lon="-9.561212"><ele>76.1</ele></trkpt><trkpt lat="53.491115" lon="-9.561251"><ele>75.2</ele></trkpt><trkpt lat="53.491309" lon="-9.561316"><ele>74.2</ele></trkpt><trkpt lat="53.491708" lon="-9.561641"><ele>71.9</ele></trkpt><trkpt lat="53.491842" lon="-9.561825"><ele>71.1</ele></trkpt><trkpt lat="53.492001" lon="-9.562115"><ele>70.1</ele></trkpt><trkpt lat="53.492533" lon="-9.563395"><ele>65.8</ele></trkpt><trkpt lat="53.492699" lon="-9.563608"><ele>64.8</ele></trkpt><trkpt lat="53.492844" lon="-9.563733"><ele>63.9</ele></trkpt><trkpt lat="53.493541" lon="-9.564058"><ele>59.6</ele></trkpt><trkpt lat="53.49407" lon="-9.564198"><ele>56.4</ele></trkpt><trkpt lat="53.494309" lon="-9.564111"><ele>55</ele></trkpt><trkpt lat="53.495084" lon="-9.563509"><ele>50.8</ele></trkpt><trkpt lat="53.495352" lon="-9.563473"><ele>49.7</ele></trkpt><trkpt lat="53.495601" lon="-9.56356"><ele>48.7</ele></trkpt><trkpt lat="53.496609" lon="-9.564093"><ele>44.7</ele></trkpt><trkpt lat="53.496923" lon="-9.564323"><ele>43.6</ele></trkpt><trkpt lat="53.497841" lon="-9.565581"><ele>39</ele></trkpt><trkpt lat="53.498242" lon="-9.565819"><ele>36.9</ele></trkpt><trkpt lat="53.498547" lon="-9.565824"><ele>35.4</ele></trkpt><trkpt lat="53.498815" lon="-9.56577"><ele>34</ele></trkpt><trkpt lat="53.499118" lon="-9.565615"><ele>32.2</ele></trkpt><trkpt lat="53.499502" lon="-9.565323"><ele>30.1</ele></trkpt><trkpt lat="53.500053" lon="-9.564759"><ele>27.2</ele></trkpt><trkpt lat="53.500223" lon="-9.56444"><ele>26.4</ele></trkpt><trkpt lat="53.500485" lon="-9.5642"><ele>25.5</ele></trkpt><trkpt lat="53.50116" lon="-9.563714"><ele>24</ele></trkpt><trkpt lat="53.501559" lon="-9.563699"><ele>23.5</ele></trkpt><trkpt lat="53.502171" lon="-9.563832"><ele>22.8</ele></trkpt><trkpt lat="53.50309" lon="-9.564154"><ele>20.8</ele></trkpt><trkpt lat="53.503259" lon="-9.564184"><ele>20.3</ele></trkpt><trkpt lat="53.50379" lon="-9.563986"><ele>18.7</ele></trkpt><trkpt lat="53.504207" lon="-9.563844"><ele>17.2</ele></trkpt><trkpt lat="53.504846" lon="-9.563681"><ele>14.5</ele></trkpt><trkpt lat="53.505673" lon="-9.563435"><ele>11.2</ele></trkpt><trkpt lat="53.506094" lon="-9.563432"><ele>9.9</ele></trkpt><trkpt lat="53.506434" lon="-9.563559"><ele>9</ele></trkpt><trkpt lat="53.507554" lon="-9.564353"><ele>7.8</ele></trkpt><trkpt lat="53.507786" lon="-9.564537"><ele>7.7</ele></trkpt><trkpt lat="53.508537" lon="-9.565242"><ele>8.2</ele></trkpt><trkpt lat="53.50872" lon="-9.565418"><ele>8.3</ele></trkpt><trkpt lat="53.508946" lon="-9.565615"><ele>8.3</ele></trkpt><trkpt lat="53.509164" lon="-9.565688"><ele>8.4</ele></trkpt><trkpt lat="53.509392" lon="-9.56562"><ele>8.4</ele></trkpt><trkpt lat="53.509794" lon="-9.565312"><ele>8.5</ele></trkpt><trkpt lat="53.511293" lon="-9.564048"><ele>8.3</ele></trkpt><trkpt lat="53.511709" lon="-9.563725"><ele>8.3</ele></trkpt><trkpt lat="53.513736" lon="-9.562122"><ele>7.2</ele></trkpt><trkpt lat="53.513954" lon="-9.561946"><ele>7</ele></trkpt><trkpt lat="53.514485" lon="-9.56143"><ele>6.7</ele></trkpt><trkpt lat="53.515125" lon="-9.560704"><ele>7.2</ele></trkpt><trkpt lat="53.515313" lon="-9.560475"><ele>7.4</ele></trkpt><trkpt lat="53.515411" lon="-9.560364"><ele>7.6</ele></trkpt><trkpt lat="53.515768" lon="-9.561065"><ele>8.4</ele></trkpt><trkpt lat="53.515905" lon="-9.561295"><ele>8.8</ele></trkpt><trkpt lat="53.5161" lon="-9.56153"><ele>9.2</ele></trkpt><trkpt lat="53.516808" lon="-9.562019"><ele>10.3</ele></trkpt><trkpt lat="53.517105" lon="-9.56236"><ele>10.6</ele></trkpt><trkpt lat="53.517167" lon="-9.562456"><ele>10.7</ele></trkpt><trkpt lat="53.517172" lon="-9.562465"><ele>10.7</ele></trkpt><trkpt lat="53.517289" lon="-9.562711"><ele>10.9</ele></trkpt><trkpt lat="53.517355" lon="-9.56292"><ele>11</ele></trkpt><trkpt lat="53.517552" lon="-9.563736"><ele>11.7</ele></trkpt><trkpt lat="53.517609" lon="-9.563906"><ele>11.9</ele></trkpt><trkpt lat="53.518057" lon="-9.564904"><ele>13.3</ele></trkpt><trkpt lat="53.518157" lon="-9.565085"><ele>13.7</ele></trkpt><trkpt lat="53.518281" lon="-9.565223"><ele>14.1</ele></trkpt><trkpt lat="53.518899" lon="-9.56561"><ele>16.2</ele></trkpt><trkpt lat="53.51907" lon="-9.565805"><ele>16.9</ele></trkpt><trkpt lat="53.51911" lon="-9.565861"><ele>17.1</ele></trkpt><trkpt lat="53.51958" lon="-9.566588"><ele>19.3</ele></trkpt><trkpt lat="53.519942" lon="-9.567146"><ele>20.3</ele></trkpt><trkpt lat="53.520108" lon="-9.567524"><ele>20.7</ele></trkpt><trkpt lat="53.520172" lon="-9.567751"><ele>20.8</ele></trkpt><trkpt lat="53.520286" lon="-9.56834"><ele>20.8</ele></trkpt><trkpt lat="53.520327" lon="-9.56851"><ele>20.7</ele></trkpt><trkpt lat="53.520385" lon="-9.568736"><ele>20.5</ele></trkpt><trkpt lat="53.520527" lon="-9.569125"><ele>20</ele></trkpt><trkpt lat="53.520714" lon="-9.569504"><ele>19.4</ele></trkpt><trkpt lat="53.520848" lon="-9.569908"><ele>18.9</ele></trkpt><trkpt lat="53.520905" lon="-9.570412"><ele>18.3</ele></trkpt><trkpt lat="53.521002" lon="-9.570735"><ele>17.9</ele></trkpt><trkpt lat="53.521219" lon="-9.571066"><ele>17.4</ele></trkpt><trkpt lat="53.52177" lon="-9.571576"><ele>16.1</ele></trkpt><trkpt lat="53.52192" lon="-9.571774"><ele>15.6</ele></trkpt><trkpt lat="53.522185" lon="-9.572279"><ele>14.5</ele></trkpt><trkpt lat="53.522282" lon="-9.572574"><ele>14</ele></trkpt><trkpt lat="53.522335" lon="-9.572858"><ele>13.5</ele></trkpt><trkpt lat="53.522356" lon="-9.573341"><ele>12.6</ele></trkpt><trkpt lat="53.522329" lon="-9.5746"><ele>10.8</ele></trkpt><trkpt lat="53.52239" lon="-9.575074"><ele>10.4</ele></trkpt><trkpt lat="53.522526" lon="-9.575516"><ele>10.3</ele></trkpt><trkpt lat="53.522601" lon="-9.575729"><ele>10.2</ele></trkpt><trkpt lat="53.522898" lon="-9.576525"><ele>10.4</ele></trkpt><trkpt lat="53.523029" lon="-9.576816"><ele>10.5</ele></trkpt><trkpt lat="53.524229" lon="-9.578781"><ele>11.7</ele></trkpt><trkpt lat="53.52464" lon="-9.579619"><ele>12.2</ele></trkpt><trkpt lat="53.524879" lon="-9.580252"><ele>12.5</ele></trkpt><trkpt lat="53.52501" lon="-9.580671"><ele>12.6</ele></trkpt><trkpt lat="53.525201" lon="-9.581295"><ele>12.9</ele></trkpt><trkpt lat="53.525311" lon="-9.581576"><ele>13.1</ele></trkpt><trkpt lat="53.525598" lon="-9.582147"><ele>13.2</ele></trkpt><trkpt lat="53.525925" lon="-9.582697"><ele>13.4</ele></trkpt><trkpt lat="53.526526" lon="-9.583661"><ele>14.1</ele></trkpt><trkpt lat="53.526645" lon="-9.583868"><ele>14.4</ele></trkpt><trkpt lat="53.526666" lon="-9.583905"><ele>14.4</ele></trkpt><trkpt lat="53.52675" lon="-9.584038"><ele>14.6</ele></trkpt><trkpt lat="53.526921" lon="-9.584325"><ele>15</ele></trkpt><trkpt lat="53.528558" lon="-9.587056"><ele>24.1</ele></trkpt><trkpt lat="53.529092" lon="-9.587621"><ele>26.6</ele></trkpt><trkpt lat="53.529628" lon="-9.588108"><ele>29</ele></trkpt><trkpt lat="53.530099" lon="-9.588393"><ele>30</ele></trkpt><trkpt lat="53.530424" lon="-9.588594"><ele>30.2</ele></trkpt><trkpt lat="53.530567" lon="-9.588812"><ele>30.1</ele></trkpt><trkpt lat="53.530622" lon="-9.589098"><ele>29.9</ele></trkpt><trkpt lat="53.530617" lon="-9.589335"><ele>29.7</ele></trkpt><trkpt lat="53.530575" lon="-9.589737"><ele>29.4</ele></trkpt><trkpt lat="53.530479" lon="-9.590503"><ele>28</ele></trkpt><trkpt lat="53.530341" lon="-9.591192"><ele>26.3</ele></trkpt><trkpt lat="53.530302" lon="-9.591334"><ele>26</ele></trkpt><trkpt lat="53.530143" lon="-9.591656"><ele>25.1</ele></trkpt><trkpt lat="53.529893" lon="-9.592289"><ele>23.7</ele></trkpt><trkpt lat="53.529762" lon="-9.592714"><ele>22.9</ele></trkpt><trkpt lat="53.529725" lon="-9.593227"><ele>22.2</ele></trkpt><trkpt lat="53.529747" lon="-9.593598"><ele>21.8</ele></trkpt><trkpt lat="53.529781" lon="-9.593796"><ele>21.6</ele></trkpt><trkpt lat="53.529918" lon="-9.594405"><ele>21.3</ele></trkpt><trkpt lat="53.530257" lon="-9.595342"><ele>21.3</ele></trkpt><trkpt lat="53.530447" lon="-9.59569"><ele>21.4</ele></trkpt><trkpt lat="53.530663" lon="-9.596"><ele>21.7</ele></trkpt><trkpt lat="53.530759" lon="-9.596279"><ele>21.9</ele></trkpt><trkpt lat="53.531928" lon="-9.601389"><ele>25.3</ele></trkpt><trkpt lat="53.533203" lon="-9.606995"><ele>26</ele></trkpt><trkpt lat="53.533635" lon="-9.610084"><ele>24.3</ele></trkpt><trkpt lat="53.533718" lon="-9.61052"><ele>24</ele></trkpt><trkpt lat="53.53385" lon="-9.610887"><ele>23.6</ele></trkpt><trkpt lat="53.534679" lon="-9.612677"><ele>21.4</ele></trkpt><trkpt lat="53.534873" lon="-9.613096"><ele>21.2</ele></trkpt><trkpt lat="53.53492" lon="-9.613198"><ele>21.1</ele></trkpt><trkpt lat="53.535188" lon="-9.613761"><ele>21.2</ele></trkpt><trkpt lat="53.535392" lon="-9.614019"><ele>21.6</ele></trkpt><trkpt lat="53.535779" lon="-9.614206"><ele>22.5</ele></trkpt><trkpt lat="53.536247" lon="-9.61436"><ele>24.4</ele></trkpt><trkpt lat="53.536458" lon="-9.614323"><ele>25.5</ele></trkpt><trkpt lat="53.537247" lon="-9.61363"><ele>30.7</ele></trkpt><trkpt lat="53.537417" lon="-9.613599"><ele>31.6</ele></trkpt><trkpt lat="53.537659" lon="-9.613673"><ele>32.9</ele></trkpt><trkpt lat="53.538155" lon="-9.614165"><ele>35.5</ele></trkpt><trkpt lat="53.538608" lon="-9.614481"><ele>36.9</ele></trkpt><trkpt lat="53.538785" lon="-9.614647"><ele>37.3</ele></trkpt><trkpt lat="53.538949" lon="-9.614855"><ele>37.5</ele></trkpt><trkpt lat="53.539613" lon="-9.615797"><ele>38</ele></trkpt><trkpt lat="53.539798" lon="-9.616013"><ele>38.1</ele></trkpt><trkpt lat="53.540206" lon="-9.616374"><ele>38.6</ele></trkpt><trkpt lat="53.5406" lon="-9.616575"><ele>39.2</ele></trkpt><trkpt lat="53.541206" lon="-9.616764"><ele>39.6</ele></trkpt><trkpt lat="53.541385" lon="-9.616903"><ele>39.6</ele></trkpt><trkpt lat="53.542336" lon="-9.618204"><ele>36.6</ele></trkpt><trkpt lat="53.542699" lon="-9.618772"><ele>34.7</ele></trkpt><trkpt lat="53.543075" lon="-9.619233"><ele>33</ele></trkpt><trkpt lat="53.543185" lon="-9.619303"><ele>32.5</ele></trkpt><trkpt lat="53.54358" lon="-9.619768"><ele>30.9</ele></trkpt><trkpt lat="53.54372" lon="-9.620012"><ele>30.2</ele></trkpt><trkpt lat="53.544056" lon="-9.62076"><ele>28.3</ele></trkpt><trkpt lat="53.544193" lon="-9.621009"><ele>27.6</ele></trkpt><trkpt lat="53.544616" lon="-9.621355"><ele>26.2</ele></trkpt><trkpt lat="53.544755" lon="-9.621647"><ele>25.6</ele></trkpt><trkpt lat="53.545029" lon="-9.622028"><ele>24.8</ele></trkpt><trkpt lat="53.545545" lon="-9.622539"><ele>23.9</ele></trkpt><trkpt lat="53.545804" lon="-9.622787"><ele>23.7</ele></trkpt><trkpt lat="53.546608" lon="-9.623742"><ele>24</ele></trkpt><trkpt lat="53.546818" lon="-9.624041"><ele>24.1</ele></trkpt><trkpt lat="53.547185" lon="-9.625031"><ele>24.4</ele></trkpt><trkpt lat="53.547262" lon="-9.625257"><ele>24.4</ele></trkpt><trkpt lat="53.547432" lon="-9.625704"><ele>24.5</ele></trkpt><trkpt lat="53.547601" lon="-9.626151"><ele>24.4</ele></trkpt><trkpt lat="53.549228" lon="-9.630893"><ele>23.5</ele></trkpt><trkpt lat="53.550248" lon="-9.633273"><ele>20.3</ele></trkpt><trkpt lat="53.550386" lon="-9.633541"><ele>20</ele></trkpt><trkpt lat="53.55054" lon="-9.633746"><ele>19.8</ele></trkpt><trkpt lat="53.551408" lon="-9.634678"><ele>19.6</ele></trkpt><trkpt lat="53.55185" lon="-9.635075"><ele>19.6</ele></trkpt><trkpt lat="53.552271" lon="-9.635269"><ele>19.9</ele></trkpt><trkpt lat="53.552524" lon="-9.635406"><ele>20.1</ele></trkpt><trkpt lat="53.552746" lon="-9.635579"><ele>20.4</ele></trkpt><trkpt lat="53.553007" lon="-9.635859"><ele>21</ele></trkpt><trkpt lat="53.553319" lon="-9.636296"><ele>21.7</ele></trkpt><trkpt lat="53.553692" lon="-9.637012"><ele>22.9</ele></trkpt><trkpt lat="53.553918" lon="-9.637536"><ele>23.6</ele></trkpt><trkpt lat="53.55413" lon="-9.638148"><ele>24.2</ele></trkpt><trkpt lat="53.554604" lon="-9.639843"><ele>25.4</ele></trkpt><trkpt lat="53.554735" lon="-9.640197"><ele>25.7</ele></trkpt><trkpt lat="53.554988" lon="-9.640561"><ele>26</ele></trkpt><trkpt lat="53.556159" lon="-9.641822"><ele>27.8</ele></trkpt><trkpt lat="53.556283" lon="-9.642065"><ele>28</ele></trkpt><trkpt lat="53.556375" lon="-9.642392"><ele>28.3</ele></trkpt><trkpt lat="53.556439" lon="-9.642793"><ele>28.6</ele></trkpt><trkpt lat="53.556589" lon="-9.643471"><ele>29.3</ele></trkpt><trkpt lat="53.556941" lon="-9.644136"><ele>30</ele></trkpt><trkpt lat="53.557116" lon="-9.644343"><ele>30.3</ele></trkpt><trkpt lat="53.557313" lon="-9.644456"><ele>30.5</ele></trkpt><trkpt lat="53.557734" lon="-9.644521"><ele>30.8</ele></trkpt><trkpt lat="53.557865" lon="-9.644647"><ele>30.9</ele></trkpt><trkpt lat="53.557976" lon="-9.644895"><ele>31</ele></trkpt><trkpt lat="53.558228" lon="-9.645848"><ele>31.2</ele></trkpt><trkpt lat="53.558533" lon="-9.646642"><ele>31.2</ele></trkpt><trkpt lat="53.558634" lon="-9.64683"><ele>31.2</ele></trkpt><trkpt lat="53.559076" lon="-9.647655"><ele>31.6</ele></trkpt><trkpt lat="53.55947" lon="-9.648216"><ele>32.2</ele></trkpt><trkpt lat="53.559571" lon="-9.648298"><ele>32.4</ele></trkpt><trkpt lat="53.55979" lon="-9.648401"><ele>32.7</ele></trkpt><trkpt lat="53.561243" lon="-9.648545"><ele>35.1</ele></trkpt><trkpt lat="53.562891" lon="-9.64881"><ele>36.6</ele></trkpt><trkpt lat="53.563086" lon="-9.648893"><ele>36.7</ele></trkpt><trkpt lat="53.563507" lon="-9.649277"><ele>37</ele></trkpt><trkpt lat="53.564193" lon="-9.650032"><ele>37.8</ele></trkpt><trkpt lat="53.564397" lon="-9.650131"><ele>37.9</ele></trkpt><trkpt lat="53.564782" lon="-9.650162"><ele>38.1</ele></trkpt><trkpt lat="53.565015" lon="-9.650281"><ele>38.1</ele></trkpt><trkpt lat="53.565136" lon="-9.650397"><ele>38</ele></trkpt><trkpt lat="53.565516" lon="-9.651015"><ele>37.9</ele></trkpt><trkpt lat="53.565661" lon="-9.651366"><ele>37.9</ele></trkpt><trkpt lat="53.565913" lon="-9.651924"><ele>37.9</ele></trkpt><trkpt lat="53.566957" lon="-9.653078"><ele>39.2</ele></trkpt><trkpt lat="53.567378" lon="-9.6535"><ele>40</ele></trkpt><trkpt lat="53.568125" lon="-9.654316"><ele>41.6</ele></trkpt><trkpt lat="53.570028" lon="-9.656569"><ele>47.6</ele></trkpt><trkpt lat="53.570093" lon="-9.65669"><ele>47.8</ele></trkpt><trkpt lat="53.57065" lon="-9.657339"><ele>49</ele></trkpt><trkpt lat="53.571136" lon="-9.657932"><ele>49.8</ele></trkpt><trkpt lat="53.571513" lon="-9.658498"><ele>50.4</ele></trkpt><trkpt lat="53.572091" lon="-9.659527"><ele>51.6</ele></trkpt><trkpt lat="53.572319" lon="-9.660124"><ele>52.5</ele></trkpt><trkpt lat="53.572518" lon="-9.661018"><ele>54</ele></trkpt><trkpt lat="53.572654" lon="-9.661344"><ele>54.7</ele></trkpt><trkpt lat="53.572772" lon="-9.661527"><ele>55.2</ele></trkpt><trkpt lat="53.573005" lon="-9.661741"><ele>56.1</ele></trkpt><trkpt lat="53.573465" lon="-9.661977"><ele>57.7</ele></trkpt><trkpt lat="53.57431" lon="-9.662579"><ele>60.2</ele></trkpt><trkpt lat="53.574556" lon="-9.662842"><ele>60.8</ele></trkpt><trkpt lat="53.575201" lon="-9.663668"><ele>63</ele></trkpt><trkpt lat="53.575538" lon="-9.664047"><ele>64.4</ele></trkpt><trkpt lat="53.576405" lon="-9.664991"><ele>68.2</ele></trkpt><trkpt lat="53.576767" lon="-9.665271"><ele>69.3</ele></trkpt><trkpt lat="53.576959" lon="-9.665437"><ele>69.7</ele></trkpt><trkpt lat="53.577268" lon="-9.665862"><ele>70.3</ele></trkpt><trkpt lat="53.57816" lon="-9.666967"><ele>70.8</ele></trkpt><trkpt lat="53.578227" lon="-9.667064"><ele>70.8</ele></trkpt><trkpt lat="53.578698" lon="-9.667659"><ele>71.2</ele></trkpt><trkpt lat="53.579425" lon="-9.66838"><ele>72.2</ele></trkpt><trkpt lat="53.580025" lon="-9.669067"><ele>73.6</ele></trkpt><trkpt lat="53.580402" lon="-9.669334"><ele>74.3</ele></trkpt><trkpt lat="53.580812" lon="-9.669538"><ele>74.9</ele></trkpt><trkpt lat="53.581051" lon="-9.669738"><ele>75.1</ele></trkpt><trkpt lat="53.581621" lon="-9.670558"><ele>74.8</ele></trkpt><trkpt lat="53.581736" lon="-9.670882"><ele>74.6</ele></trkpt><trkpt lat="53.581772" lon="-9.671064"><ele>74.4</ele></trkpt><trkpt lat="53.581786" lon="-9.671293"><ele>74.2</ele></trkpt><trkpt lat="53.581669" lon="-9.673426"><ele>72.5</ele></trkpt><trkpt lat="53.581646" lon="-9.674142"><ele>72.4</ele></trkpt><trkpt lat="53.581659" lon="-9.674356"><ele>72.3</ele></trkpt><trkpt lat="53.581752" lon="-9.674727"><ele>72.2</ele></trkpt><trkpt lat="53.58199" lon="-9.675419"><ele>72</ele></trkpt><trkpt lat="53.582245" lon="-9.676167"><ele>71.7</ele></trkpt><trkpt lat="53.582396" lon="-9.676529"><ele>71.3</ele></trkpt><trkpt lat="53.582674" lon="-9.677117"><ele>70.8</ele></trkpt><trkpt lat="53.582912" lon="-9.67754"><ele>70.3</ele></trkpt><trkpt lat="53.583151" lon="-9.678089"><ele>69.9</ele></trkpt><trkpt lat="53.583527" lon="-9.678818"><ele>69.2</ele></trkpt><trkpt lat="53.583858" lon="-9.679233"><ele>68.8</ele></trkpt><trkpt lat="53.584724" lon="-9.680063"><ele>67.9</ele></trkpt><trkpt lat="53.585297" lon="-9.681"><ele>67.5</ele></trkpt><trkpt lat="53.585369" lon="-9.681179"><ele>67.5</ele></trkpt><trkpt lat="53.585507" lon="-9.681714"><ele>67.4</ele></trkpt><trkpt lat="53.585727" lon="-9.682964"><ele>66.4</ele></trkpt><trkpt lat="53.58593" lon="-9.683772"><ele>64.6</ele></trkpt><trkpt lat="53.586047" lon="-9.684091"><ele>63.5</ele></trkpt><trkpt lat="53.586197" lon="-9.684347"><ele>62.4</ele></trkpt><trkpt lat="53.586273" lon="-9.684442"><ele>61.8</ele></trkpt><trkpt lat="53.586458" lon="-9.684579"><ele>60.5</ele></trkpt><trkpt lat="53.587309" lon="-9.685124"><ele>54.5</ele></trkpt><trkpt lat="53.587449" lon="-9.685248"><ele>53.5</ele></trkpt><trkpt lat="53.588219" lon="-9.686188"><ele>47.8</ele></trkpt><trkpt lat="53.589509" lon="-9.687904"><ele>38.4</ele></trkpt><trkpt lat="53.589905" lon="-9.688392"><ele>35.3</ele></trkpt><trkpt lat="53.590261" lon="-9.688686"><ele>32.8</ele></trkpt><trkpt lat="53.590639" lon="-9.688875"><ele>30.6</ele></trkpt><trkpt lat="53.591112" lon="-9.689424"><ele>27.9</ele></trkpt><trkpt lat="53.591277" lon="-9.689672"><ele>27.1</ele></trkpt><trkpt lat="53.591359" lon="-9.689795"><ele>26.8</ele></trkpt><trkpt lat="53.591387" lon="-9.689839"><ele>26.6</ele></trkpt><trkpt lat="53.591826" lon="-9.690449"><ele>25.4</ele></trkpt><trkpt lat="53.592105" lon="-9.690864"><ele>24.9</ele></trkpt><trkpt lat="53.592208" lon="-9.690973"><ele>24.7</ele></trkpt><trkpt lat="53.592388" lon="-9.691138"><ele>24.2</ele></trkpt><trkpt lat="53.592566" lon="-9.691241"><ele>23.8</ele></trkpt><trkpt lat="53.592843" lon="-9.691476"><ele>22.8</ele></trkpt><trkpt lat="53.593207" lon="-9.691771"><ele>21.4</ele></trkpt><trkpt lat="53.593302" lon="-9.69181"><ele>21</ele></trkpt><trkpt lat="53.594107" lon="-9.691804"><ele>17.1</ele></trkpt><trkpt lat="53.594422" lon="-9.691988"><ele>15.1</ele></trkpt><trkpt lat="53.595158" lon="-9.692482"><ele>11.4</ele></trkpt><trkpt lat="53.595452" lon="-9.692935"><ele>9.9</ele></trkpt><trkpt lat="53.595628" lon="-9.6933"><ele>9.3</ele></trkpt><trkpt lat="53.595766" lon="-9.693832"><ele>8.9</ele></trkpt><trkpt lat="53.595888" lon="-9.694212"><ele>8.8</ele></trkpt><trkpt lat="53.595775" lon="-9.694434"><ele>8.8</ele></trkpt><trkpt lat="53.595709" lon="-9.69481"><ele>8.9</ele></trkpt><trkpt lat="53.595693" lon="-9.695072"><ele>8.8</ele></trkpt><trkpt lat="53.595688" lon="-9.695161"><ele>8.8</ele></trkpt><trkpt lat="53.595692" lon="-9.695568"><ele>8.2</ele></trkpt><trkpt lat="53.595688" lon="-9.695161"><ele>7.7</ele></trkpt><trkpt lat="53.595693" lon="-9.695072"><ele>7.6</ele></trkpt><trkpt lat="53.595709" lon="-9.69481"><ele>7.4</ele></trkpt><trkpt lat="53.595775" lon="-9.694434"><ele>6.8</ele></trkpt><trkpt lat="53.595888" lon="-9.694212"><ele>6.3</ele></trkpt><trkpt lat="53.595976" lon="-9.694115"><ele>6.1</ele></trkpt><trkpt lat="53.596234" lon="-9.694021"><ele>5.4</ele></trkpt><trkpt lat="53.596806" lon="-9.693936"><ele>4.3</ele></trkpt><trkpt lat="53.59765" lon="-9.693816"><ele>5.7</ele></trkpt><trkpt lat="53.598245" lon="-9.693576"><ele>7.2</ele></trkpt><trkpt lat="53.598264" lon="-9.693567"><ele>7.2</ele></trkpt><trkpt lat="53.598516" lon="-9.693363"><ele>7.9</ele></trkpt><trkpt lat="53.599545" lon="-9.692305"><ele>9.5</ele></trkpt><trkpt lat="53.599863" lon="-9.69208"><ele>9.8</ele></trkpt><trkpt lat="53.600234" lon="-9.69197"><ele>10.2</ele></trkpt><trkpt lat="53.600823" lon="-9.691659"><ele>10.9</ele></trkpt><trkpt lat="53.602405" lon="-9.691197"><ele>14.2</ele></trkpt><trkpt lat="53.602826" lon="-9.691032"><ele>15.4</ele></trkpt><trkpt lat="53.603084" lon="-9.690883"><ele>16.2</ele></trkpt><trkpt lat="53.603178" lon="-9.690819"><ele>16.5</ele></trkpt><trkpt lat="53.603538" lon="-9.690576"><ele>17.9</ele></trkpt><trkpt lat="53.604146" lon="-9.689996"><ele>21.1</ele></trkpt><trkpt lat="53.604399" lon="-9.689706"><ele>22.2</ele></trkpt><trkpt lat="53.604698" lon="-9.689165"><ele>23.7</ele></trkpt><trkpt lat="53.605993" lon="-9.687151"><ele>26.5</ele></trkpt><trkpt lat="53.606331" lon="-9.686511"><ele>27</ele></trkpt><trkpt lat="53.606612" lon="-9.685743"><ele>28.1</ele></trkpt><trkpt lat="53.606969" lon="-9.684242"><ele>30.2</ele></trkpt><trkpt lat="53.607097" lon="-9.683837"><ele>30.8</ele></trkpt><trkpt lat="53.607828" lon="-9.681968"><ele>29.6</ele></trkpt><trkpt lat="53.608755" lon="-9.68003"><ele>24.7</ele></trkpt><trkpt lat="53.609019" lon="-9.679208"><ele>23.4</ele></trkpt><trkpt lat="53.609083" lon="-9.678923"><ele>22.9</ele></trkpt><trkpt lat="53.609082" lon="-9.678639"><ele>22.6</ele></trkpt><trkpt lat="53.609039" lon="-9.678263"><ele>22</ele></trkpt><trkpt lat="53.608991" lon="-9.677973"><ele>21.6</ele></trkpt><trkpt lat="53.608897" lon="-9.677739"><ele>21.2</ele></trkpt><trkpt lat="53.608707" lon="-9.677313"><ele>20.2</ele></trkpt><trkpt lat="53.606961" lon="-9.674477"><ele>9.7</ele></trkpt><trkpt lat="53.606805" lon="-9.67414"><ele>8.5</ele></trkpt><trkpt lat="53.606686" lon="-9.6738"><ele>7.6</ele></trkpt><trkpt lat="53.606639" lon="-9.673446"><ele>6.9</ele></trkpt><trkpt lat="53.606646" lon="-9.673115"><ele>6.4</ele></trkpt><trkpt lat="53.606731" lon="-9.672529"><ele>5.8</ele></trkpt><trkpt lat="53.606746" lon="-9.672451"><ele>5.7</ele></trkpt><trkpt lat="53.606803" lon="-9.672159"><ele>5.5</ele></trkpt><trkpt lat="53.606838" lon="-9.672007"><ele>5.5</ele></trkpt><trkpt lat="53.606973" lon="-9.671722"><ele>5.4</ele></trkpt><trkpt lat="53.607186" lon="-9.67147"><ele>5.3</ele></trkpt><trkpt lat="53.607369" lon="-9.671308"><ele>5.3</ele></trkpt><trkpt lat="53.607545" lon="-9.671233"><ele>5.5</ele></trkpt><trkpt lat="53.607846" lon="-9.671177"><ele>5.6</ele></trkpt><trkpt lat="53.608073" lon="-9.671081"><ele>5.6</ele></trkpt><trkpt lat="53.608377" lon="-9.670847"><ele>5.5</ele></trkpt><trkpt lat="53.60862" lon="-9.670731"><ele>5.4</ele></trkpt><trkpt lat="53.609005" lon="-9.670696"><ele>5</ele></trkpt><trkpt lat="53.610357" lon="-9.670746"><ele>4.7</ele></trkpt><trkpt lat="53.61112" lon="-9.670817"><ele>5.5</ele></trkpt><trkpt lat="53.611497" lon="-9.670793"><ele>6.1</ele></trkpt><trkpt lat="53.611763" lon="-9.670731"><ele>6.6</ele></trkpt><trkpt lat="53.611933" lon="-9.670655"><ele>7</ele></trkpt><trkpt lat="53.612092" lon="-9.670462"><ele>7.5</ele></trkpt><trkpt lat="53.612424" lon="-9.669637"><ele>8.4</ele></trkpt><trkpt lat="53.612665" lon="-9.669221"><ele>9</ele></trkpt><trkpt lat="53.612817" lon="-9.669079"><ele>9.2</ele></trkpt><trkpt lat="53.613251" lon="-9.668849"><ele>9.2</ele></trkpt><trkpt lat="53.613351" lon="-9.668765"><ele>9.1</ele></trkpt><trkpt lat="53.613514" lon="-9.668522"><ele>9</ele></trkpt><trkpt lat="53.613702" lon="-9.668734"><ele>8.4</ele></trkpt><trkpt lat="53.6143" lon="-9.669116"><ele>6.9</ele></trkpt><trkpt lat="53.61439" lon="-9.669272"><ele>6.6</ele></trkpt><trkpt lat="53.614525" lon="-9.669824"><ele>5.7</ele></trkpt><trkpt lat="53.614602" lon="-9.66995"><ele>5.6</ele></trkpt><trkpt lat="53.614804" lon="-9.670114"><ele>5.3</ele></trkpt><trkpt lat="53.616151" lon="-9.670455"><ele>6.8</ele></trkpt><trkpt lat="53.616471" lon="-9.670671"><ele>7.6</ele></trkpt><trkpt lat="53.616715" lon="-9.670733"><ele>8.3</ele></trkpt><trkpt lat="53.617343" lon="-9.670838"><ele>8.9</ele></trkpt><trkpt lat="53.617645" lon="-9.670716"><ele>8.9</ele></trkpt><trkpt lat="53.617766" lon="-9.670713"><ele>9</ele></trkpt><trkpt lat="53.617808" lon="-9.670772"><ele>8.9</ele></trkpt><trkpt lat="53.617875" lon="-9.670868"><ele>9</ele></trkpt><trkpt lat="53.617925" lon="-9.670983"><ele>9</ele></trkpt><trkpt lat="53.618043" lon="-9.671454"><ele>9.2</ele></trkpt><trkpt lat="53.618201" lon="-9.671886"><ele>9.4</ele></trkpt><trkpt lat="53.618224" lon="-9.672072"><ele>9.4</ele></trkpt><trkpt lat="53.61817" lon="-9.672408"><ele>9.4</ele></trkpt><trkpt lat="53.618003" lon="-9.672734"><ele>9.4</ele></trkpt><trkpt lat="53.617878" lon="-9.672902"><ele>9.5</ele></trkpt><trkpt lat="53.61734" lon="-9.673374"><ele>10.3</ele></trkpt><trkpt lat="53.617274" lon="-9.67342"><ele>10.3</ele></trkpt><trkpt lat="53.616393" lon="-9.67397"><ele>9.3</ele></trkpt><trkpt lat="53.615943" lon="-9.674331"><ele>8</ele></trkpt><trkpt lat="53.615348" lon="-9.675071"><ele>5.8</ele></trkpt><trkpt lat="53.614941" lon="-9.675716"><ele>4.2</ele></trkpt><trkpt lat="53.614846" lon="-9.675922"><ele>3.9</ele></trkpt><trkpt lat="53.614727" lon="-9.676182"><ele>3.5</ele></trkpt><trkpt lat="53.614443" lon="-9.676924"><ele>2.9</ele></trkpt><trkpt lat="53.613964" lon="-9.678463"><ele>3.2</ele></trkpt><trkpt lat="53.613906" lon="-9.678603"><ele>3.3</ele></trkpt><trkpt lat="53.613838" lon="-9.678689"><ele>3.4</ele></trkpt><trkpt lat="53.613777" lon="-9.67874"><ele>3.4</ele></trkpt><trkpt lat="53.613466" lon="-9.67895"><ele>3.6</ele></trkpt><trkpt lat="53.613188" lon="-9.679096"><ele>3.7</ele></trkpt><trkpt lat="53.612872" lon="-9.679258"><ele>3.7</ele></trkpt><trkpt lat="53.612268" lon="-9.679544"><ele>3.1</ele></trkpt><trkpt lat="53.611816" lon="-9.679676"><ele>2.4</ele></trkpt><trkpt lat="53.611688" lon="-9.679765"><ele>2.2</ele></trkpt><trkpt lat="53.611372" lon="-9.680135"><ele>1.7</ele></trkpt><trkpt lat="53.611241" lon="-9.680399"><ele>1.5</ele></trkpt><trkpt lat="53.610859" lon="-9.681401"><ele>1.6</ele></trkpt><trkpt lat="53.610732" lon="-9.681717"><ele>1.7</ele></trkpt><trkpt lat="53.610504" lon="-9.682222"><ele>2.1</ele></trkpt><trkpt lat="53.610333" lon="-9.682568"><ele>2.3</ele></trkpt><trkpt lat="53.610287" lon="-9.682662"><ele>2.4</ele></trkpt><trkpt lat="53.610082" lon="-9.683072"><ele>2.7</ele></trkpt><trkpt lat="53.610045" lon="-9.68315"><ele>2.7</ele></trkpt><trkpt lat="53.609917" lon="-9.68341"><ele>2.9</ele></trkpt><trkpt lat="53.609639" lon="-9.684"><ele>2.9</ele></trkpt><trkpt lat="53.609266" lon="-9.684812"><ele>2.6</ele></trkpt><trkpt lat="53.608912" lon="-9.685597"><ele>2.5</ele></trkpt><trkpt lat="53.608609" lon="-9.686346"><ele>2.6</ele></trkpt><trkpt lat="53.608522" lon="-9.686655"><ele>2.5</ele></trkpt><trkpt lat="53.608291" lon="-9.687726"><ele>2.6</ele></trkpt><trkpt lat="53.608108" lon="-9.688294"><ele>2.5</ele></trkpt><trkpt lat="53.607877" lon="-9.689015"><ele>2.6</ele></trkpt><trkpt lat="53.607821" lon="-9.689188"><ele>2.7</ele></trkpt><trkpt lat="53.607555" lon="-9.689964"><ele>3.3</ele></trkpt><trkpt lat="53.607269" lon="-9.690851"><ele>3.9</ele></trkpt><trkpt lat="53.607234" lon="-9.691051"><ele>4</ele></trkpt><trkpt lat="53.607218" lon="-9.691326"><ele>4</ele></trkpt><trkpt lat="53.60714" lon="-9.691688"><ele>4.1</ele></trkpt><trkpt lat="53.606972" lon="-9.692048"><ele>4.1</ele></trkpt><trkpt lat="53.606724" lon="-9.692398"><ele>3.9</ele></trkpt><trkpt lat="53.606324" lon="-9.693151"><ele>3.7</ele></trkpt><trkpt lat="53.606033" lon="-9.693639"><ele>4.1</ele></trkpt><trkpt lat="53.605885" lon="-9.693988"><ele>4.5</ele></trkpt><trkpt lat="53.605584" lon="-9.694957"><ele>5.9</ele></trkpt><trkpt lat="53.605061" lon="-9.696481"><ele>7.6</ele></trkpt><trkpt lat="53.604872" lon="-9.697414"><ele>7.2</ele></trkpt><trkpt lat="53.604635" lon="-9.698956"><ele>5.6</ele></trkpt><trkpt lat="53.604546" lon="-9.700049"><ele>4.2</ele></trkpt><trkpt lat="53.604542" lon="-9.700102"><ele>4.1</ele></trkpt><trkpt lat="53.604481" lon="-9.700933"><ele>3.1</ele></trkpt><trkpt lat="53.604538" lon="-9.701728"><ele>2.4</ele></trkpt><trkpt lat="53.604849" lon="-9.703355"><ele>2.9</ele></trkpt><trkpt lat="53.605024" lon="-9.704095"><ele>3.5</ele></trkpt><trkpt lat="53.605162" lon="-9.704564"><ele>3.9</ele></trkpt><trkpt lat="53.605192" lon="-9.704672"><ele>3.9</ele></trkpt><trkpt lat="53.60526" lon="-9.705051"><ele>4</ele></trkpt><trkpt lat="53.605259" lon="-9.705583"><ele>4.1</ele></trkpt><trkpt lat="53.605174" lon="-9.706474"><ele>3.9</ele></trkpt><trkpt lat="53.605063" lon="-9.707011"><ele>3.5</ele></trkpt><trkpt lat="53.605038" lon="-9.70729"><ele>3.3</ele></trkpt><trkpt lat="53.605016" lon="-9.708689"><ele>2.6</ele></trkpt><trkpt lat="53.605015" lon="-9.708743"><ele>2.5</ele></trkpt><trkpt lat="53.605016" lon="-9.709073"><ele>2.5</ele></trkpt><trkpt lat="53.605075" lon="-9.709608"><ele>2.4</ele></trkpt><trkpt lat="53.605088" lon="-9.710049"><ele>2.4</ele></trkpt><trkpt lat="53.605013" lon="-9.710763"><ele>2.3</ele></trkpt><trkpt lat="53.605006" lon="-9.711005"><ele>2.2</ele></trkpt><trkpt lat="53.605054" lon="-9.711555"><ele>2.2</ele></trkpt><trkpt lat="53.60515" lon="-9.712169"><ele>2.2</ele></trkpt><trkpt lat="53.605106" lon="-9.712881"><ele>2.3</ele></trkpt><trkpt lat="53.605104" lon="-9.712943"><ele>2.3</ele></trkpt><trkpt lat="53.605054" lon="-9.71391"><ele>2.6</ele></trkpt><trkpt lat="53.605066" lon="-9.715541"><ele>3.2</ele></trkpt><trkpt lat="53.605019" lon="-9.715801"><ele>3.3</ele></trkpt><trkpt lat="53.605" lon="-9.715867"><ele>3.3</ele></trkpt><trkpt lat="53.604777" lon="-9.716959"><ele>3.9</ele></trkpt><trkpt lat="53.604666" lon="-9.71811"><ele>4.7</ele></trkpt><trkpt lat="53.604618" lon="-9.718405"><ele>4.9</ele></trkpt><trkpt lat="53.604529" lon="-9.719906"><ele>6</ele></trkpt><trkpt lat="53.604346" lon="-9.721407"><ele>7.5</ele></trkpt><trkpt lat="53.604384" lon="-9.722812"><ele>8.3</ele></trkpt><trkpt lat="53.60417" lon="-9.723812"><ele>9</ele></trkpt><trkpt lat="53.604151" lon="-9.723995"><ele>9.2</ele></trkpt><trkpt lat="53.604135" lon="-9.724374"><ele>9.4</ele></trkpt><trkpt lat="53.604151" lon="-9.725945"><ele>11.2</ele></trkpt><trkpt lat="53.604237" lon="-9.727609"><ele>14.3</ele></trkpt><trkpt lat="53.604237" lon="-9.728383"><ele>15.3</ele></trkpt><trkpt lat="53.604188" lon="-9.730296"><ele>15.6</ele></trkpt><trkpt lat="53.60415" lon="-9.730752"><ele>15.2</ele></trkpt><trkpt lat="53.604083" lon="-9.731193"><ele>14.8</ele></trkpt><trkpt lat="53.603895" lon="-9.732118"><ele>14.3</ele></trkpt><trkpt lat="53.603785" lon="-9.732845"><ele>14.4</ele></trkpt><trkpt lat="53.603627" lon="-9.734917"><ele>18.3</ele></trkpt><trkpt lat="53.603617" lon="-9.735311"><ele>19.2</ele></trkpt><trkpt lat="53.603645" lon="-9.735534"><ele>19.6</ele></trkpt><trkpt lat="53.6038" lon="-9.736177"><ele>20.8</ele></trkpt><trkpt lat="53.604098" lon="-9.737557"><ele>21.5</ele></trkpt><trkpt lat="53.604393" lon="-9.73921"><ele>19.7</ele></trkpt><trkpt lat="53.604443" lon="-9.739516"><ele>19.5</ele></trkpt><trkpt lat="53.604582" lon="-9.740378"><ele>19.4</ele></trkpt><trkpt lat="53.604814" lon="-9.741837"><ele>21.1</ele></trkpt><trkpt lat="53.604941" lon="-9.74214"><ele>21.7</ele></trkpt><trkpt lat="53.605098" lon="-9.742352"><ele>22.2</ele></trkpt><trkpt lat="53.60527" lon="-9.742514"><ele>22.4</ele></trkpt><trkpt lat="53.605733" lon="-9.742833"><ele>22.6</ele></trkpt><trkpt lat="53.606177" lon="-9.743394"><ele>21.8</ele></trkpt><trkpt lat="53.60625" lon="-9.743489"><ele>21.6</ele></trkpt><trkpt lat="53.606315" lon="-9.74362"><ele>21.3</ele></trkpt><trkpt lat="53.606363" lon="-9.743921"><ele>20.9</ele></trkpt><trkpt lat="53.606373" lon="-9.745125"><ele>19.1</ele></trkpt><trkpt lat="53.606761" lon="-9.747204"><ele>15.8</ele></trkpt><trkpt lat="53.607028" lon="-9.748521"><ele>12.4</ele></trkpt><trkpt lat="53.607387" lon="-9.750589"><ele>7</ele></trkpt><trkpt lat="53.607441" lon="-9.750895"><ele>6.5</ele></trkpt><trkpt lat="53.607509" lon="-9.751118"><ele>6.3</ele></trkpt><trkpt lat="53.607618" lon="-9.751415"><ele>6</ele></trkpt><trkpt lat="53.607712" lon="-9.751627"><ele>5.9</ele></trkpt><trkpt lat="53.607819" lon="-9.751747"><ele>5.8</ele></trkpt><trkpt lat="53.607954" lon="-9.751704"><ele>5.8</ele></trkpt><trkpt lat="53.608441" lon="-9.751396"><ele>6.2</ele></trkpt><trkpt lat="53.608593" lon="-9.751385"><ele>6.4</ele></trkpt><trkpt lat="53.609666" lon="-9.751701"><ele>8.2</ele></trkpt><trkpt lat="53.609827" lon="-9.751749"><ele>8.5</ele></trkpt><trkpt lat="53.610016" lon="-9.751775"><ele>8.8</ele></trkpt><trkpt lat="53.61023" lon="-9.751745"><ele>9.2</ele></trkpt><trkpt lat="53.610642" lon="-9.751432"><ele>10.2</ele></trkpt><trkpt lat="53.610866" lon="-9.751336"><ele>10.8</ele></trkpt><trkpt lat="53.611153" lon="-9.751342"><ele>11.6</ele></trkpt><trkpt lat="53.611806" lon="-9.751572"><ele>13.5</ele></trkpt><trkpt lat="53.612065" lon="-9.751587"><ele>14.2</ele></trkpt><trkpt lat="53.612325" lon="-9.751551"><ele>14.8</ele></trkpt><trkpt lat="53.613388" lon="-9.751328"><ele>16.7</ele></trkpt><trkpt lat="53.61353" lon="-9.751301"><ele>16.9</ele></trkpt><trkpt lat="53.613759" lon="-9.751322"><ele>17.3</ele></trkpt><trkpt lat="53.616899" lon="-9.752158"><ele>22.9</ele></trkpt><trkpt lat="53.617124" lon="-9.752252"><ele>23.2</ele></trkpt><trkpt lat="53.61763" lon="-9.752587"><ele>24</ele></trkpt><trkpt lat="53.617759" lon="-9.752641"><ele>24.2</ele></trkpt><trkpt lat="53.617995" lon="-9.752663"><ele>24.6</ele></trkpt><trkpt lat="53.619208" lon="-9.752451"><ele>26.6</ele></trkpt><trkpt lat="53.619974" lon="-9.752247"><ele>27.6</ele></trkpt><trkpt lat="53.620058" lon="-9.752238"><ele>27.6</ele></trkpt><trkpt lat="53.620239" lon="-9.752323"><ele>27.8</ele></trkpt><trkpt lat="53.621615" lon="-9.753732"><ele>27.9</ele></trkpt><trkpt lat="53.621888" lon="-9.753927"><ele>27.7</ele></trkpt><trkpt lat="53.622658" lon="-9.753807"><ele>26.9</ele></trkpt><trkpt lat="53.623092" lon="-9.753644"><ele>26.5</ele></trkpt><trkpt lat="53.623353" lon="-9.753419"><ele>26.3</ele></trkpt><trkpt lat="53.623519" lon="-9.753106"><ele>26.3</ele></trkpt><trkpt lat="53.623559" lon="-9.752918"><ele>26.3</ele></trkpt><trkpt lat="53.623521" lon="-9.752492"><ele>26.4</ele></trkpt><trkpt lat="53.623551" lon="-9.752235"><ele>26.6</ele></trkpt><trkpt lat="53.623598" lon="-9.752138"><ele>26.6</ele></trkpt><trkpt lat="53.623955" lon="-9.751673"><ele>27.2</ele></trkpt><trkpt lat="53.624247" lon="-9.751437"><ele>27.7</ele></trkpt><trkpt lat="53.624828" lon="-9.751199"><ele>28.5</ele></trkpt><trkpt lat="53.625601" lon="-9.750852"><ele>29.4</ele></trkpt><trkpt lat="53.626088" lon="-9.750376"><ele>29.6</ele></trkpt><trkpt lat="53.626764" lon="-9.749856"><ele>29.5</ele></trkpt><trkpt lat="53.627287" lon="-9.749548"><ele>29.6</ele></trkpt><trkpt lat="53.628568" lon="-9.748838"><ele>31.5</ele></trkpt><trkpt lat="53.629152" lon="-9.748621"><ele>32.4</ele></trkpt><trkpt lat="53.629874" lon="-9.748476"><ele>34.1</ele></trkpt><trkpt lat="53.630031" lon="-9.748415"><ele>34.7</ele></trkpt><trkpt lat="53.630231" lon="-9.74824"><ele>35.5</ele></trkpt><trkpt lat="53.630883" lon="-9.74749"><ele>38.8</ele></trkpt><trkpt lat="53.631436" lon="-9.74666"><ele>41.4</ele></trkpt><trkpt lat="53.631641" lon="-9.746501"><ele>41.8</ele></trkpt><trkpt lat="53.631875" lon="-9.746378"><ele>42.1</ele></trkpt><trkpt lat="53.632113" lon="-9.746349"><ele>42.2</ele></trkpt><trkpt lat="53.632456" lon="-9.746375"><ele>42</ele></trkpt><trkpt lat="53.632708" lon="-9.746491"><ele>41.6</ele></trkpt><trkpt lat="53.633108" lon="-9.746648"><ele>40.8</ele></trkpt><trkpt lat="53.63476" lon="-9.746234"><ele>35.8</ele></trkpt><trkpt lat="53.635577" lon="-9.745845"><ele>34.6</ele></trkpt><trkpt lat="53.636001" lon="-9.745688"><ele>34.5</ele></trkpt><trkpt lat="53.63638" lon="-9.745675"><ele>34.5</ele></trkpt><trkpt lat="53.636786" lon="-9.745761"><ele>34.4</ele></trkpt><trkpt lat="53.636996" lon="-9.745741"><ele>34.3</ele></trkpt><trkpt lat="53.637225" lon="-9.745656"><ele>34.2</ele></trkpt><trkpt lat="53.637534" lon="-9.745484"><ele>34</ele></trkpt><trkpt lat="53.638367" lon="-9.744952"><ele>33</ele></trkpt><trkpt lat="53.638579" lon="-9.744972"><ele>32.8</ele></trkpt><trkpt lat="53.638808" lon="-9.745196"><ele>32.5</ele></trkpt><trkpt lat="53.638931" lon="-9.745274"><ele>32.4</ele></trkpt><trkpt lat="53.639122" lon="-9.745342"><ele>32.3</ele></trkpt><trkpt lat="53.639741" lon="-9.74545"><ele>32.1</ele></trkpt><trkpt lat="53.640115" lon="-9.745598"><ele>32.1</ele></trkpt><trkpt lat="53.640897" lon="-9.746232"><ele>31.9</ele></trkpt><trkpt lat="53.641543" lon="-9.746414"><ele>31.8</ele></trkpt><trkpt lat="53.641751" lon="-9.746473"><ele>31.8</ele></trkpt><trkpt lat="53.641981" lon="-9.74656"><ele>31.7</ele></trkpt><trkpt lat="53.642329" lon="-9.746791"><ele>31.7</ele></trkpt><trkpt lat="53.642719" lon="-9.746853"><ele>31.8</ele></trkpt><trkpt lat="53.642758" lon="-9.746728"><ele>31.8</ele></trkpt><trkpt lat="53.643473" lon="-9.74543"><ele>33.1</ele></trkpt><trkpt lat="53.643918" lon="-9.744703"><ele>34.8</ele></trkpt><trkpt lat="53.644124" lon="-9.74413"><ele>36.4</ele></trkpt><trkpt lat="53.644176" lon="-9.743778"><ele>37.3</ele></trkpt><trkpt lat="53.644149" lon="-9.743376"><ele>38.4</ele></trkpt><trkpt lat="53.644099" lon="-9.743048"><ele>39.3</ele></trkpt><trkpt lat="53.643896" lon="-9.742221"><ele>41.7</ele></trkpt><trkpt lat="53.643862" lon="-9.741933"><ele>42.4</ele></trkpt><trkpt lat="53.643882" lon="-9.741626"><ele>43.1</ele></trkpt><trkpt lat="53.644171" lon="-9.739557"><ele>47.1</ele></trkpt><trkpt lat="53.644253" lon="-9.739131"><ele>47.9</ele></trkpt><trkpt lat="53.644367" lon="-9.738639"><ele>48.9</ele></trkpt><trkpt lat="53.644683" lon="-9.737709"><ele>50.7</ele></trkpt><trkpt lat="53.645191" lon="-9.735955"><ele>52.3</ele></trkpt><trkpt lat="53.645294" lon="-9.735357"><ele>52</ele></trkpt><trkpt lat="53.64579" lon="-9.733077"><ele>49.4</ele></trkpt><trkpt lat="53.645795" lon="-9.7329"><ele>49.3</ele></trkpt><trkpt lat="53.645693" lon="-9.731583"><ele>48.9</ele></trkpt><trkpt lat="53.645696" lon="-9.731006"><ele>49</ele></trkpt><trkpt lat="53.645741" lon="-9.730251"><ele>49</ele></trkpt><trkpt lat="53.645895" lon="-9.727855"><ele>49</ele></trkpt><trkpt lat="53.646025" lon="-9.72646"><ele>49.7</ele></trkpt><trkpt lat="53.645982" lon="-9.724062"><ele>51.9</ele></trkpt><trkpt lat="53.64597" lon="-9.721417"><ele>54.2</ele></trkpt><trkpt lat="53.645836" lon="-9.720312"><ele>55.1</ele></trkpt><trkpt lat="53.645425" lon="-9.718201"><ele>56.5</ele></trkpt><trkpt lat="53.645048" lon="-9.715295"><ele>58.6</ele></trkpt><trkpt lat="53.64485" lon="-9.71358"><ele>61.6</ele></trkpt><trkpt lat="53.644789" lon="-9.7119"><ele>64.8</ele></trkpt><trkpt lat="53.644753" lon="-9.711491"><ele>65.3</ele></trkpt><trkpt lat="53.644622" lon="-9.710747"><ele>66</ele></trkpt><trkpt lat="53.644587" lon="-9.710206"><ele>66.3</ele></trkpt><trkpt lat="53.644585" lon="-9.70902"><ele>67</ele></trkpt><trkpt lat="53.644606" lon="-9.708266"><ele>67.9</ele></trkpt><trkpt lat="53.644672" lon="-9.707762"><ele>68.5</ele></trkpt><trkpt lat="53.644861" lon="-9.706944"><ele>69.6</ele></trkpt><trkpt lat="53.645113" lon="-9.706144"><ele>70.5</ele></trkpt><trkpt lat="53.645257" lon="-9.705559"><ele>71.1</ele></trkpt><trkpt lat="53.645232" lon="-9.704726"><ele>72.2</ele></trkpt><trkpt lat="53.645159" lon="-9.704065"><ele>73.4</ele></trkpt><trkpt lat="53.644826" lon="-9.702613"><ele>77.4</ele></trkpt><trkpt lat="53.644711" lon="-9.702244"><ele>78.5</ele></trkpt><trkpt lat="53.643866" lon="-9.70009"><ele>82.7</ele></trkpt><trkpt lat="53.643646" lon="-9.699459"><ele>82.7</ele></trkpt><trkpt lat="53.643499" lon="-9.698783"><ele>82.2</ele></trkpt><trkpt lat="53.643195" lon="-9.697654"><ele>80.4</ele></trkpt><trkpt lat="53.643115" lon="-9.697255"><ele>79.8</ele></trkpt><trkpt lat="53.643014" lon="-9.696534"><ele>78.8</ele></trkpt><trkpt lat="53.642867" lon="-9.695065"><ele>77.7</ele></trkpt><trkpt lat="53.642822" lon="-9.69358"><ele>78.5</ele></trkpt><trkpt lat="53.642821" lon="-9.691837"><ele>82.1</ele></trkpt><trkpt lat="53.642948" lon="-9.688777"><ele>89.7</ele></trkpt><trkpt lat="53.642974" lon="-9.688348"><ele>89.8</ele></trkpt><trkpt lat="53.643112" lon="-9.687509"><ele>89.2</ele></trkpt><trkpt lat="53.643294" lon="-9.68675"><ele>88.2</ele></trkpt><trkpt lat="53.643385" lon="-9.686371"><ele>87.6</ele></trkpt><trkpt lat="53.643453" lon="-9.686097"><ele>87.2</ele></trkpt><trkpt lat="53.643486" lon="-9.68581"><ele>87</ele></trkpt><trkpt lat="53.64348" lon="-9.685403"><ele>86.7</ele></trkpt><trkpt lat="53.643451" lon="-9.684975"><ele>86.6</ele></trkpt><trkpt lat="53.643357" lon="-9.684342"><ele>87</ele></trkpt><trkpt lat="53.643261" lon="-9.683045"><ele>88.7</ele></trkpt><trkpt lat="53.643152" lon="-9.682049"><ele>89.2</ele></trkpt><trkpt lat="53.643153" lon="-9.681885"><ele>89.2</ele></trkpt><trkpt lat="53.64318" lon="-9.681695"><ele>89.1</ele></trkpt><trkpt lat="53.643258" lon="-9.681436"><ele>88.9</ele></trkpt><trkpt lat="53.64388" lon="-9.679834"><ele>85.9</ele></trkpt><trkpt lat="53.644101" lon="-9.67915"><ele>84.4</ele></trkpt><trkpt lat="53.644241" lon="-9.678564"><ele>83.5</ele></trkpt><trkpt lat="53.644251" lon="-9.678297"><ele>83.2</ele></trkpt><trkpt lat="53.64421" lon="-9.677668"><ele>82.8</ele></trkpt><trkpt lat="53.644187" lon="-9.676678"><ele>82.3</ele></trkpt><trkpt lat="53.644212" lon="-9.676342"><ele>82.2</ele></trkpt><trkpt lat="53.644438" lon="-9.67492"><ele>81.8</ele></trkpt><trkpt lat="53.644463" lon="-9.674604"><ele>81.7</ele></trkpt><trkpt lat="53.644432" lon="-9.673635"><ele>81</ele></trkpt><trkpt lat="53.644452" lon="-9.672945"><ele>80.2</ele></trkpt><trkpt lat="53.64457" lon="-9.671719"><ele>78.5</ele></trkpt><trkpt lat="53.644753" lon="-9.670884"><ele>77</ele></trkpt><trkpt lat="53.644878" lon="-9.669963"><ele>75.7</ele></trkpt><trkpt lat="53.644895" lon="-9.669817"><ele>75.5</ele></trkpt><trkpt lat="53.644962" lon="-9.669111"><ele>74.8</ele></trkpt><trkpt lat="53.645037" lon="-9.668747"><ele>74.5</ele></trkpt><trkpt lat="53.645368" lon="-9.667787"><ele>73.5</ele></trkpt><trkpt lat="53.645555" lon="-9.667321"><ele>73.1</ele></trkpt><trkpt lat="53.646995" lon="-9.664566"><ele>68.5</ele></trkpt><trkpt lat="53.647133" lon="-9.664213"><ele>68.2</ele></trkpt><trkpt lat="53.647256" lon="-9.663707"><ele>67.9</ele></trkpt><trkpt lat="53.647415" lon="-9.662724"><ele>67.9</ele></trkpt><trkpt lat="53.647583" lon="-9.660883"><ele>69.1</ele></trkpt><trkpt lat="53.647573" lon="-9.659068"><ele>70.3</ele></trkpt><trkpt lat="53.647709" lon="-9.655426"><ele>74.5</ele></trkpt><trkpt lat="53.647736" lon="-9.655148"><ele>75.1</ele></trkpt><trkpt lat="53.647839" lon="-9.654694"><ele>76.3</ele></trkpt><trkpt lat="53.647976" lon="-9.654232"><ele>77.6</ele></trkpt><trkpt lat="53.64822" lon="-9.65294"><ele>81.5</ele></trkpt><trkpt lat="53.648634" lon="-9.651083"><ele>87.4</ele></trkpt><trkpt lat="53.648859" lon="-9.650291"><ele>90.6</ele></trkpt><trkpt lat="53.649179" lon="-9.649376"><ele>95.4</ele></trkpt><trkpt lat="53.649464" lon="-9.648706"><ele>99.5</ele></trkpt><trkpt lat="53.649624" lon="-9.648229"><ele>102.3</ele></trkpt><trkpt lat="53.649783" lon="-9.647326"><ele>107.3</ele></trkpt><trkpt lat="53.650113" lon="-9.645412"><ele>117.8</ele></trkpt><trkpt lat="53.650196" lon="-9.64467"><ele>122.2</ele></trkpt><trkpt lat="53.650333" lon="-9.64367"><ele>128.5</ele></trkpt><trkpt lat="53.65047" lon="-9.643019"><ele>133.1</ele></trkpt><trkpt lat="53.65061" lon="-9.642546"><ele>136.8</ele></trkpt><trkpt lat="53.650965" lon="-9.641758"><ele>144.3</ele></trkpt><trkpt lat="53.651608" lon="-9.640787"><ele>153.9</ele></trkpt><trkpt lat="53.652603" lon="-9.639466"><ele>163.2</ele></trkpt><trkpt lat="53.65277" lon="-9.639281"><ele>164.5</ele></trkpt><trkpt lat="53.653093" lon="-9.639007"><ele>166.7</ele></trkpt><trkpt lat="53.653372" lon="-9.63861"><ele>169.1</ele></trkpt><trkpt lat="53.653711" lon="-9.637874"><ele>172.7</ele></trkpt><trkpt lat="53.654366" lon="-9.636711"><ele>178.4</ele></trkpt><trkpt lat="53.655625" lon="-9.633509"><ele>191.5</ele></trkpt><trkpt lat="53.656038" lon="-9.632747"><ele>193.1</ele></trkpt><trkpt lat="53.656263" lon="-9.632514"><ele>193.2</ele></trkpt><trkpt lat="53.656363" lon="-9.632472"><ele>193.2</ele></trkpt><trkpt lat="53.656844" lon="-9.632447"><ele>192.1</ele></trkpt><trkpt lat="53.656909" lon="-9.632461"><ele>191.9</ele></trkpt><trkpt lat="53.656961" lon="-9.632524"><ele>191.7</ele></trkpt><trkpt lat="53.656995" lon="-9.632614"><ele>191.4</ele></trkpt><trkpt lat="53.657002" lon="-9.632763"><ele>191</ele></trkpt><trkpt lat="53.656981" lon="-9.633275"><ele>189.5</ele></trkpt><trkpt lat="53.657342" lon="-9.634584"><ele>184.1</ele></trkpt><trkpt lat="53.65762" lon="-9.635068"><ele>181.6</ele></trkpt><trkpt lat="53.657685" lon="-9.635247"><ele>180.9</ele></trkpt><trkpt lat="53.657792" lon="-9.635899"><ele>178.7</ele></trkpt><trkpt lat="53.657878" lon="-9.636019"><ele>178.2</ele></trkpt><trkpt lat="53.658254" lon="-9.636298"><ele>176.5</ele></trkpt><trkpt lat="53.658316" lon="-9.636466"><ele>176.1</ele></trkpt><trkpt lat="53.658274" lon="-9.637008"><ele>175.2</ele></trkpt><trkpt lat="53.658293" lon="-9.637211"><ele>175</ele></trkpt><trkpt lat="53.658347" lon="-9.637394"><ele>174.8</ele></trkpt><trkpt lat="53.658591" lon="-9.638048"><ele>174.5</ele></trkpt><trkpt lat="53.658899" lon="-9.638472"><ele>174</ele></trkpt><trkpt lat="53.659087" lon="-9.639014"><ele>172.5</ele></trkpt><trkpt lat="53.659422" lon="-9.639682"><ele>168.4</ele></trkpt><trkpt lat="53.659682" lon="-9.639951"><ele>165.2</ele></trkpt><trkpt lat="53.659847" lon="-9.639997"><ele>163.3</ele></trkpt><trkpt lat="53.660131" lon="-9.640157"><ele>159.6</ele></trkpt><trkpt lat="53.660596" lon="-9.640555"><ele>152.7</ele></trkpt><trkpt lat="53.660705" lon="-9.640736"><ele>150.7</ele></trkpt><trkpt lat="53.660929" lon="-9.641286"><ele>145.7</ele></trkpt><trkpt lat="53.661024" lon="-9.641439"><ele>144.2</ele></trkpt><trkpt lat="53.661377" lon="-9.641848"><ele>139.5</ele></trkpt><trkpt lat="53.661543" lon="-9.641999"><ele>137.6</ele></trkpt><trkpt lat="53.662214" lon="-9.642227"><ele>130.1</ele></trkpt><trkpt lat="53.66238" lon="-9.642249"><ele>128.3</ele></trkpt><trkpt lat="53.662719" lon="-9.642213"><ele>124.6</ele></trkpt><trkpt lat="53.662829" lon="-9.642157"><ele>123.4</ele></trkpt><trkpt lat="53.662891" lon="-9.642079"><ele>122.6</ele></trkpt><trkpt lat="53.663087" lon="-9.641545"><ele>118.9</ele></trkpt><trkpt lat="53.663145" lon="-9.641319"><ele>117.6</ele></trkpt><trkpt lat="53.663307" lon="-9.640049"><ele>111.4</ele></trkpt><trkpt lat="53.663555" lon="-9.638603"><ele>106.2</ele></trkpt><trkpt lat="53.663662" lon="-9.638141"><ele>104.9</ele></trkpt><trkpt lat="53.663801" lon="-9.637865"><ele>104.1</ele></trkpt><trkpt lat="53.663915" lon="-9.637786"><ele>103.7</ele></trkpt><trkpt lat="53.664115" lon="-9.637738"><ele>103.1</ele></trkpt><trkpt lat="53.664227" lon="-9.637649"><ele>102.7</ele></trkpt><trkpt lat="53.664387" lon="-9.63733"><ele>102</ele></trkpt><trkpt lat="53.664752" lon="-9.636647"><ele>100.7</ele></trkpt><trkpt lat="53.664941" lon="-9.636024"><ele>100</ele></trkpt><trkpt lat="53.665011" lon="-9.635876"><ele>99.8</ele></trkpt><trkpt lat="53.665402" lon="-9.635243"><ele>99.7</ele></trkpt><trkpt lat="53.665692" lon="-9.634986"><ele>99.8</ele></trkpt><trkpt lat="53.666164" lon="-9.634801"><ele>100.3</ele></trkpt><trkpt lat="53.666276" lon="-9.634691"><ele>100.5</ele></trkpt><trkpt lat="53.666381" lon="-9.634476"><ele>100.8</ele></trkpt><trkpt lat="53.667409" lon="-9.632886"><ele>102.7</ele></trkpt><trkpt lat="53.667552" lon="-9.632518"><ele>102.7</ele></trkpt><trkpt lat="53.667716" lon="-9.632191"><ele>102.7</ele></trkpt><trkpt lat="53.668069" lon="-9.631606"><ele>102.2</ele></trkpt><trkpt lat="53.668925" lon="-9.629678"><ele>99.9</ele></trkpt><trkpt lat="53.669477" lon="-9.628356"><ele>98.3</ele></trkpt><trkpt lat="53.670263" lon="-9.626521"><ele>95.2</ele></trkpt><trkpt lat="53.671136" lon="-9.624775"><ele>91.6</ele></trkpt><trkpt lat="53.671325" lon="-9.624335"><ele>90.8</ele></trkpt><trkpt lat="53.672388" lon="-9.623153"><ele>88.4</ele></trkpt><trkpt lat="53.673057" lon="-9.622613"><ele>87.3</ele></trkpt><trkpt lat="53.673219" lon="-9.622454"><ele>87</ele></trkpt><trkpt lat="53.673769" lon="-9.621776"><ele>85.7</ele></trkpt><trkpt lat="53.674772" lon="-9.620831"><ele>84.3</ele></trkpt><trkpt lat="53.674808" lon="-9.620791"><ele>84.3</ele></trkpt><trkpt lat="53.675371" lon="-9.620137"><ele>84.8</ele></trkpt><trkpt lat="53.676012" lon="-9.61945"><ele>85.6</ele></trkpt><trkpt lat="53.676221" lon="-9.619235"><ele>85.7</ele></trkpt><trkpt lat="53.676968" lon="-9.618492"><ele>85.7</ele></trkpt><trkpt lat="53.677444" lon="-9.618017"><ele>85.6</ele></trkpt><trkpt lat="53.677994" lon="-9.617319"><ele>85.4</ele></trkpt><trkpt lat="53.678078" lon="-9.617214"><ele>85.4</ele></trkpt><trkpt lat="53.67835" lon="-9.616843"><ele>85.3</ele></trkpt><trkpt lat="53.678624" lon="-9.616436"><ele>85</ele></trkpt><trkpt lat="53.678872" lon="-9.616095"><ele>84.8</ele></trkpt><trkpt lat="53.679207" lon="-9.615781"><ele>84.5</ele></trkpt><trkpt lat="53.679768" lon="-9.615333"><ele>84.1</ele></trkpt><trkpt lat="53.680219" lon="-9.615073"><ele>83.4</ele></trkpt><trkpt lat="53.680583" lon="-9.615014"><ele>82.5</ele></trkpt><trkpt lat="53.680759" lon="-9.614934"><ele>82</ele></trkpt><trkpt lat="53.680996" lon="-9.614673"><ele>81.3</ele></trkpt><trkpt lat="53.681438" lon="-9.614007"><ele>79.5</ele></trkpt><trkpt lat="53.681984" lon="-9.613793"><ele>77.6</ele></trkpt><trkpt lat="53.682074" lon="-9.613749"><ele>77.3</ele></trkpt><trkpt lat="53.682591" lon="-9.613505"><ele>75.8</ele></trkpt><trkpt lat="53.683361" lon="-9.613275"><ele>73.4</ele></trkpt><trkpt lat="53.683521" lon="-9.613241"><ele>72.9</ele></trkpt><trkpt lat="53.68375" lon="-9.613192"><ele>72.3</ele></trkpt><trkpt lat="53.685126" lon="-9.612953"><ele>69.4</ele></trkpt><trkpt lat="53.685687" lon="-9.612945"><ele>68.8</ele></trkpt><trkpt lat="53.685774" lon="-9.612935"><ele>68.7</ele></trkpt><trkpt lat="53.686529" lon="-9.612564"><ele>67.9</ele></trkpt><trkpt lat="53.686994" lon="-9.612123"><ele>67.6</ele></trkpt><trkpt lat="53.687984" lon="-9.611043"><ele>67.4</ele></trkpt><trkpt lat="53.688255" lon="-9.610847"><ele>67.4</ele></trkpt><trkpt lat="53.688401" lon="-9.610823"><ele>67.4</ele></trkpt><trkpt lat="53.688871" lon="-9.610858"><ele>67.3</ele></trkpt><trkpt lat="53.689226" lon="-9.610843"><ele>67.1</ele></trkpt><trkpt lat="53.690736" lon="-9.611002"><ele>64.3</ele></trkpt><trkpt lat="53.691715" lon="-9.611421"><ele>61.2</ele></trkpt><trkpt lat="53.691811" lon="-9.611449"><ele>60.9</ele></trkpt><trkpt lat="53.692091" lon="-9.61138"><ele>60.1</ele></trkpt><trkpt lat="53.692538" lon="-9.611341"><ele>59</ele></trkpt><trkpt lat="53.692728" lon="-9.61132"><ele>58.7</ele></trkpt><trkpt lat="53.692847" lon="-9.611232"><ele>58.6</ele></trkpt><trkpt lat="53.693186" lon="-9.610838"><ele>58.3</ele></trkpt><trkpt lat="53.693619" lon="-9.610451"><ele>58.3</ele></trkpt><trkpt lat="53.695012" lon="-9.6091"><ele>61</ele></trkpt><trkpt lat="53.695215" lon="-9.608899"><ele>61.6</ele></trkpt><trkpt lat="53.695536" lon="-9.608612"><ele>62.5</ele></trkpt><trkpt lat="53.695666" lon="-9.608528"><ele>62.9</ele></trkpt><trkpt lat="53.695759" lon="-9.608524"><ele>63.1</ele></trkpt><trkpt lat="53.696302" lon="-9.608551"><ele>64.1</ele></trkpt><trkpt lat="53.696548" lon="-9.608481"><ele>64.3</ele></trkpt><trkpt lat="53.696766" lon="-9.608364"><ele>64.3</ele></trkpt><trkpt lat="53.696906" lon="-9.608214"><ele>64.3</ele></trkpt><trkpt lat="53.697156" lon="-9.607937"><ele>64.3</ele></trkpt><trkpt lat="53.697369" lon="-9.60771"><ele>64.3</ele></trkpt><trkpt lat="53.697499" lon="-9.60763"><ele>64.3</ele></trkpt><trkpt lat="53.697647" lon="-9.607604"><ele>64.3</ele></trkpt><trkpt lat="53.697934" lon="-9.607614"><ele>64.3</ele></trkpt><trkpt lat="53.698939" lon="-9.607648"><ele>65.3</ele></trkpt><trkpt lat="53.699743" lon="-9.60762"><ele>66.6</ele></trkpt><trkpt lat="53.699908" lon="-9.607551"><ele>66.9</ele></trkpt><trkpt lat="53.700323" lon="-9.607268"><ele>67.7</ele></trkpt><trkpt lat="53.700409" lon="-9.607156"><ele>67.9</ele></trkpt><trkpt lat="53.700501" lon="-9.606953"><ele>68.3</ele></trkpt><trkpt lat="53.700963" lon="-9.60537"><ele>70.1</ele></trkpt><trkpt lat="53.701159" lon="-9.604865"><ele>70.5</ele></trkpt><trkpt lat="53.701758" lon="-9.603693"><ele>71.7</ele></trkpt><trkpt lat="53.702323" lon="-9.602677"><ele>73</ele></trkpt><trkpt lat="53.702401" lon="-9.602564"><ele>73.1</ele></trkpt><trkpt lat="53.70256" lon="-9.602425"><ele>73.3</ele></trkpt><trkpt lat="53.702925" lon="-9.602243"><ele>73.7</ele></trkpt><trkpt lat="53.703851" lon="-9.601826"><ele>73.9</ele></trkpt><trkpt lat="53.703938" lon="-9.601756"><ele>73.9</ele></trkpt><trkpt lat="53.704235" lon="-9.601327"><ele>74</ele></trkpt><trkpt lat="53.704419" lon="-9.601139"><ele>74.2</ele></trkpt><trkpt lat="53.704502" lon="-9.601133"><ele>74.3</ele></trkpt><trkpt lat="53.704577" lon="-9.601188"><ele>74.4</ele></trkpt><trkpt lat="53.704706" lon="-9.601264"><ele>74.7</ele></trkpt><trkpt lat="53.70493" lon="-9.601243"><ele>75.1</ele></trkpt><trkpt lat="53.705882" lon="-9.600678"><ele>77.1</ele></trkpt><trkpt lat="53.706868" lon="-9.600226"><ele>78.6</ele></trkpt><trkpt lat="53.706949" lon="-9.600195"><ele>78.7</ele></trkpt><trkpt lat="53.707444" lon="-9.599854"><ele>79.6</ele></trkpt><trkpt lat="53.708382" lon="-9.599047"><ele>82.8</ele></trkpt><trkpt lat="53.708733" lon="-9.59859"><ele>85.1</ele></trkpt><trkpt lat="53.709763" lon="-9.597115"><ele>93.4</ele></trkpt><trkpt lat="53.710814" lon="-9.595559"><ele>101.2</ele></trkpt><trkpt lat="53.711196" lon="-9.595094"><ele>102.7</ele></trkpt><trkpt lat="53.711543" lon="-9.59475"><ele>103.3</ele></trkpt><trkpt lat="53.712246" lon="-9.594127"><ele>103.5</ele></trkpt><trkpt lat="53.712782" lon="-9.593607"><ele>104.1</ele></trkpt><trkpt lat="53.713033" lon="-9.593359"><ele>104.5</ele></trkpt><trkpt lat="53.713635" lon="-9.592787"><ele>105.7</ele></trkpt><trkpt lat="53.715186" lon="-9.591461"><ele>108</ele></trkpt><trkpt lat="53.715644" lon="-9.591035"><ele>108.8</ele></trkpt><trkpt lat="53.71608" lon="-9.590554"><ele>109.9</ele></trkpt><trkpt lat="53.716294" lon="-9.590253"><ele>110.6</ele></trkpt><trkpt lat="53.716821" lon="-9.589219"><ele>112.9</ele></trkpt><trkpt lat="53.717385" lon="-9.588215"><ele>114.6</ele></trkpt><trkpt lat="53.717775" lon="-9.587419"><ele>115.3</ele></trkpt><trkpt lat="53.718242" lon="-9.586006"><ele>116.6</ele></trkpt><trkpt lat="53.718626" lon="-9.585025"><ele>117.9</ele></trkpt><trkpt lat="53.718769" lon="-9.584742"><ele>118.3</ele></trkpt><trkpt lat="53.719103" lon="-9.584222"><ele>119</ele></trkpt><trkpt lat="53.71941" lon="-9.583863"><ele>119.7</ele></trkpt><trkpt lat="53.719481" lon="-9.583792"><ele>119.8</ele></trkpt><trkpt lat="53.719619" lon="-9.583672"><ele>120</ele></trkpt><trkpt lat="53.719797" lon="-9.583577"><ele>120.3</ele></trkpt><trkpt lat="53.719983" lon="-9.583543"><ele>120.5</ele></trkpt><trkpt lat="53.720463" lon="-9.583574"><ele>121.1</ele></trkpt><trkpt lat="53.721389" lon="-9.583618"><ele>121.4</ele></trkpt><trkpt lat="53.722153" lon="-9.583473"><ele>122.4</ele></trkpt><trkpt lat="53.722253" lon="-9.583516"><ele>122.5</ele></trkpt><trkpt lat="53.7228" lon="-9.583803"><ele>122.8</ele></trkpt><trkpt lat="53.723116" lon="-9.583905"><ele>122.7</ele></trkpt><trkpt lat="53.723259" lon="-9.583948"><ele>122.7</ele></trkpt><trkpt lat="53.723671" lon="-9.583943"><ele>122.1</ele></trkpt><trkpt lat="53.723829" lon="-9.583906"><ele>121.7</ele></trkpt><trkpt lat="53.723958" lon="-9.583809"><ele>121.2</ele></trkpt><trkpt lat="53.724168" lon="-9.583599"><ele>120.2</ele></trkpt><trkpt lat="53.724286" lon="-9.583339"><ele>119.3</ele></trkpt><trkpt lat="53.724375" lon="-9.582844"><ele>118</ele></trkpt><trkpt lat="53.724505" lon="-9.582386"><ele>117</ele></trkpt><trkpt lat="53.724809" lon="-9.581641"><ele>115.8</ele></trkpt><trkpt lat="53.724922" lon="-9.581456"><ele>115.6</ele></trkpt><trkpt lat="53.725549" lon="-9.580674"><ele>114.8</ele></trkpt><trkpt lat="53.725965" lon="-9.580146"><ele>114.9</ele></trkpt><trkpt lat="53.726109" lon="-9.579964"><ele>115</ele></trkpt><trkpt lat="53.726468" lon="-9.579522"><ele>115</ele></trkpt><trkpt lat="53.726632" lon="-9.579278"><ele>115.1</ele></trkpt><trkpt lat="53.726885" lon="-9.5789"><ele>115.3</ele></trkpt><trkpt lat="53.727012" lon="-9.578749"><ele>115.5</ele></trkpt><trkpt lat="53.727523" lon="-9.577935"><ele>116</ele></trkpt><trkpt lat="53.728072" lon="-9.576936"><ele>116.5</ele></trkpt><trkpt lat="53.728369" lon="-9.576453"><ele>116.5</ele></trkpt><trkpt lat="53.728482" lon="-9.576307"><ele>116.4</ele></trkpt><trkpt lat="53.728609" lon="-9.576067"><ele>116.3</ele></trkpt><trkpt lat="53.728681" lon="-9.575983"><ele>116.3</ele></trkpt><trkpt lat="53.729028" lon="-9.575554"><ele>115.8</ele></trkpt><trkpt lat="53.729768" lon="-9.57444"><ele>115</ele></trkpt><trkpt lat="53.730718" lon="-9.573093"><ele>115.1</ele></trkpt><trkpt lat="53.730903" lon="-9.57282"><ele>115.3</ele></trkpt><trkpt lat="53.731053" lon="-9.572603"><ele>115.5</ele></trkpt><trkpt lat="53.731248" lon="-9.572328"><ele>115.8</ele></trkpt><trkpt lat="53.732043" lon="-9.571182"><ele>116.3</ele></trkpt><trkpt lat="53.732292" lon="-9.570754"><ele>115.9</ele></trkpt><trkpt lat="53.732444" lon="-9.570419"><ele>115.5</ele></trkpt><trkpt lat="53.733046" lon="-9.568832"><ele>112.4</ele></trkpt><trkpt lat="53.733131" lon="-9.568594"><ele>111.9</ele></trkpt><trkpt lat="53.733342" lon="-9.568008"><ele>110.7</ele></trkpt><trkpt lat="53.733659" lon="-9.567134"><ele>109.2</ele></trkpt><trkpt lat="53.733888" lon="-9.566535"><ele>108.2</ele></trkpt><trkpt lat="53.734077" lon="-9.566042"><ele>107.5</ele></trkpt><trkpt lat="53.734348" lon="-9.56522"><ele>106.6</ele></trkpt><trkpt lat="53.734661" lon="-9.564053"><ele>105.6</ele></trkpt><trkpt lat="53.734946" lon="-9.563323"><ele>105.4</ele></trkpt><trkpt lat="53.735381" lon="-9.56215"><ele>105.5</ele></trkpt><trkpt lat="53.735684" lon="-9.561269"><ele>105.8</ele></trkpt><trkpt lat="53.73585" lon="-9.560784"><ele>105.9</ele></trkpt><trkpt lat="53.735855" lon="-9.560788"><ele>105.9</ele></trkpt><trkpt lat="53.735872" lon="-9.56074"><ele>105.9</ele></trkpt><trkpt lat="53.735889" lon="-9.560695"><ele>105.9</ele></trkpt><trkpt lat="53.735905" lon="-9.560653"><ele>105.9</ele></trkpt><trkpt lat="53.735917" lon="-9.560614"><ele>105.9</ele></trkpt><trkpt lat="53.735927" lon="-9.560575"><ele>105.9</ele></trkpt><trkpt lat="53.735934" lon="-9.56054"><ele>105.9</ele></trkpt><trkpt lat="53.73594" lon="-9.560508"><ele>105.9</ele></trkpt><trkpt lat="53.735944" lon="-9.560479"><ele>105.9</ele></trkpt><trkpt lat="53.735949" lon="-9.56045"><ele>105.9</ele></trkpt><trkpt lat="53.735956" lon="-9.560427"><ele>105.9</ele></trkpt><trkpt lat="53.735965" lon="-9.560413"><ele>105.9</ele></trkpt><trkpt lat="53.735973" lon="-9.560404"><ele>105.9</ele></trkpt><trkpt lat="53.73598" lon="-9.560393"><ele>105.9</ele></trkpt><trkpt lat="53.735984" lon="-9.560379"><ele>105.9</ele></trkpt><trkpt lat="53.735986" lon="-9.560362"><ele>105.9</ele></trkpt><trkpt lat="53.735991" lon="-9.560347"><ele>105.9</ele></trkpt><trkpt lat="53.735999" lon="-9.560341"><ele>105.9</ele></trkpt><trkpt lat="53.736008" lon="-9.560344"><ele>105.9</ele></trkpt><trkpt lat="53.736015" lon="-9.560354"><ele>105.9</ele></trkpt><trkpt lat="53.736018" lon="-9.560367"><ele>106</ele></trkpt><trkpt lat="53.735997" lon="-9.560427"><ele>106</ele></trkpt><trkpt lat="53.735974" lon="-9.560464"><ele>106</ele></trkpt><trkpt lat="53.735956" lon="-9.560502"><ele>106</ele></trkpt><trkpt lat="53.73594" lon="-9.56054"><ele>106</ele></trkpt><trkpt lat="53.735926" lon="-9.560577"><ele>106</ele></trkpt><trkpt lat="53.735915" lon="-9.560614"><ele>106</ele></trkpt><trkpt lat="53.735903" lon="-9.560651"><ele>106</ele></trkpt><trkpt lat="53.735891" lon="-9.560689"><ele>106</ele></trkpt><trkpt lat="53.735879" lon="-9.560728"><ele>106</ele></trkpt><trkpt lat="53.735866" lon="-9.560768"><ele>106</ele></trkpt><trkpt lat="53.735851" lon="-9.560807"><ele>106</ele></trkpt><trkpt lat="53.735836" lon="-9.560846"><ele>106</ele></trkpt><trkpt lat="53.735821" lon="-9.560885"><ele>106</ele></trkpt><trkpt lat="53.735807" lon="-9.560923"><ele>106</ele></trkpt><trkpt lat="53.735793" lon="-9.560962"><ele>106</ele></trkpt><trkpt lat="53.73578" lon="-9.561"><ele>106</ele></trkpt><trkpt lat="53.735766" lon="-9.561037"><ele>106</ele></trkpt><trkpt lat="53.735752" lon="-9.561074"><ele>106</ele></trkpt><trkpt lat="53.735739" lon="-9.561114"><ele>106</ele></trkpt><trkpt lat="53.735726" lon="-9.561155"><ele>106</ele></trkpt><trkpt lat="53.735711" lon="-9.561197"><ele>106</ele></trkpt><trkpt lat="53.735697" lon="-9.56124"><ele>106</ele></trkpt><trkpt lat="53.735681" lon="-9.561285"><ele>106</ele></trkpt><trkpt lat="53.735666" lon="-9.561332"><ele>106</ele></trkpt><trkpt lat="53.73565" lon="-9.561382"><ele>105.9</ele></trkpt><trkpt lat="53.735633" lon="-9.561431"><ele>105.9</ele></trkpt><trkpt lat="53.735616" lon="-9.56148"><ele>105.9</ele></trkpt><trkpt lat="53.7356" lon="-9.561525"><ele>105.9</ele></trkpt><trkpt lat="53.735587" lon="-9.561564"><ele>105.9</ele></trkpt><trkpt lat="53.735579" lon="-9.561592"><ele>105.9</ele></trkpt><trkpt lat="53.735579" lon="-9.561591"><ele>105.9</ele></trkpt><trkpt lat="53.735607" lon="-9.561434"><ele>105.9</ele></trkpt><trkpt lat="53.735607" lon="-9.561433"><ele>105.9</ele></trkpt><trkpt lat="53.735628" lon="-9.561375"><ele>105.9</ele></trkpt><trkpt lat="53.735651" lon="-9.561319"><ele>105.8</ele></trkpt><trkpt lat="53.735676" lon="-9.561261"><ele>105.8</ele></trkpt><trkpt lat="53.735684" lon="-9.561269"><ele>105.8</ele></trkpt><trkpt lat="53.73585" lon="-9.560784"><ele>105.5</ele></trkpt><trkpt lat="53.735985" lon="-9.560392"><ele>105.1</ele></trkpt><trkpt lat="53.736071" lon="-9.55993"><ele>104.5</ele></trkpt><trkpt lat="53.736117" lon="-9.559685"><ele>104.2</ele></trkpt><trkpt lat="53.736249" lon="-9.558119"><ele>100.7</ele></trkpt><trkpt lat="53.7363" lon="-9.557684"><ele>99.4</ele></trkpt><trkpt lat="53.736368" lon="-9.557184"><ele>97.6</ele></trkpt><trkpt lat="53.736528" lon="-9.556568"><ele>95.2</ele></trkpt><trkpt lat="53.736579" lon="-9.556465"><ele>94.7</ele></trkpt><trkpt lat="53.736653" lon="-9.556315"><ele>94</ele></trkpt><trkpt lat="53.737196" lon="-9.555583"><ele>89.9</ele></trkpt><trkpt lat="53.737292" lon="-9.555469"><ele>89.3</ele></trkpt><trkpt lat="53.737595" lon="-9.555233"><ele>87.9</ele></trkpt><trkpt lat="53.737651" lon="-9.55515"><ele>87.7</ele></trkpt><trkpt lat="53.737717" lon="-9.555053"><ele>87.4</ele></trkpt><trkpt lat="53.73795" lon="-9.554785"><ele>86.5</ele></trkpt><trkpt lat="53.738302" lon="-9.554298"><ele>85.5</ele></trkpt><trkpt lat="53.738637" lon="-9.554368"><ele>85</ele></trkpt><trkpt lat="53.740536" lon="-9.554591"><ele>82.9</ele></trkpt><trkpt lat="53.741397" lon="-9.554685"><ele>82.9</ele></trkpt><trkpt lat="53.741993" lon="-9.554752"><ele>83</ele></trkpt><trkpt lat="53.742425" lon="-9.554982"><ele>82.9</ele></trkpt><trkpt lat="53.743213" lon="-9.555616"><ele>82.2</ele></trkpt><trkpt lat="53.743928" lon="-9.556161"><ele>81.7</ele></trkpt><trkpt lat="53.744635" lon="-9.556734"><ele>81.8</ele></trkpt><trkpt lat="53.744831" lon="-9.556861"><ele>81.8</ele></trkpt><trkpt lat="53.745019" lon="-9.556945"><ele>81.9</ele></trkpt><trkpt lat="53.74596" lon="-9.557193"><ele>82.1</ele></trkpt><trkpt lat="53.746393" lon="-9.557227"><ele>82</ele></trkpt><trkpt lat="53.746473" lon="-9.557233"><ele>81.9</ele></trkpt><trkpt lat="53.746612" lon="-9.557245"><ele>81.9</ele></trkpt><trkpt lat="53.748073" lon="-9.557374"><ele>81.4</ele></trkpt><trkpt lat="53.748379" lon="-9.557401"><ele>81.3</ele></trkpt><trkpt lat="53.750488" lon="-9.557588"><ele>82</ele></trkpt><trkpt lat="53.750753" lon="-9.557546"><ele>82</ele></trkpt><trkpt lat="53.751213" lon="-9.557349"><ele>82.1</ele></trkpt><trkpt lat="53.751673" lon="-9.557078"><ele>82.3</ele></trkpt><trkpt lat="53.752607" lon="-9.5565"><ele>83.3</ele></trkpt><trkpt lat="53.752873" lon="-9.556437"><ele>83.4</ele></trkpt><trkpt lat="53.753305" lon="-9.556514"><ele>83.3</ele></trkpt><trkpt lat="53.753505" lon="-9.556595"><ele>83</ele></trkpt><trkpt lat="53.753999" lon="-9.55691"><ele>82</ele></trkpt><trkpt lat="53.75438" lon="-9.557095"><ele>81</ele></trkpt><trkpt lat="53.754621" lon="-9.557098"><ele>80.4</ele></trkpt><trkpt lat="53.754765" lon="-9.557018"><ele>80.1</ele></trkpt><trkpt lat="53.754886" lon="-9.556881"><ele>79.8</ele></trkpt><trkpt lat="53.755356" lon="-9.555954"><ele>78.5</ele></trkpt><trkpt lat="53.755834" lon="-9.554925"><ele>77.3</ele></trkpt><trkpt lat="53.756403" lon="-9.553582"><ele>75.1</ele></trkpt><trkpt lat="53.756548" lon="-9.553327"><ele>74.5</ele></trkpt><trkpt lat="53.757119" lon="-9.552741"><ele>72.5</ele></trkpt><trkpt lat="53.757344" lon="-9.55254"><ele>71.7</ele></trkpt><trkpt lat="53.757571" lon="-9.552397"><ele>70.9</ele></trkpt><trkpt lat="53.757798" lon="-9.552359"><ele>70.1</ele></trkpt><trkpt lat="53.758428" lon="-9.552401"><ele>67.9</ele></trkpt><trkpt lat="53.758515" lon="-9.552407"><ele>67.6</ele></trkpt><trkpt lat="53.759476" lon="-9.552443"><ele>65</ele></trkpt><trkpt lat="53.760096" lon="-9.552414"><ele>63.6</ele></trkpt><trkpt lat="53.760405" lon="-9.552401"><ele>63</ele></trkpt><trkpt lat="53.761386" lon="-9.552363"><ele>61.2</ele></trkpt><trkpt lat="53.761534" lon="-9.552325"><ele>60.9</ele></trkpt><trkpt lat="53.761653" lon="-9.552247"><ele>60.7</ele></trkpt><trkpt lat="53.761796" lon="-9.552088"><ele>60.3</ele></trkpt><trkpt lat="53.762518" lon="-9.550863"><ele>58.3</ele></trkpt><trkpt lat="53.762563" lon="-9.550786"><ele>58.1</ele></trkpt><trkpt lat="53.762794" lon="-9.55037"><ele>57.3</ele></trkpt><trkpt lat="53.762869" lon="-9.550249"><ele>57</ele></trkpt><trkpt lat="53.762966" lon="-9.550093"><ele>56.6</ele></trkpt><trkpt lat="53.763025" lon="-9.549997"><ele>56.3</ele></trkpt><trkpt lat="53.763231" lon="-9.549683"><ele>55.4</ele></trkpt><trkpt lat="53.763608" lon="-9.549292"><ele>53.7</ele></trkpt><trkpt lat="53.76389" lon="-9.549042"><ele>52.6</ele></trkpt><trkpt lat="53.764012" lon="-9.548934"><ele>52.1</ele></trkpt><trkpt lat="53.766124" lon="-9.547102"><ele>45.4</ele></trkpt><trkpt lat="53.766386" lon="-9.546741"><ele>44.9</ele></trkpt><trkpt lat="53.766794" lon="-9.545988"><ele>44.4</ele></trkpt><trkpt lat="53.768985" lon="-9.541869"><ele>44.2</ele></trkpt><trkpt lat="53.769179" lon="-9.541445"><ele>44.2</ele></trkpt><trkpt lat="53.769321" lon="-9.541019"><ele>44.3</ele></trkpt><trkpt lat="53.770318" lon="-9.537699"><ele>43.7</ele></trkpt><trkpt lat="53.770554" lon="-9.536914"><ele>43.7</ele></trkpt><trkpt lat="53.770588" lon="-9.536792"><ele>43.7</ele></trkpt><trkpt lat="53.770718" lon="-9.536285"><ele>43.8</ele></trkpt><trkpt lat="53.770874" lon="-9.535495"><ele>44.1</ele></trkpt><trkpt lat="53.7709" lon="-9.535317"><ele>44.2</ele></trkpt><trkpt lat="53.770937" lon="-9.535035"><ele>44.3</ele></trkpt><trkpt lat="53.770985" lon="-9.53455"><ele>44.7</ele></trkpt><trkpt lat="53.771093" lon="-9.533207"><ele>45.6</ele></trkpt><trkpt lat="53.771146" lon="-9.532487"><ele>46.2</ele></trkpt><trkpt lat="53.771228" lon="-9.531772"><ele>47</ele></trkpt><trkpt lat="53.771236" lon="-9.531711"><ele>47.1</ele></trkpt><trkpt lat="53.77152" lon="-9.529223"><ele>50.5</ele></trkpt><trkpt lat="53.771678" lon="-9.527825"><ele>51.9</ele></trkpt><trkpt lat="53.771739" lon="-9.527324"><ele>52.4</ele></trkpt><trkpt lat="53.771823" lon="-9.52686"><ele>52.8</ele></trkpt><trkpt lat="53.771993" lon="-9.526481"><ele>53.3</ele></trkpt><trkpt lat="53.772394" lon="-9.52591"><ele>54.3</ele></trkpt><trkpt lat="53.773632" lon="-9.524267"><ele>58.4</ele></trkpt><trkpt lat="53.774064" lon="-9.523643"><ele>59.2</ele></trkpt><trkpt lat="53.774225" lon="-9.523453"><ele>59.3</ele></trkpt><trkpt lat="53.774363" lon="-9.523357"><ele>59.4</ele></trkpt><trkpt lat="53.77727" lon="-9.521449"><ele>55.4</ele></trkpt><trkpt lat="53.777793" lon="-9.521065"><ele>55.1</ele></trkpt><trkpt lat="53.778109" lon="-9.520757"><ele>54.8</ele></trkpt><trkpt lat="53.778439" lon="-9.520515"><ele>54.4</ele></trkpt><trkpt lat="53.77917" lon="-9.520232"><ele>53.9</ele></trkpt><trkpt lat="53.779337" lon="-9.520172"><ele>53.8</ele></trkpt><trkpt lat="53.77969" lon="-9.520047"><ele>53.9</ele></trkpt><trkpt lat="53.779816" lon="-9.520002"><ele>54</ele></trkpt><trkpt lat="53.780292" lon="-9.519832"><ele>54.3</ele></trkpt><trkpt lat="53.780394" lon="-9.519796"><ele>54.4</ele></trkpt><trkpt lat="53.780658" lon="-9.519749"><ele>54.8</ele></trkpt><trkpt lat="53.780812" lon="-9.519768"><ele>54.9</ele></trkpt><trkpt lat="53.780825" lon="-9.519731"><ele>55</ele></trkpt><trkpt lat="53.780907" lon="-9.51957"><ele>55.1</ele></trkpt><trkpt lat="53.780918" lon="-9.519553"><ele>55.2</ele></trkpt><trkpt lat="53.781143" lon="-9.519216"><ele>55.6</ele></trkpt><trkpt lat="53.781211" lon="-9.519125"><ele>55.8</ele></trkpt><trkpt lat="53.781383" lon="-9.518973"><ele>56.2</ele></trkpt><trkpt lat="53.781709" lon="-9.518833"><ele>56.8</ele></trkpt><trkpt lat="53.781966" lon="-9.518619"><ele>57.3</ele></trkpt><trkpt lat="53.782283" lon="-9.518222"><ele>58.1</ele></trkpt><trkpt lat="53.782501" lon="-9.51794"><ele>58.7</ele></trkpt><trkpt lat="53.783033" lon="-9.517255"><ele>59.8</ele></trkpt><trkpt lat="53.783097" lon="-9.517213"><ele>59.9</ele></trkpt><trkpt lat="53.783608" lon="-9.517102"><ele>60.1</ele></trkpt><trkpt lat="53.783899" lon="-9.517017"><ele>60.1</ele></trkpt><trkpt lat="53.783973" lon="-9.517017"><ele>60.1</ele></trkpt><trkpt lat="53.784016" lon="-9.517003"><ele>60.1</ele></trkpt><trkpt lat="53.784057" lon="-9.516992"><ele>60.1</ele></trkpt><trkpt lat="53.784096" lon="-9.516985"><ele>60.1</ele></trkpt><trkpt lat="53.784133" lon="-9.516978"><ele>60.1</ele></trkpt><trkpt lat="53.784167" lon="-9.516965"><ele>60.1</ele></trkpt><trkpt lat="53.784197" lon="-9.516947"><ele>60.1</ele></trkpt><trkpt lat="53.784224" lon="-9.516925"><ele>60.1</ele></trkpt><trkpt lat="53.78425" lon="-9.516902"><ele>60.1</ele></trkpt><trkpt lat="53.784275" lon="-9.516886"><ele>60.1</ele></trkpt><trkpt lat="53.784299" lon="-9.516882"><ele>60.1</ele></trkpt><trkpt lat="53.784321" lon="-9.516889"><ele>60.1</ele></trkpt><trkpt lat="53.784339" lon="-9.516903"><ele>60</ele></trkpt><trkpt lat="53.784353" lon="-9.516926"><ele>60</ele></trkpt><trkpt lat="53.78436" lon="-9.516954"><ele>60</ele></trkpt><trkpt lat="53.784358" lon="-9.516983"><ele>60</ele></trkpt><trkpt lat="53.784346" lon="-9.517007"><ele>60</ele></trkpt><trkpt lat="53.784329" lon="-9.517024"><ele>60</ele></trkpt><trkpt lat="53.784309" lon="-9.517035"><ele>60</ele></trkpt><trkpt lat="53.784289" lon="-9.517043"><ele>60</ele></trkpt><trkpt lat="53.784269" lon="-9.517048"><ele>60</ele></trkpt><trkpt lat="53.784249" lon="-9.517051"><ele>60</ele></trkpt><trkpt lat="53.784231" lon="-9.517055"><ele>60</ele></trkpt><trkpt lat="53.784213" lon="-9.517059"><ele>60</ele></trkpt><trkpt lat="53.784197" lon="-9.517062"><ele>60</ele></trkpt><trkpt lat="53.784182" lon="-9.517063"><ele>60</ele></trkpt><trkpt lat="53.784169" lon="-9.517065"><ele>60</ele></trkpt><trkpt lat="53.784156" lon="-9.517066"><ele>60</ele></trkpt><trkpt lat="53.784143" lon="-9.517067"><ele>60</ele></trkpt><trkpt lat="53.784131" lon="-9.517066"><ele>60</ele></trkpt><trkpt lat="53.784119" lon="-9.517059"><ele>60</ele></trkpt><trkpt lat="53.784106" lon="-9.516949"><ele>59.9</ele></trkpt><trkpt lat="53.784168" lon="-9.516929"><ele>59.9</ele></trkpt><trkpt lat="53.784409" lon="-9.516908"><ele>59.8</ele></trkpt><trkpt lat="53.784604" lon="-9.516974"><ele>59.8</ele></trkpt><trkpt lat="53.78564" lon="-9.517683"><ele>57.6</ele></trkpt><trkpt lat="53.785854" lon="-9.517976"><ele>56.6</ele></trkpt><trkpt lat="53.786149" lon="-9.518388"><ele>55.1</ele></trkpt><trkpt lat="53.78629" lon="-9.518596"><ele>54.5</ele></trkpt><trkpt lat="53.786412" lon="-9.518774"><ele>53.9</ele></trkpt><trkpt lat="53.786713" lon="-9.519243"><ele>52.5</ele></trkpt><trkpt lat="53.786779" lon="-9.51935"><ele>52.2</ele></trkpt><trkpt lat="53.786795" lon="-9.519376"><ele>52.1</ele></trkpt><trkpt lat="53.786812" lon="-9.519402"><ele>52</ele></trkpt><trkpt lat="53.787056" lon="-9.519799"><ele>50.9</ele></trkpt><trkpt lat="53.787262" lon="-9.520119"><ele>50.3</ele></trkpt><trkpt lat="53.787554" lon="-9.520611"><ele>49.6</ele></trkpt><trkpt lat="53.787641" lon="-9.520755"><ele>49.5</ele></trkpt><trkpt lat="53.787734" lon="-9.520907"><ele>49.3</ele></trkpt><trkpt lat="53.787896" lon="-9.521215"><ele>48.9</ele></trkpt><trkpt lat="53.788036" lon="-9.521363"><ele>48.6</ele></trkpt><trkpt lat="53.788824" lon="-9.522131"><ele>47.4</ele></trkpt><trkpt lat="53.78996" lon="-9.523297"><ele>47.1</ele></trkpt><trkpt lat="53.79026" lon="-9.523433"><ele>47</ele></trkpt><trkpt lat="53.790599" lon="-9.523521"><ele>46.8</ele></trkpt><trkpt lat="53.791316" lon="-9.523695"><ele>46</ele></trkpt><trkpt lat="53.79156" lon="-9.523748"><ele>45.7</ele></trkpt><trkpt lat="53.792218" lon="-9.523887"><ele>44.9</ele></trkpt><trkpt lat="53.792743" lon="-9.523981"><ele>44.9</ele></trkpt><trkpt lat="53.793663" lon="-9.524411"><ele>45.2</ele></trkpt><trkpt lat="53.793774" lon="-9.524522"><ele>45.2</ele></trkpt><trkpt lat="53.793947" lon="-9.524853"><ele>45.1</ele></trkpt><trkpt lat="53.794054" lon="-9.524987"><ele>45</ele></trkpt><trkpt lat="53.794472" lon="-9.52538"><ele>44.6</ele></trkpt><trkpt lat="53.794612" lon="-9.525267"><ele>44.4</ele></trkpt><trkpt lat="53.795467" lon="-9.524352"><ele>43.1</ele></trkpt><trkpt lat="53.795727" lon="-9.524045"><ele>42.7</ele></trkpt><trkpt lat="53.795817" lon="-9.524028"><ele>42.5</ele></trkpt><trkpt lat="53.795949" lon="-9.523879"><ele>42.3</ele></trkpt><trkpt lat="53.796102" lon="-9.523463"><ele>41.8</ele></trkpt><trkpt lat="53.796139" lon="-9.52345"><ele>41.7</ele></trkpt><trkpt lat="53.79637" lon="-9.522869"><ele>40.9</ele></trkpt><trkpt lat="53.796305" lon="-9.522753"><ele>40.7</ele></trkpt><trkpt lat="53.796338" lon="-9.522662"><ele>40.4</ele></trkpt><trkpt lat="53.796373" lon="-9.522579"><ele>40.2</ele></trkpt><trkpt lat="53.796415" lon="-9.522517"><ele>40</ele></trkpt><trkpt lat="53.796463" lon="-9.522492"><ele>39.8</ele></trkpt><trkpt lat="53.796511" lon="-9.522514"><ele>39.6</ele></trkpt><trkpt lat="53.796556" lon="-9.522569"><ele>39.4</ele></trkpt><trkpt lat="53.7966" lon="-9.522637"><ele>39.1</ele></trkpt><trkpt lat="53.796645" lon="-9.522706"><ele>38.8</ele></trkpt><trkpt lat="53.796689" lon="-9.522767"><ele>38.5</ele></trkpt><trkpt lat="53.796735" lon="-9.522809"><ele>38.3</ele></trkpt><trkpt lat="53.796783" lon="-9.522825"><ele>38</ele></trkpt><trkpt lat="53.79683" lon="-9.522813"><ele>37.7</ele></trkpt><trkpt lat="53.796874" lon="-9.522783"><ele>37.4</ele></trkpt><trkpt lat="53.796859" lon="-9.522714"><ele>37.2</ele></trkpt><trkpt lat="53.79695" lon="-9.522657"><ele>36.5</ele></trkpt><trkpt lat="53.797064" lon="-9.522647"><ele>35.8</ele></trkpt><trkpt lat="53.79732" lon="-9.52272"><ele>33.8</ele></trkpt><trkpt lat="53.79763" lon="-9.522842"><ele>31.3</ele></trkpt><trkpt lat="53.797931" lon="-9.522972"><ele>28.8</ele></trkpt><trkpt lat="53.798164" lon="-9.523055"><ele>26.9</ele></trkpt><trkpt lat="53.798211" lon="-9.523058"><ele>26.5</ele></trkpt><trkpt lat="53.79835" lon="-9.522915"><ele>25.4</ele></trkpt><trkpt lat="53.798313" lon="-9.522811"><ele>24.9</ele></trkpt><trkpt lat="53.798321" lon="-9.522746"><ele>24.6</ele></trkpt><trkpt lat="53.798505" lon="-9.521565"><ele>21.1</ele></trkpt><trkpt lat="53.79857" lon="-9.52119"><ele>20.5</ele></trkpt><trkpt lat="53.798597" lon="-9.521037"><ele>20.3</ele></trkpt><trkpt lat="53.798637" lon="-9.520796"><ele>20</ele></trkpt><trkpt lat="53.798643" lon="-9.520762"><ele>19.9</ele></trkpt><trkpt lat="53.79867" lon="-9.520601"><ele>19.6</ele></trkpt><trkpt lat="53.79868" lon="-9.520542"><ele>19.5</ele></trkpt><trkpt lat="53.798712" lon="-9.520359"><ele>19.1</ele></trkpt><trkpt lat="53.798826" lon="-9.519701"><ele>17.7</ele></trkpt><trkpt lat="53.798891" lon="-9.519293"><ele>16.9</ele></trkpt><trkpt lat="53.799001" lon="-9.519292"><ele>16.5</ele></trkpt><trkpt lat="53.799278" lon="-9.519143"><ele>15.7</ele></trkpt><trkpt lat="53.799328" lon="-9.519087"><ele>15.5</ele></trkpt><trkpt lat="53.799405" lon="-9.519281"><ele>15.2</ele></trkpt><trkpt lat="53.799397" lon="-9.519354"><ele>15.1</ele></trkpt><trkpt lat="53.799398" lon="-9.519355"><ele>15.1</ele></trkpt><trkpt lat="53.79942" lon="-9.519406"><ele>15</ele></trkpt><trkpt lat="53.799438" lon="-9.519455"><ele>14.9</ele></trkpt><trkpt lat="53.799458" lon="-9.519496"><ele>14.8</ele></trkpt><trkpt lat="53.799478" lon="-9.519531"><ele>14.7</ele></trkpt><trkpt lat="53.799495" lon="-9.519555"><ele>14.6</ele></trkpt><trkpt lat="53.799509" lon="-9.519569"><ele>14.6</ele></trkpt><trkpt lat="53.799518" lon="-9.519575"><ele>14.6</ele></trkpt><trkpt lat="53.799526" lon="-9.519576"><ele>14.5</ele></trkpt><trkpt lat="53.799532" lon="-9.519584"><ele>14.5</ele></trkpt><trkpt lat="53.799541" lon="-9.519598"><ele>14.5</ele></trkpt><trkpt lat="53.799555" lon="-9.519623"><ele>14.4</ele></trkpt><trkpt lat="53.799572" lon="-9.519657"><ele>14.3</ele></trkpt><trkpt lat="53.79959" lon="-9.5197"><ele>14.2</ele></trkpt><trkpt lat="53.79961" lon="-9.519749"><ele>14.2</ele></trkpt><trkpt lat="53.79963" lon="-9.519802"><ele>14.1</ele></trkpt><trkpt lat="53.799652" lon="-9.519854"><ele>14</ele></trkpt><trkpt lat="53.799674" lon="-9.519906"><ele>13.8</ele></trkpt><trkpt lat="53.799696" lon="-9.519956"><ele>13.7</ele></trkpt><trkpt lat="53.799718" lon="-9.520004"><ele>13.6</ele></trkpt><trkpt lat="53.799739" lon="-9.52005"><ele>13.6</ele></trkpt><trkpt lat="53.799759" lon="-9.520096"><ele>13.5</ele></trkpt><trkpt lat="53.79978" lon="-9.520141"><ele>13.4</ele></trkpt><trkpt lat="53.7998" lon="-9.520185"><ele>13.4</ele></trkpt><trkpt lat="53.79982" lon="-9.52023"><ele>13.3</ele></trkpt><trkpt lat="53.79984" lon="-9.520274"><ele>13.2</ele></trkpt><trkpt lat="53.79986" lon="-9.520317"><ele>13.2</ele></trkpt><trkpt lat="53.79988" lon="-9.520359"><ele>13.2</ele></trkpt><trkpt lat="53.799901" lon="-9.520402"><ele>13.2</ele></trkpt><trkpt lat="53.799922" lon="-9.520447"><ele>13.1</ele></trkpt><trkpt lat="53.799943" lon="-9.520496"><ele>13.1</ele></trkpt><trkpt lat="53.799966" lon="-9.520548"><ele>13.1</ele></trkpt><trkpt lat="53.79999" lon="-9.520601"><ele>13.1</ele></trkpt><trkpt lat="53.800016" lon="-9.520656"><ele>13.1</ele></trkpt><trkpt lat="53.800041" lon="-9.52071"><ele>13.2</ele></trkpt><trkpt lat="53.800065" lon="-9.520763"><ele>13.2</ele></trkpt><trkpt lat="53.800086" lon="-9.520817"><ele>13.2</ele></trkpt><trkpt lat="53.800108" lon="-9.520869"><ele>13.3</ele></trkpt><trkpt lat="53.800129" lon="-9.520917"><ele>13.3</ele></trkpt><trkpt lat="53.800151" lon="-9.520964"><ele>13.3</ele></trkpt><trkpt lat="53.80017" lon="-9.52101"><ele>13.4</ele></trkpt><trkpt lat="53.800189" lon="-9.521053"><ele>13.4</ele></trkpt><trkpt lat="53.800207" lon="-9.521092"><ele>13.4</ele></trkpt><trkpt lat="53.800224" lon="-9.52113"><ele>13.5</ele></trkpt><trkpt lat="53.800241" lon="-9.521165"><ele>13.5</ele></trkpt><trkpt lat="53.800244" lon="-9.521162"><ele>13.5</ele></trkpt><trkpt lat="53.800382" lon="-9.521471"><ele>13.9</ele></trkpt><trkpt lat="53.80033" lon="-9.521592"><ele>14.1</ele></trkpt><trkpt lat="53.799498" lon="-9.522231"><ele>16.9</ele></trkpt><trkpt lat="53.799417" lon="-9.52229"><ele>17.3</ele></trkpt><trkpt lat="53.799333" lon="-9.522354"><ele>17.6</ele></trkpt><trkpt lat="53.79933" lon="-9.522344"><ele>17.6</ele></trkpt><trkpt lat="53.799302" lon="-9.522365"><ele>17.8</ele></trkpt><trkpt lat="53.799274" lon="-9.522387"><ele>17.9</ele></trkpt><trkpt lat="53.799247" lon="-9.522411"><ele>18</ele></trkpt><trkpt lat="53.799221" lon="-9.522433"><ele>18.1</ele></trkpt><trkpt lat="53.799198" lon="-9.522451"><ele>18.1</ele></trkpt><trkpt lat="53.799177" lon="-9.522461"><ele>18.2</ele></trkpt><trkpt lat="53.799155" lon="-9.522465"><ele>18.3</ele></trkpt><trkpt lat="53.799135" lon="-9.522483"><ele>18.3</ele></trkpt><trkpt lat="53.799119" lon="-9.522519"><ele>18.4</ele></trkpt><trkpt lat="53.799103" lon="-9.522555"><ele>18.5</ele></trkpt><trkpt lat="53.799088" lon="-9.522591"><ele>18.6</ele></trkpt><trkpt lat="53.799072" lon="-9.522626"><ele>18.6</ele></trkpt><trkpt lat="53.799056" lon="-9.522662"><ele>18.7</ele></trkpt><trkpt lat="53.79904" lon="-9.522698"><ele>18.8</ele></trkpt><trkpt lat="53.799025" lon="-9.522734"><ele>18.9</ele></trkpt><trkpt lat="53.799009" lon="-9.52277"><ele>18.9</ele></trkpt><trkpt lat="53.798993" lon="-9.522806"><ele>19</ele></trkpt><trkpt lat="53.798977" lon="-9.522842"><ele>19.1</ele></trkpt><trkpt lat="53.798962" lon="-9.522878"><ele>19.1</ele></trkpt><trkpt lat="53.798946" lon="-9.522913"><ele>19.2</ele></trkpt><trkpt lat="53.79893" lon="-9.522949"><ele>19.3</ele></trkpt><trkpt lat="53.798914" lon="-9.522985"><ele>19.3</ele></trkpt><trkpt lat="53.798899" lon="-9.523021"><ele>19.4</ele></trkpt><trkpt lat="53.798883" lon="-9.523057"><ele>19.4</ele></trkpt><trkpt lat="53.798867" lon="-9.523093"><ele>19.5</ele></trkpt><trkpt lat="53.798851" lon="-9.523129"><ele>19.6</ele></trkpt><trkpt lat="53.798835" lon="-9.523164"><ele>19.6</ele></trkpt><trkpt lat="53.79882" lon="-9.5232"><ele>19.7</ele></trkpt><trkpt lat="53.798804" lon="-9.523236"><ele>19.7</ele></trkpt><trkpt lat="53.798788" lon="-9.523272"><ele>19.8</ele></trkpt><trkpt lat="53.798772" lon="-9.523308"><ele>19.9</ele></trkpt><trkpt lat="53.798757" lon="-9.523344"><ele>19.9</ele></trkpt><trkpt lat="53.798741" lon="-9.52338"><ele>20</ele></trkpt><trkpt lat="53.798725" lon="-9.523416"><ele>20</ele></trkpt><trkpt lat="53.798709" lon="-9.523451"><ele>20.1</ele></trkpt><trkpt lat="53.798694" lon="-9.523487"><ele>20.1</ele></trkpt><trkpt lat="53.798678" lon="-9.523523"><ele>20.2</ele></trkpt><trkpt lat="53.798662" lon="-9.523559"><ele>20.3</ele></trkpt><trkpt lat="53.798676" lon="-9.523587"><ele>20.3</ele></trkpt><trkpt lat="53.798696" lon="-9.52362"><ele>20.4</ele></trkpt><trkpt lat="53.79872" lon="-9.523666"><ele>20.4</ele></trkpt><trkpt lat="53.798749" lon="-9.523724"><ele>20.5</ele></trkpt><trkpt lat="53.798776" lon="-9.523786"><ele>20.7</ele></trkpt><trkpt lat="53.798799" lon="-9.523846"><ele>20.8</ele></trkpt><trkpt lat="53.798821" lon="-9.523901"><ele>20.9</ele></trkpt><trkpt lat="53.798841" lon="-9.523948"><ele>21</ele></trkpt><trkpt lat="53.79886" lon="-9.52399"><ele>21.1</ele></trkpt><trkpt lat="53.798879" lon="-9.524029"><ele>21.1</ele></trkpt><trkpt lat="53.798897" lon="-9.524065"><ele>21.2</ele></trkpt><trkpt lat="53.798902" lon="-9.524057"><ele>21.2</ele></trkpt><trkpt lat="53.798967" lon="-9.52418"><ele>21.5</ele></trkpt><trkpt lat="53.799046" lon="-9.524492"><ele>22.1</ele></trkpt><trkpt lat="53.799043" lon="-9.524755"><ele>22.6</ele></trkpt><trkpt lat="53.798965" lon="-9.525045"><ele>23.2</ele></trkpt><trkpt lat="53.798847" lon="-9.525209"><ele>23.8</ele></trkpt><trkpt lat="53.798792" lon="-9.525365"><ele>24.3</ele></trkpt><trkpt lat="53.798775" lon="-9.525455"><ele>24.6</ele></trkpt><trkpt lat="53.798745" lon="-9.525609"><ele>25.1</ele></trkpt><trkpt lat="53.798694" lon="-9.525914"><ele>26.2</ele></trkpt><trkpt lat="53.798698" lon="-9.52611"><ele>27</ele></trkpt><trkpt lat="53.798813" lon="-9.526645"><ele>29.4</ele></trkpt><trkpt lat="53.798808" lon="-9.526925"><ele>30.7</ele></trkpt><trkpt lat="53.798433" lon="-9.527517"><ele>34.2</ele></trkpt><trkpt lat="53.798327" lon="-9.527733"><ele>35.3</ele></trkpt><trkpt lat="53.798217" lon="-9.528033"><ele>36.5</ele></trkpt><trkpt lat="53.798168" lon="-9.528295"><ele>37.4</ele></trkpt><trkpt lat="53.798131" lon="-9.528702"><ele>38.7</ele></trkpt><trkpt lat="53.79806" lon="-9.529471"><ele>40.6</ele></trkpt><trkpt lat="53.797985" lon="-9.530295"><ele>41.7</ele></trkpt><trkpt lat="53.797897" lon="-9.531078"><ele>42</ele></trkpt><trkpt lat="53.797834" lon="-9.531525"><ele>42</ele></trkpt><trkpt lat="53.797819" lon="-9.531895"><ele>41.8</ele></trkpt><trkpt lat="53.797848" lon="-9.532103"><ele>41.7</ele></trkpt><trkpt lat="53.797861" lon="-9.532187"><ele>41.7</ele></trkpt><trkpt lat="53.797947" lon="-9.532686"><ele>41.2</ele></trkpt><trkpt lat="53.798175" lon="-9.533992"><ele>39.6</ele></trkpt><trkpt lat="53.798188" lon="-9.534074"><ele>39.4</ele></trkpt><trkpt lat="53.798292" lon="-9.534752"><ele>38.3</ele></trkpt><trkpt lat="53.798466" lon="-9.535939"><ele>35</ele></trkpt><trkpt lat="53.798523" lon="-9.536345"><ele>33.7</ele></trkpt><trkpt lat="53.798555" lon="-9.53657"><ele>32.9</ele></trkpt><trkpt lat="53.798621" lon="-9.537035"><ele>31.2</ele></trkpt><trkpt lat="53.798668" lon="-9.537377"><ele>29.9</ele></trkpt><trkpt lat="53.798744" lon="-9.538022"><ele>27.6</ele></trkpt><trkpt lat="53.79877" lon="-9.538433"><ele>26.2</ele></trkpt><trkpt lat="53.798777" lon="-9.538722"><ele>25.4</ele></trkpt><trkpt lat="53.79879" lon="-9.539336"><ele>24</ele></trkpt><trkpt lat="53.798794" lon="-9.539528"><ele>23.6</ele></trkpt><trkpt lat="53.798814" lon="-9.540307"><ele>22.3</ele></trkpt><trkpt lat="53.798822" lon="-9.540552"><ele>22</ele></trkpt><trkpt lat="53.798865" lon="-9.542686"><ele>20.4</ele></trkpt><trkpt lat="53.798866" lon="-9.542791"><ele>20.3</ele></trkpt><trkpt lat="53.798869" lon="-9.542938"><ele>20.2</ele></trkpt><trkpt lat="53.798874" lon="-9.543154"><ele>20.1</ele></trkpt><trkpt lat="53.798882" lon="-9.543543"><ele>19.8</ele></trkpt><trkpt lat="53.798888" lon="-9.543709"><ele>19.7</ele></trkpt><trkpt lat="53.798894" lon="-9.543915"><ele>19.6</ele></trkpt><trkpt lat="53.798908" lon="-9.544431"><ele>19.4</ele></trkpt><trkpt lat="53.799135" lon="-9.545014"><ele>19.1</ele></trkpt><trkpt lat="53.7993" lon="-9.545398"><ele>19.1</ele></trkpt><trkpt lat="53.799212" lon="-9.545544"><ele>19.1</ele></trkpt><trkpt lat="53.799217" lon="-9.545553"><ele>19.1</ele></trkpt><trkpt lat="53.799195" lon="-9.545585"><ele>19.1</ele></trkpt><trkpt lat="53.799176" lon="-9.545616"><ele>19.1</ele></trkpt><trkpt lat="53.799161" lon="-9.545648"><ele>19.1</ele></trkpt><trkpt lat="53.79915" lon="-9.54568"><ele>19.1</ele></trkpt><trkpt lat="53.799145" lon="-9.545712"><ele>19.1</ele></trkpt><trkpt lat="53.799147" lon="-9.545742"><ele>19</ele></trkpt><trkpt lat="53.799154" lon="-9.54577"><ele>19</ele></trkpt><trkpt lat="53.799163" lon="-9.545795"><ele>19</ele></trkpt><trkpt lat="53.799173" lon="-9.545818"><ele>19</ele></trkpt><trkpt lat="53.799183" lon="-9.54584"><ele>19</ele></trkpt><trkpt lat="53.799193" lon="-9.545863"><ele>19</ele></trkpt><trkpt lat="53.799202" lon="-9.545884"><ele>19</ele></trkpt><trkpt lat="53.799211" lon="-9.545906"><ele>19</ele></trkpt><trkpt lat="53.799221" lon="-9.545928"><ele>19</ele></trkpt><trkpt lat="53.79923" lon="-9.545952"><ele>18.9</ele></trkpt><trkpt lat="53.799237" lon="-9.545979"><ele>18.9</ele></trkpt><trkpt lat="53.799246" lon="-9.546008"><ele>18.9</ele></trkpt><trkpt lat="53.799255" lon="-9.546041"><ele>18.9</ele></trkpt><trkpt lat="53.799265" lon="-9.546078"><ele>18.9</ele></trkpt><trkpt lat="53.799274" lon="-9.546117"><ele>18.8</ele></trkpt><trkpt lat="53.799285" lon="-9.546156"><ele>18.8</ele></trkpt><trkpt lat="53.799295" lon="-9.546195"><ele>18.8</ele></trkpt><trkpt lat="53.799303" lon="-9.546235"><ele>18.7</ele></trkpt><trkpt lat="53.79931" lon="-9.546275"><ele>18.7</ele></trkpt><trkpt lat="53.799312" lon="-9.546317"><ele>18.7</ele></trkpt><trkpt lat="53.79931" lon="-9.546359"><ele>18.6</ele></trkpt><trkpt lat="53.799306" lon="-9.546399"><ele>18.6</ele></trkpt><trkpt lat="53.799303" lon="-9.546435"><ele>18.6</ele></trkpt><trkpt lat="53.799299" lon="-9.546465"><ele>18.6</ele></trkpt><trkpt lat="53.799296" lon="-9.546491"><ele>18.5</ele></trkpt><trkpt lat="53.799293" lon="-9.546512"><ele>18.5</ele></trkpt><trkpt lat="53.799291" lon="-9.546526"><ele>18.5</ele></trkpt><trkpt lat="53.799173" lon="-9.546145"><ele>18</ele></trkpt><trkpt lat="53.79914" lon="-9.54593"><ele>17.8</ele></trkpt><trkpt lat="53.79919" lon="-9.545867"><ele>17.6</ele></trkpt><trkpt lat="53.799149" lon="-9.545648"><ele>17.3</ele></trkpt><trkpt lat="53.799212" lon="-9.545544"><ele>17</ele></trkpt><trkpt lat="53.7993" lon="-9.545398"><ele>16.6</ele></trkpt><trkpt lat="53.799588" lon="-9.546087"><ele>14.1</ele></trkpt><trkpt lat="53.799621" lon="-9.546171"><ele>13.8</ele></trkpt><trkpt lat="53.79981" lon="-9.546667"><ele>12</ele></trkpt><trkpt lat="53.799897" lon="-9.546759"><ele>11.4</ele></trkpt><trkpt lat="53.800178" lon="-9.546912"><ele>10.2</ele></trkpt><trkpt lat="53.800216" lon="-9.546769"><ele>9.9</ele></trkpt><trkpt lat="53.80022" lon="-9.545178"><ele>8.6</ele></trkpt><trkpt lat="53.80021" lon="-9.544647"><ele>9.3</ele></trkpt><trkpt lat="53.800235" lon="-9.544346"><ele>9.7</ele></trkpt><trkpt lat="53.800331" lon="-9.544103"><ele>10.2</ele></trkpt><trkpt lat="53.800441" lon="-9.543954"><ele>10.6</ele></trkpt><trkpt lat="53.800392" lon="-9.5439"><ele>10.8</ele></trkpt><trkpt lat="53.800188" lon="-9.543672"><ele>11.4</ele></trkpt><trkpt lat="53.799992" lon="-9.542826"><ele>12.1</ele></trkpt><trkpt lat="53.799987" lon="-9.542058"><ele>12.5</ele></trkpt><trkpt lat="53.800198" lon="-9.541056"><ele>12.9</ele></trkpt><trkpt lat="53.800239" lon="-9.540637"><ele>13.1</ele></trkpt><trkpt lat="53.799935" lon="-9.53966"><ele>13.8</ele></trkpt><trkpt lat="53.79994" lon="-9.538857"><ele>15.1</ele></trkpt><trkpt lat="53.800022" lon="-9.537988"><ele>16.7</ele></trkpt><trkpt lat="53.799911" lon="-9.536531"><ele>16.6</ele></trkpt><trkpt lat="53.799861" lon="-9.536412"><ele>16.3</ele></trkpt><trkpt lat="53.79984" lon="-9.536186"><ele>15.8</ele></trkpt><trkpt lat="53.799923" lon="-9.53591"><ele>15.1</ele></trkpt><trkpt lat="53.800021" lon="-9.535553"><ele>14.1</ele></trkpt><trkpt lat="53.800099" lon="-9.535516"><ele>13.8</ele></trkpt><trkpt lat="53.800099" lon="-9.535516"><ele>13.8</ele></trkpt><trkpt lat="53.800151" lon="-9.535477"><ele>13.5</ele></trkpt><trkpt lat="53.800173" lon="-9.535534"><ele>13.3</ele></trkpt><trkpt lat="53.800209" lon="-9.535785"><ele>12.5</ele></trkpt><trkpt lat="53.800239" lon="-9.535776"><ele>12.3</ele></trkpt><trkpt lat="53.800327" lon="-9.535729"><ele>11.7</ele></trkpt><trkpt lat="53.800417" lon="-9.535686"><ele>11.1</ele></trkpt><trkpt lat="53.800453" lon="-9.535906"><ele>10.2</ele></trkpt><trkpt lat="53.800475" lon="-9.535895"><ele>10.1</ele></trkpt><trkpt lat="53.800463" lon="-9.535825"><ele>9.8</ele></trkpt><trkpt lat="53.800667" lon="-9.535742"><ele>8.5</ele></trkpt><trkpt lat="53.800463" lon="-9.535825"><ele>7.3</ele></trkpt><trkpt lat="53.800475" lon="-9.535895"><ele>7.1</ele></trkpt><trkpt lat="53.800453" lon="-9.535906"><ele>7</ele></trkpt><trkpt lat="53.800465" lon="-9.535977"><ele>6.9</ele></trkpt><trkpt lat="53.800511" lon="-9.536275"><ele>6.3</ele></trkpt><trkpt lat="53.800738" lon="-9.536158"><ele>5.9</ele></trkpt><trkpt lat="53.800993" lon="-9.535998"><ele>6</ele></trkpt><trkpt lat="53.801051" lon="-9.536009"><ele>6</ele></trkpt><trkpt lat="53.80109" lon="-9.536086"><ele>5.9</ele></trkpt><trkpt lat="53.801364" lon="-9.536307"><ele>6.1</ele></trkpt><trkpt lat="53.801364" lon="-9.536307"><ele>6.1</ele></trkpt><trkpt lat="53.801395" lon="-9.536326"><ele>6.2</ele></trkpt><trkpt lat="53.801584" lon="-9.536498"><ele>6.5</ele></trkpt><trkpt lat="53.801723" lon="-9.536621"><ele>6.9</ele></trkpt><trkpt lat="53.802666" lon="-9.53738"><ele>8.3</ele></trkpt><trkpt lat="53.802861" lon="-9.537609"><ele>8.3</ele></trkpt><trkpt lat="53.803152" lon="-9.538021"><ele>8</ele></trkpt><trkpt lat="53.803213" lon="-9.538123"><ele>7.9</ele></trkpt><trkpt lat="53.803281" lon="-9.538236"><ele>7.8</ele></trkpt><trkpt lat="53.803709" lon="-9.53901"><ele>7.1</ele></trkpt><trkpt lat="53.803887" lon="-9.539457"><ele>7</ele></trkpt><trkpt lat="53.804029" lon="-9.539977"><ele>7.2</ele></trkpt><trkpt lat="53.804541" lon="-9.53962"><ele>7.4</ele></trkpt><trkpt lat="53.804574" lon="-9.53954"><ele>7.4</ele></trkpt><trkpt lat="53.804686" lon="-9.539274"><ele>7.4</ele></trkpt><trkpt lat="53.8048" lon="-9.538984"><ele>7.4</ele></trkpt><trkpt lat="53.80494" lon="-9.538635"><ele>7.3</ele></trkpt><trkpt lat="53.805079" lon="-9.538234"><ele>7.1</ele></trkpt><trkpt lat="53.805197" lon="-9.537843"><ele>6.8</ele></trkpt><trkpt lat="53.805304" lon="-9.537366"><ele>6.4</ele></trkpt><trkpt lat="53.805646" lon="-9.535853"><ele>5.4</ele></trkpt><trkpt lat="53.80576" lon="-9.535365"><ele>5.2</ele></trkpt><trkpt lat="53.805854" lon="-9.534985"><ele>5.2</ele></trkpt><trkpt lat="53.806018" lon="-9.534308"><ele>5.5</ele></trkpt><trkpt lat="53.806092" lon="-9.534129"><ele>5.7</ele></trkpt><trkpt lat="53.806486" lon="-9.533528"><ele>6.6</ele></trkpt><trkpt lat="53.806644" lon="-9.533288"><ele>7.1</ele></trkpt><trkpt lat="53.806521" lon="-9.533017"><ele>7.7</ele></trkpt><trkpt lat="53.806449" lon="-9.532792"><ele>8.2</ele></trkpt><trkpt lat="53.806243" lon="-9.532075"><ele>10.1</ele></trkpt><trkpt lat="53.806232" lon="-9.532009"><ele>10.3</ele></trkpt><trkpt lat="53.806159" lon="-9.53136"><ele>12.3</ele></trkpt><trkpt lat="53.806153" lon="-9.531046"><ele>13.3</ele></trkpt><trkpt lat="53.806156" lon="-9.530732"><ele>14.3</ele></trkpt><trkpt lat="53.806216" lon="-9.529755"><ele>17.4</ele></trkpt><trkpt lat="53.806359" lon="-9.529226"><ele>19</ele></trkpt><trkpt lat="53.806875" lon="-9.52798"><ele>22.2</ele></trkpt><trkpt lat="53.806962" lon="-9.527771"><ele>22.5</ele></trkpt><trkpt lat="53.806994" lon="-9.527681"><ele>22.6</ele></trkpt><trkpt lat="53.807175" lon="-9.527178"><ele>23.3</ele></trkpt><trkpt lat="53.807445" lon="-9.527441"><ele>23.8</ele></trkpt><trkpt lat="53.807909" lon="-9.527896"><ele>24.3</ele></trkpt><trkpt lat="53.808196" lon="-9.528049"><ele>24.4</ele></trkpt><trkpt lat="53.808518" lon="-9.528137"><ele>24.4</ele></trkpt><trkpt lat="53.808776" lon="-9.52811"><ele>24.4</ele></trkpt><trkpt lat="53.808946" lon="-9.528116"><ele>24.4</ele></trkpt><trkpt lat="53.809044" lon="-9.528156"><ele>24.4</ele></trkpt><trkpt lat="53.809175" lon="-9.528233"><ele>24.4</ele></trkpt><trkpt lat="53.809312" lon="-9.528295"><ele>24.3</ele></trkpt><trkpt lat="53.809437" lon="-9.528428"><ele>24.2</ele></trkpt><trkpt lat="53.80969" lon="-9.528993"><ele>23.9</ele></trkpt><trkpt lat="53.80981" lon="-9.529279"><ele>23.7</ele></trkpt><trkpt lat="53.810323" lon="-9.530871"><ele>23.1</ele></trkpt><trkpt lat="53.810622" lon="-9.531729"><ele>24</ele></trkpt><trkpt lat="53.810794" lon="-9.532139"><ele>25.4</ele></trkpt><trkpt lat="53.811159" lon="-9.532893"><ele>29.1</ele></trkpt><trkpt lat="53.811699" lon="-9.533784"><ele>35.1</ele></trkpt><trkpt lat="53.811864" lon="-9.533561"><ele>36.7</ele></trkpt><trkpt lat="53.811936" lon="-9.533557"><ele>37.2</ele></trkpt><trkpt lat="53.81204" lon="-9.5337"><ele>38.1</ele></trkpt><trkpt lat="53.812083" lon="-9.534015"><ele>39.3</ele></trkpt><trkpt lat="53.812374" lon="-9.534594"><ele>40.9</ele></trkpt><trkpt lat="53.81264" lon="-9.534927"><ele>41.5</ele></trkpt><trkpt lat="53.812744" lon="-9.534862"><ele>41.6</ele></trkpt><trkpt lat="53.812883" lon="-9.535116"><ele>41.7</ele></trkpt><trkpt lat="53.812975" lon="-9.535225"><ele>41.6</ele></trkpt><trkpt lat="53.813063" lon="-9.535438"><ele>41.4</ele></trkpt><trkpt lat="53.813073" lon="-9.535689"><ele>41.1</ele></trkpt><trkpt lat="53.813102" lon="-9.535879"><ele>40.8</ele></trkpt><trkpt lat="53.813164" lon="-9.536041"><ele>40.5</ele></trkpt><trkpt lat="53.813306" lon="-9.536221"><ele>40</ele></trkpt><trkpt lat="53.813559" lon="-9.53638"><ele>39.2</ele></trkpt><trkpt lat="53.813643" lon="-9.536478"><ele>38.8</ele></trkpt><trkpt lat="53.813809" lon="-9.536651"><ele>38.2</ele></trkpt><trkpt lat="53.814291" lon="-9.536961"><ele>36.2</ele></trkpt><trkpt lat="53.814664" lon="-9.53711"><ele>34.5</ele></trkpt><trkpt lat="53.814828" lon="-9.537112"><ele>33.8</ele></trkpt><trkpt lat="53.814947" lon="-9.537029"><ele>33.3</ele></trkpt><trkpt lat="53.81519" lon="-9.53707"><ele>32.2</ele></trkpt><trkpt lat="53.815402" lon="-9.537159"><ele>31.3</ele></trkpt><trkpt lat="53.81563" lon="-9.537156"><ele>30.5</ele></trkpt><trkpt lat="53.816175" lon="-9.536838"><ele>28.8</ele></trkpt><trkpt lat="53.817217" lon="-9.535968"><ele>29.7</ele></trkpt><trkpt lat="53.81822" lon="-9.534997"><ele>33.4</ele></trkpt><trkpt lat="53.818577" lon="-9.53481"><ele>34.2</ele></trkpt><trkpt lat="53.818838" lon="-9.534742"><ele>34.6</ele></trkpt><trkpt lat="53.819573" lon="-9.534724"><ele>34.7</ele></trkpt><trkpt lat="53.820151" lon="-9.534802"><ele>34</ele></trkpt><trkpt lat="53.820659" lon="-9.535039"><ele>33.4</ele></trkpt><trkpt lat="53.821011" lon="-9.535376"><ele>33</ele></trkpt><trkpt lat="53.821438" lon="-9.535798"><ele>32.9</ele></trkpt><trkpt lat="53.822088" lon="-9.536677"><ele>32.5</ele></trkpt><trkpt lat="53.822263" lon="-9.536801"><ele>32.3</ele></trkpt><trkpt lat="53.822758" lon="-9.5376"><ele>32.1</ele></trkpt><trkpt lat="53.823046" lon="-9.538132"><ele>32</ele></trkpt><trkpt lat="53.823068" lon="-9.538174"><ele>32</ele></trkpt><trkpt lat="53.823481" lon="-9.539125"><ele>31.4</ele></trkpt><trkpt lat="53.82426" lon="-9.540531"><ele>28.4</ele></trkpt><trkpt lat="53.824695" lon="-9.541369"><ele>26.2</ele></trkpt><trkpt lat="53.826132" lon="-9.544058"><ele>23.1</ele></trkpt><trkpt lat="53.826532" lon="-9.544777"><ele>21.7</ele></trkpt><trkpt lat="53.827384" lon="-9.546159"><ele>17.5</ele></trkpt><trkpt lat="53.828113" lon="-9.547253"><ele>15.1</ele></trkpt><trkpt lat="53.828506" lon="-9.54796"><ele>14.4</ele></trkpt><trkpt lat="53.828935" lon="-9.548682"><ele>14.2</ele></trkpt><trkpt lat="53.829216" lon="-9.549046"><ele>14.2</ele></trkpt><trkpt lat="53.83018" lon="-9.550357"><ele>12.8</ele></trkpt><trkpt lat="53.831259" lon="-9.551695"><ele>9.6</ele></trkpt><trkpt lat="53.831365" lon="-9.551812"><ele>9.4</ele></trkpt><trkpt lat="53.831752" lon="-9.552334"><ele>8.9</ele></trkpt><trkpt lat="53.832646" lon="-9.553467"><ele>9.5</ele></trkpt><trkpt lat="53.833169" lon="-9.553948"><ele>10.2</ele></trkpt><trkpt lat="53.833502" lon="-9.554128"><ele>10.5</ele></trkpt><trkpt lat="53.83404" lon="-9.554374"><ele>10.7</ele></trkpt><trkpt lat="53.834353" lon="-9.55449"><ele>10.6</ele></trkpt><trkpt lat="53.834862" lon="-9.554573"><ele>10.5</ele></trkpt><trkpt lat="53.835252" lon="-9.554588"><ele>10.5</ele></trkpt><trkpt lat="53.835572" lon="-9.554562"><ele>10.4</ele></trkpt><trkpt lat="53.836101" lon="-9.554419"><ele>10.5</ele></trkpt><trkpt lat="53.836987" lon="-9.553902"><ele>10.3</ele></trkpt><trkpt lat="53.837195" lon="-9.553745"><ele>10.1</ele></trkpt><trkpt lat="53.837756" lon="-9.553194"><ele>9.3</ele></trkpt><trkpt lat="53.838375" lon="-9.552705"><ele>8.6</ele></trkpt><trkpt lat="53.838894" lon="-9.552436"><ele>8.6</ele></trkpt><trkpt lat="53.839146" lon="-9.552359"><ele>8.7</ele></trkpt><trkpt lat="53.839234" lon="-9.552339"><ele>8.8</ele></trkpt><trkpt lat="53.839408" lon="-9.552203"><ele>9</ele></trkpt><trkpt lat="53.839676" lon="-9.552113"><ele>9.4</ele></trkpt><trkpt lat="53.840313" lon="-9.55196"><ele>10.9</ele></trkpt><trkpt lat="53.841085" lon="-9.551758"><ele>13.1</ele></trkpt><trkpt lat="53.841455" lon="-9.551682"><ele>13.8</ele></trkpt><trkpt lat="53.841671" lon="-9.551697"><ele>14.1</ele></trkpt><trkpt lat="53.842914" lon="-9.5514"><ele>12.2</ele></trkpt><trkpt lat="53.843012" lon="-9.551381"><ele>11.9</ele></trkpt><trkpt lat="53.843191" lon="-9.551344"><ele>11.2</ele></trkpt><trkpt lat="53.843367" lon="-9.551274"><ele>10.5</ele></trkpt><trkpt lat="53.843722" lon="-9.551132"><ele>9.2</ele></trkpt><trkpt lat="53.84547" lon="-9.55063"><ele>5.4</ele></trkpt><trkpt lat="53.845816" lon="-9.55056"><ele>5</ele></trkpt><trkpt lat="53.846162" lon="-9.550441"><ele>4.6</ele></trkpt><trkpt lat="53.846218" lon="-9.550357"><ele>4.5</ele></trkpt><trkpt lat="53.846777" lon="-9.550205"><ele>4</ele></trkpt><trkpt lat="53.846819" lon="-9.550191"><ele>3.9</ele></trkpt><trkpt lat="53.847221" lon="-9.55008"><ele>3.6</ele></trkpt><trkpt lat="53.847395" lon="-9.549997"><ele>3.6</ele></trkpt><trkpt lat="53.84802" lon="-9.549642"><ele>3.8</ele></trkpt><trkpt lat="53.848255" lon="-9.549471"><ele>4</ele></trkpt><trkpt lat="53.848491" lon="-9.54928"><ele>4.1</ele></trkpt><trkpt lat="53.849744" lon="-9.548274"><ele>3.8</ele></trkpt><trkpt lat="53.850332" lon="-9.547878"><ele>3.1</ele></trkpt><trkpt lat="53.850839" lon="-9.547422"><ele>3</ele></trkpt><trkpt lat="53.851147" lon="-9.547109"><ele>3.2</ele></trkpt><trkpt lat="53.851751" lon="-9.546527"><ele>4</ele></trkpt><trkpt lat="53.852197" lon="-9.545922"><ele>3.8</ele></trkpt><trkpt lat="53.852428" lon="-9.545715"><ele>3.5</ele></trkpt><trkpt lat="53.852412" lon="-9.545583"><ele>3.5</ele></trkpt><trkpt lat="53.852687" lon="-9.545437"><ele>3</ele></trkpt><trkpt lat="53.85309" lon="-9.545351"><ele>2.2</ele></trkpt><trkpt lat="53.853688" lon="-9.545388"><ele>1.9</ele></trkpt><trkpt lat="53.854029" lon="-9.545432"><ele>2.8</ele></trkpt><trkpt lat="53.854842" lon="-9.545586"><ele>8.2</ele></trkpt><trkpt lat="53.85577" lon="-9.54574"><ele>13.6</ele></trkpt><trkpt lat="53.857388" lon="-9.545915"><ele>9.1</ele></trkpt><trkpt lat="53.85848" lon="-9.545985"><ele>4</ele></trkpt><trkpt lat="53.858834" lon="-9.546005"><ele>3.2</ele></trkpt><trkpt lat="53.859082" lon="-9.546017"><ele>2.9</ele></trkpt><trkpt lat="53.859483" lon="-9.546037"><ele>2.8</ele></trkpt><trkpt lat="53.860229" lon="-9.546052"><ele>3.4</ele></trkpt><trkpt lat="53.860686" lon="-9.546065"><ele>3.8</ele></trkpt><trkpt lat="53.860963" lon="-9.546083"><ele>4</ele></trkpt><trkpt lat="53.862073" lon="-9.546152"><ele>4.8</ele></trkpt><trkpt lat="53.862704" lon="-9.546044"><ele>5.4</ele></trkpt><trkpt lat="53.8631" lon="-9.545885"><ele>5.9</ele></trkpt><trkpt lat="53.863353" lon="-9.54573"><ele>6.1</ele></trkpt><trkpt lat="53.863771" lon="-9.545379"><ele>6.5</ele></trkpt><trkpt lat="53.86407" lon="-9.545043"><ele>6.9</ele></trkpt><trkpt lat="53.86432" lon="-9.544698"><ele>7.2</ele></trkpt><trkpt lat="53.864487" lon="-9.544395"><ele>7.5</ele></trkpt><trkpt lat="53.864798" lon="-9.543769"><ele>8</ele></trkpt><trkpt lat="53.864933" lon="-9.543406"><ele>8.2</ele></trkpt><trkpt lat="53.865244" lon="-9.542352"><ele>8.5</ele></trkpt><trkpt lat="53.8658" lon="-9.540042"><ele>6.5</ele></trkpt><trkpt lat="53.866055" lon="-9.539103"><ele>5.9</ele></trkpt><trkpt lat="53.866196" lon="-9.538592"><ele>5.8</ele></trkpt><trkpt lat="53.866349" lon="-9.538151"><ele>5.9</ele></trkpt><trkpt lat="53.866722" lon="-9.537349"><ele>6.2</ele></trkpt><trkpt lat="53.866908" lon="-9.537037"><ele>6.4</ele></trkpt><trkpt lat="53.867174" lon="-9.536663"><ele>6.6</ele></trkpt><trkpt lat="53.867741" lon="-9.536098"><ele>6.9</ele></trkpt><trkpt lat="53.867957" lon="-9.535945"><ele>7.1</ele></trkpt><trkpt lat="53.868564" lon="-9.535665"><ele>7.4</ele></trkpt><trkpt lat="53.869008" lon="-9.535612"><ele>7.6</ele></trkpt><trkpt lat="53.869453" lon="-9.535658"><ele>7.9</ele></trkpt><trkpt lat="53.869913" lon="-9.535797"><ele>8.1</ele></trkpt><trkpt lat="53.870304" lon="-9.536023"><ele>8.2</ele></trkpt><trkpt lat="53.872913" lon="-9.537835"><ele>8.6</ele></trkpt><trkpt lat="53.87328" lon="-9.5381"><ele>9.2</ele></trkpt><trkpt lat="53.873666" lon="-9.538434"><ele>10.3</ele></trkpt><trkpt lat="53.874052" lon="-9.538836"><ele>11.6</ele></trkpt><trkpt lat="53.874276" lon="-9.539135"><ele>12.4</ele></trkpt><trkpt lat="53.874667" lon="-9.539896"><ele>14</ele></trkpt><trkpt lat="53.875141" lon="-9.541224"><ele>14.7</ele></trkpt><trkpt lat="53.875557" lon="-9.542571"><ele>14.5</ele></trkpt><trkpt lat="53.875831" lon="-9.543275"><ele>14.5</ele></trkpt><trkpt lat="53.877236" lon="-9.546324"><ele>13.3</ele></trkpt><trkpt lat="53.877623" lon="-9.547075"><ele>11.7</ele></trkpt><trkpt lat="53.877949" lon="-9.547547"><ele>10.5</ele></trkpt><trkpt lat="53.878285" lon="-9.54796"><ele>9.6</ele></trkpt><trkpt lat="53.878693" lon="-9.548324"><ele>9</ele></trkpt><trkpt lat="53.879311" lon="-9.548626"><ele>8.4</ele></trkpt><trkpt lat="53.879705" lon="-9.548752"><ele>8.2</ele></trkpt><trkpt lat="53.879794" lon="-9.548774"><ele>8.2</ele></trkpt><trkpt lat="53.880048" lon="-9.548806"><ele>8.3</ele></trkpt><trkpt lat="53.880168" lon="-9.548818"><ele>8.4</ele></trkpt><trkpt lat="53.880345" lon="-9.548831"><ele>8.5</ele></trkpt><trkpt lat="53.880401" lon="-9.548835"><ele>8.6</ele></trkpt><trkpt lat="53.880421" lon="-9.548837"><ele>8.6</ele></trkpt><trkpt lat="53.880891" lon="-9.548875"><ele>9.4</ele></trkpt><trkpt lat="53.881086" lon="-9.54889"><ele>10</ele></trkpt><trkpt lat="53.882062" lon="-9.548931"><ele>12.1</ele></trkpt><trkpt lat="53.88237" lon="-9.548803"><ele>12.2</ele></trkpt><trkpt lat="53.882512" lon="-9.548697"><ele>12.2</ele></trkpt><trkpt lat="53.882807" lon="-9.54833"><ele>12.1</ele></trkpt><trkpt lat="53.883056" lon="-9.547859"><ele>11.8</ele></trkpt><trkpt lat="53.883151" lon="-9.547542"><ele>11.3</ele></trkpt><trkpt lat="53.883203" lon="-9.547168"><ele>10.6</ele></trkpt><trkpt lat="53.883342" lon="-9.54611"><ele>8</ele></trkpt><trkpt lat="53.883406" lon="-9.545938"><ele>7.4</ele></trkpt><trkpt lat="53.883531" lon="-9.545781"><ele>6.6</ele></trkpt><trkpt lat="53.883615" lon="-9.545763"><ele>6.3</ele></trkpt><trkpt lat="53.884098" lon="-9.545937"><ele>4.3</ele></trkpt><trkpt lat="53.884581" lon="-9.546127"><ele>2.7</ele></trkpt><trkpt lat="53.884628" lon="-9.546146"><ele>2.6</ele></trkpt><trkpt lat="53.884675" lon="-9.546165"><ele>2.6</ele></trkpt><trkpt lat="53.884713" lon="-9.544952"><ele>2.8</ele></trkpt><trkpt lat="53.884766" lon="-9.543033"><ele>5.4</ele></trkpt><trkpt lat="53.884799" lon="-9.542492"><ele>6</ele></trkpt><trkpt lat="53.884751" lon="-9.54024"><ele>7.1</ele></trkpt><trkpt lat="53.884749" lon="-9.539977"><ele>7</ele></trkpt><trkpt lat="53.884756" lon="-9.53928"><ele>7</ele></trkpt><trkpt lat="53.884789" lon="-9.538867"><ele>7</ele></trkpt><trkpt lat="53.884891" lon="-9.538144"><ele>7.2</ele></trkpt><trkpt lat="53.885004" lon="-9.537697"><ele>7.6</ele></trkpt><trkpt lat="53.885288" lon="-9.53636"><ele>8.8</ele></trkpt><trkpt lat="53.885506" lon="-9.535099"><ele>9.6</ele></trkpt><trkpt lat="53.885897" lon="-9.533478"><ele>8.9</ele></trkpt><trkpt lat="53.886336" lon="-9.531918"><ele>7.5</ele></trkpt><trkpt lat="53.886824" lon="-9.530605"><ele>7.4</ele></trkpt><trkpt lat="53.886888" lon="-9.530382"><ele>7.6</ele></trkpt><trkpt lat="53.88692" lon="-9.530088"><ele>7.7</ele></trkpt><trkpt lat="53.886903" lon="-9.529805"><ele>7.9</ele></trkpt><trkpt lat="53.88687" lon="-9.529663"><ele>8.1</ele></trkpt><trkpt lat="53.886761" lon="-9.529435"><ele>8.3</ele></trkpt><trkpt lat="53.886739" lon="-9.529326"><ele>8.4</ele></trkpt><trkpt lat="53.886747" lon="-9.529217"><ele>8.5</ele></trkpt><trkpt lat="53.886843" lon="-9.528892"><ele>8.9</ele></trkpt><trkpt lat="53.887155" lon="-9.528282"><ele>9.7</ele></trkpt><trkpt lat="53.887734" lon="-9.527302"><ele>10.4</ele></trkpt><trkpt lat="53.888807" lon="-9.525647"><ele>10.9</ele></trkpt><trkpt lat="53.889809" lon="-9.524008"><ele>10.3</ele></trkpt><trkpt lat="53.889997" lon="-9.523694"><ele>10.4</ele></trkpt><trkpt lat="53.890189" lon="-9.523245"><ele>10.7</ele></trkpt><trkpt lat="53.890228" lon="-9.523099"><ele>10.8</ele></trkpt><trkpt lat="53.890254" lon="-9.522857"><ele>10.9</ele></trkpt><trkpt lat="53.890228" lon="-9.52261"><ele>11</ele></trkpt><trkpt lat="53.89018" lon="-9.522461"><ele>11.1</ele></trkpt><trkpt lat="53.890009" lon="-9.522158"><ele>11.3</ele></trkpt><trkpt lat="53.889655" lon="-9.52176"><ele>11.5</ele></trkpt><trkpt lat="53.889561" lon="-9.521608"><ele>11.6</ele></trkpt><trkpt lat="53.889292" lon="-9.521037"><ele>11.8</ele></trkpt><trkpt lat="53.889215" lon="-9.52083"><ele>11.8</ele></trkpt><trkpt lat="53.889147" lon="-9.520545"><ele>11.8</ele></trkpt><trkpt lat="53.889084" lon="-9.520083"><ele>11.8</ele></trkpt><trkpt lat="53.889088" lon="-9.518622"><ele>11.9</ele></trkpt><trkpt lat="53.889057" lon="-9.518356"><ele>12</ele></trkpt><trkpt lat="53.888994" lon="-9.51808"><ele>12</ele></trkpt><trkpt lat="53.888841" lon="-9.51754"><ele>12.3</ele></trkpt><trkpt lat="53.888593" lon="-9.516828"><ele>13</ele></trkpt><trkpt lat="53.887926" lon="-9.515343"><ele>16.7</ele></trkpt><trkpt lat="53.887424" lon="-9.514175"><ele>19.5</ele></trkpt><trkpt lat="53.887097" lon="-9.513377"><ele>20.5</ele></trkpt><trkpt lat="53.887024" lon="-9.513179"><ele>20.6</ele></trkpt><trkpt lat="53.886784" lon="-9.51252"><ele>20.6</ele></trkpt><trkpt lat="53.886673" lon="-9.512147"><ele>20.5</ele></trkpt><trkpt lat="53.886583" lon="-9.511736"><ele>20.5</ele></trkpt><trkpt lat="53.88653" lon="-9.511366"><ele>20.6</ele></trkpt><trkpt lat="53.886239" lon="-9.509019"><ele>20.6</ele></trkpt><trkpt lat="53.887238" lon="-9.508536"><ele>19.9</ele></trkpt><trkpt lat="53.88801" lon="-9.507879"><ele>19.2</ele></trkpt><trkpt lat="53.88892" lon="-9.507007"><ele>18.8</ele></trkpt><trkpt lat="53.889317" lon="-9.506584"><ele>18.8</ele></trkpt><trkpt lat="53.889506" lon="-9.506338"><ele>18.8</ele></trkpt><trkpt lat="53.890479" lon="-9.504949"><ele>20.3</ele></trkpt><trkpt lat="53.890707" lon="-9.50456"><ele>20.8</ele></trkpt><trkpt lat="53.890914" lon="-9.503936"><ele>21.3</ele></trkpt><trkpt lat="53.891092" lon="-9.503478"><ele>21.4</ele></trkpt><trkpt lat="53.891417" lon="-9.502701"><ele>21.4</ele></trkpt><trkpt lat="53.891791" lon="-9.502289"><ele>20.9</ele></trkpt><trkpt lat="53.892199" lon="-9.501791"><ele>20.2</ele></trkpt><trkpt lat="53.892461" lon="-9.501277"><ele>19.7</ele></trkpt><trkpt lat="53.893384" lon="-9.498954"><ele>18.4</ele></trkpt><trkpt lat="53.89343" lon="-9.498849"><ele>18.3</ele></trkpt><trkpt lat="53.89371" lon="-9.498145"><ele>18.3</ele></trkpt><trkpt lat="53.893931" lon="-9.497542"><ele>18.5</ele></trkpt><trkpt lat="53.893986" lon="-9.497243"><ele>18.6</ele></trkpt><trkpt lat="53.894171" lon="-9.495038"><ele>20.6</ele></trkpt><trkpt lat="53.894229" lon="-9.494308"><ele>21.5</ele></trkpt><trkpt lat="53.894261" lon="-9.493469"><ele>22.7</ele></trkpt><trkpt lat="53.89432" lon="-9.492515"><ele>24</ele></trkpt><trkpt lat="53.894435" lon="-9.491505"><ele>25</ele></trkpt><trkpt lat="53.894831" lon="-9.489605"><ele>26.7</ele></trkpt><trkpt lat="53.895328" lon="-9.487753"><ele>29</ele></trkpt><trkpt lat="53.8954" lon="-9.487573"><ele>29.3</ele></trkpt><trkpt lat="53.8955" lon="-9.487399"><ele>29.6</ele></trkpt><trkpt lat="53.895768" lon="-9.487133"><ele>30.1</ele></trkpt><trkpt lat="53.895874" lon="-9.486983"><ele>30.3</ele></trkpt><trkpt lat="53.896617" lon="-9.485634"><ele>30.4</ele></trkpt><trkpt lat="53.896786" lon="-9.485331"><ele>30.1</ele></trkpt><trkpt lat="53.896935" lon="-9.485067"><ele>29.8</ele></trkpt><trkpt lat="53.8979" lon="-9.483515"><ele>29.1</ele></trkpt><trkpt lat="53.898145" lon="-9.483065"><ele>29.5</ele></trkpt><trkpt lat="53.89844" lon="-9.482497"><ele>30.1</ele></trkpt><trkpt lat="53.89866" lon="-9.482083"><ele>30.9</ele></trkpt><trkpt lat="53.899402" lon="-9.48096"><ele>33.7</ele></trkpt><trkpt lat="53.899617" lon="-9.48054"><ele>34.7</ele></trkpt><trkpt lat="53.899701" lon="-9.480326"><ele>35.2</ele></trkpt><trkpt lat="53.899752" lon="-9.480106"><ele>35.6</ele></trkpt><trkpt lat="53.899788" lon="-9.479789"><ele>36.2</ele></trkpt><trkpt lat="53.899823" lon="-9.478315"><ele>38.3</ele></trkpt><trkpt lat="53.899726" lon="-9.47604"><ele>40.1</ele></trkpt><trkpt lat="53.899822" lon="-9.47467"><ele>40.4</ele></trkpt><trkpt lat="53.900107" lon="-9.472305"><ele>40.3</ele></trkpt><trkpt lat="53.900152" lon="-9.472109"><ele>40.3</ele></trkpt><trkpt lat="53.900227" lon="-9.471939"><ele>40.3</ele></trkpt><trkpt lat="53.900326" lon="-9.471795"><ele>40.3</ele></trkpt><trkpt lat="53.900863" lon="-9.471179"><ele>40.4</ele></trkpt><trkpt lat="53.901232" lon="-9.470707"><ele>40.3</ele></trkpt><trkpt lat="53.901387" lon="-9.470411"><ele>40.2</ele></trkpt><trkpt lat="53.901497" lon="-9.470114"><ele>40.1</ele></trkpt><trkpt lat="53.901515" lon="-9.469846"><ele>40</ele></trkpt><trkpt lat="53.901405" lon="-9.467859"><ele>38.8</ele></trkpt><trkpt lat="53.901418" lon="-9.467625"><ele>38.6</ele></trkpt><trkpt lat="53.901957" lon="-9.464756"><ele>38.3</ele></trkpt><trkpt lat="53.902905" lon="-9.461023"><ele>46.6</ele></trkpt><trkpt lat="53.90336" lon="-9.458929"><ele>47.9</ele></trkpt><trkpt lat="53.90353" lon="-9.45802"><ele>46.8</ele></trkpt><trkpt lat="53.90359" lon="-9.457566"><ele>45.9</ele></trkpt><trkpt lat="53.903932" lon="-9.454428"><ele>38</ele></trkpt><trkpt lat="53.904127" lon="-9.452897"><ele>37.2</ele></trkpt><trkpt lat="53.90464" lon="-9.449651"><ele>37.9</ele></trkpt><trkpt lat="53.905122" lon="-9.446799"><ele>32.7</ele></trkpt><trkpt lat="53.905141" lon="-9.446622"><ele>32.4</ele></trkpt><trkpt lat="53.905294" lon="-9.446157"><ele>31.8</ele></trkpt><trkpt lat="53.905341" lon="-9.446066"><ele>31.7</ele></trkpt><trkpt lat="53.90547" lon="-9.445797"><ele>31.6</ele></trkpt><trkpt lat="53.905542" lon="-9.445549"><ele>31.5</ele></trkpt><trkpt lat="53.905758" lon="-9.444463"><ele>32.4</ele></trkpt><trkpt lat="53.905978" lon="-9.443599"><ele>34</ele></trkpt><trkpt lat="53.906283" lon="-9.442374"><ele>36.2</ele></trkpt><trkpt lat="53.907318" lon="-9.438189"><ele>39.3</ele></trkpt><trkpt lat="53.907372" lon="-9.437997"><ele>39.2</ele></trkpt><trkpt lat="53.907529" lon="-9.4371"><ele>39</ele></trkpt><trkpt lat="53.907612" lon="-9.436495"><ele>38.8</ele></trkpt><trkpt lat="53.907938" lon="-9.434705"><ele>37.6</ele></trkpt><trkpt lat="53.908156" lon="-9.433499"><ele>35.6</ele></trkpt><trkpt lat="53.908194" lon="-9.433243"><ele>35</ele></trkpt><trkpt lat="53.90827" lon="-9.432586"><ele>33.4</ele></trkpt><trkpt lat="53.908254" lon="-9.431498"><ele>30.9</ele></trkpt><trkpt lat="53.908217" lon="-9.429835"><ele>27.3</ele></trkpt><trkpt lat="53.908194" lon="-9.428716"><ele>26</ele></trkpt><trkpt lat="53.907929" lon="-9.425668"><ele>27.7</ele></trkpt><trkpt lat="53.907808" lon="-9.424"><ele>30</ele></trkpt><trkpt lat="53.907806" lon="-9.423067"><ele>29.9</ele></trkpt><trkpt lat="53.907835" lon="-9.422622"><ele>29.5</ele></trkpt><trkpt lat="53.907892" lon="-9.422252"><ele>28.9</ele></trkpt><trkpt lat="53.908431" lon="-9.421878"><ele>27</ele></trkpt><trkpt lat="53.908706" lon="-9.42156"><ele>25.8</ele></trkpt><trkpt lat="53.909054" lon="-9.421025"><ele>24.1</ele></trkpt><trkpt lat="53.909215" lon="-9.420719"><ele>23.3</ele></trkpt><trkpt lat="53.909421" lon="-9.419867"><ele>21.7</ele></trkpt><trkpt lat="53.909509" lon="-9.419224"><ele>20.8</ele></trkpt><trkpt lat="53.909736" lon="-9.418019"><ele>19.4</ele></trkpt><trkpt lat="53.90987" lon="-9.41708"><ele>19.2</ele></trkpt><trkpt lat="53.910163" lon="-9.415578"><ele>20.4</ele></trkpt><trkpt lat="53.910343" lon="-9.414871"><ele>21.1</ele></trkpt><trkpt lat="53.910703" lon="-9.413803"><ele>22</ele></trkpt><trkpt lat="53.910842" lon="-9.413471"><ele>22</ele></trkpt><trkpt lat="53.910842" lon="-9.413267"><ele>22</ele></trkpt><trkpt lat="53.910826" lon="-9.412885"><ele>21.9</ele></trkpt><trkpt lat="53.91141" lon="-9.412641"><ele>21.3</ele></trkpt><trkpt lat="53.913247" lon="-9.411898"><ele>18.7</ele></trkpt><trkpt lat="53.913453" lon="-9.411829"><ele>18.5</ele></trkpt><trkpt lat="53.914997" lon="-9.411198"><ele>18</ele></trkpt><trkpt lat="53.915338" lon="-9.411038"><ele>18.2</ele></trkpt><trkpt lat="53.915926" lon="-9.410626"><ele>18.9</ele></trkpt><trkpt lat="53.916139" lon="-9.410407"><ele>19.3</ele></trkpt><trkpt lat="53.91624" lon="-9.410227"><ele>19.5</ele></trkpt><trkpt lat="53.916551" lon="-9.409507"><ele>20.4</ele></trkpt><trkpt lat="53.916947" lon="-9.409004"><ele>21.2</ele></trkpt><trkpt lat="53.917541" lon="-9.408415"><ele>22.3</ele></trkpt><trkpt lat="53.919162" lon="-9.407035"><ele>24.5</ele></trkpt><trkpt lat="53.920221" lon="-9.406007"><ele>24.7</ele></trkpt><trkpt lat="53.920805" lon="-9.405297"><ele>24.1</ele></trkpt><trkpt lat="53.921095" lon="-9.404996"><ele>23.7</ele></trkpt><trkpt lat="53.922793" lon="-9.403778"><ele>22.5</ele></trkpt><trkpt lat="53.923564" lon="-9.403057"><ele>22.6</ele></trkpt><trkpt lat="53.924607" lon="-9.402324"><ele>23.4</ele></trkpt><trkpt lat="53.924991" lon="-9.401976"><ele>23.3</ele></trkpt><trkpt lat="53.92545" lon="-9.401482"><ele>23.1</ele></trkpt><trkpt lat="53.925674" lon="-9.401264"><ele>23</ele></trkpt><trkpt lat="53.925969" lon="-9.401092"><ele>22.8</ele></trkpt><trkpt lat="53.927692" lon="-9.400588"><ele>21.1</ele></trkpt><trkpt lat="53.930176" lon="-9.399607"><ele>22</ele></trkpt><trkpt lat="53.930617" lon="-9.399347"><ele>22.5</ele></trkpt><trkpt lat="53.931214" lon="-9.398928"><ele>22.7</ele></trkpt><trkpt lat="53.931308" lon="-9.398894"><ele>22.7</ele></trkpt><trkpt lat="53.932145" lon="-9.398869"><ele>22.2</ele></trkpt><trkpt lat="53.932456" lon="-9.398772"><ele>22</ele></trkpt><trkpt lat="53.93294" lon="-9.398458"><ele>21.9</ele></trkpt><trkpt lat="53.933668" lon="-9.397761"><ele>21.9</ele></trkpt><trkpt lat="53.933953" lon="-9.397527"><ele>21.9</ele></trkpt><trkpt lat="53.934826" lon="-9.397008"><ele>22.1</ele></trkpt><trkpt lat="53.93497" lon="-9.396887"><ele>22.3</ele></trkpt><trkpt lat="53.935247" lon="-9.396519"><ele>22.6</ele></trkpt><trkpt lat="53.935597" lon="-9.395833"><ele>22.5</ele></trkpt><trkpt lat="53.935765" lon="-9.39562"><ele>22.5</ele></trkpt><trkpt lat="53.935917" lon="-9.395493"><ele>22.5</ele></trkpt><trkpt lat="53.936254" lon="-9.395252"><ele>22.3</ele></trkpt><trkpt lat="53.93712" lon="-9.394647"><ele>20.3</ele></trkpt><trkpt lat="53.937668" lon="-9.394001"><ele>19.5</ele></trkpt><trkpt lat="53.937825" lon="-9.393876"><ele>19.3</ele></trkpt><trkpt lat="53.938847" lon="-9.393433"><ele>19</ele></trkpt><trkpt lat="53.939056" lon="-9.393435"><ele>19.1</ele></trkpt><trkpt lat="53.939588" lon="-9.393585"><ele>19.8</ele></trkpt><trkpt lat="53.940122" lon="-9.393813"><ele>20.8</ele></trkpt><trkpt lat="53.940149" lon="-9.393824"><ele>20.9</ele></trkpt><trkpt lat="53.9405" lon="-9.393969"><ele>21.8</ele></trkpt><trkpt lat="53.941168" lon="-9.394227"><ele>23.3</ele></trkpt><trkpt lat="53.941486" lon="-9.394196"><ele>23.8</ele></trkpt><trkpt lat="53.941816" lon="-9.394086"><ele>24.2</ele></trkpt><trkpt lat="53.941901" lon="-9.394062"><ele>24.2</ele></trkpt><trkpt lat="53.942054" lon="-9.39403"><ele>24.3</ele></trkpt><trkpt lat="53.942353" lon="-9.393992"><ele>24.3</ele></trkpt><trkpt lat="53.943199" lon="-9.394049"><ele>23.4</ele></trkpt><trkpt lat="53.943511" lon="-9.394149"><ele>23</ele></trkpt><trkpt lat="53.944259" lon="-9.394502"><ele>23.2</ele></trkpt><trkpt lat="53.944473" lon="-9.394611"><ele>23.6</ele></trkpt><trkpt lat="53.94451" lon="-9.394483"><ele>23.8</ele></trkpt><trkpt lat="53.945024" lon="-9.39356"><ele>26.5</ele></trkpt><trkpt lat="53.945215" lon="-9.393148"><ele>28.1</ele></trkpt><trkpt lat="53.945501" lon="-9.392482"><ele>30.6</ele></trkpt><trkpt lat="53.945785" lon="-9.391671"><ele>33.5</ele></trkpt><trkpt lat="53.946078" lon="-9.389725"><ele>39.5</ele></trkpt><trkpt lat="53.946317" lon="-9.387989"><ele>44.2</ele></trkpt><trkpt lat="53.946367" lon="-9.387473"><ele>45.1</ele></trkpt><trkpt lat="53.94647" lon="-9.386455"><ele>46.4</ele></trkpt><trkpt lat="53.946716" lon="-9.385222"><ele>47.6</ele></trkpt><trkpt lat="53.946743" lon="-9.384894"><ele>48</ele></trkpt><trkpt lat="53.946739" lon="-9.384687"><ele>48.4</ele></trkpt><trkpt lat="53.946719" lon="-9.38442"><ele>48.9</ele></trkpt><trkpt lat="53.946672" lon="-9.384186"><ele>49.4</ele></trkpt><trkpt lat="53.946391" lon="-9.383161"><ele>52.6</ele></trkpt><trkpt lat="53.946178" lon="-9.382188"><ele>56.5</ele></trkpt><trkpt lat="53.945896" lon="-9.380724"><ele>63</ele></trkpt><trkpt lat="53.945811" lon="-9.380208"><ele>65.1</ele></trkpt><trkpt lat="53.945765" lon="-9.379578"><ele>67.3</ele></trkpt><trkpt lat="53.945777" lon="-9.379361"><ele>68</ele></trkpt><trkpt lat="53.945885" lon="-9.379007"><ele>69.1</ele></trkpt><trkpt lat="53.946294" lon="-9.378215"><ele>71.7</ele></trkpt><trkpt lat="53.946433" lon="-9.377892"><ele>72.4</ele></trkpt><trkpt lat="53.946882" lon="-9.376701"><ele>74.8</ele></trkpt><trkpt lat="53.947506" lon="-9.375561"><ele>77.4</ele></trkpt><trkpt lat="53.94772" lon="-9.37522"><ele>78.1</ele></trkpt><trkpt lat="53.948261" lon="-9.374506"><ele>79.3</ele></trkpt><trkpt lat="53.949039" lon="-9.373864"><ele>80.3</ele></trkpt><trkpt lat="53.949421" lon="-9.373418"><ele>80.8</ele></trkpt><trkpt lat="53.949988" lon="-9.372432"><ele>81.7</ele></trkpt><trkpt lat="53.950258" lon="-9.372054"><ele>82</ele></trkpt><trkpt lat="53.95048" lon="-9.371611"><ele>82.2</ele></trkpt><trkpt lat="53.952184" lon="-9.368881"><ele>82.6</ele></trkpt><trkpt lat="53.953548" lon="-9.366557"><ele>81.5</ele></trkpt><trkpt lat="53.954028" lon="-9.365854"><ele>81</ele></trkpt><trkpt lat="53.954691" lon="-9.365134"><ele>80.3</ele></trkpt><trkpt lat="53.956158" lon="-9.363515"><ele>78.9</ele></trkpt><trkpt lat="53.956337" lon="-9.363374"><ele>78.7</ele></trkpt><trkpt lat="53.956972" lon="-9.362814"><ele>78.2</ele></trkpt><trkpt lat="53.957726" lon="-9.362053"><ele>77.9</ele></trkpt><trkpt lat="53.958729" lon="-9.361123"><ele>78.2</ele></trkpt><trkpt lat="53.959205" lon="-9.360771"><ele>78.3</ele></trkpt><trkpt lat="53.960335" lon="-9.360047"><ele>78</ele></trkpt><trkpt lat="53.960673" lon="-9.359799"><ele>77.8</ele></trkpt><trkpt lat="53.961286" lon="-9.359191"><ele>77.3</ele></trkpt><trkpt lat="53.961785" lon="-9.358507"><ele>76.5</ele></trkpt><trkpt lat="53.963146" lon="-9.356372"><ele>73.4</ele></trkpt><trkpt lat="53.963582" lon="-9.355723"><ele>72.7</ele></trkpt><trkpt lat="53.964295" lon="-9.354484"><ele>71.8</ele></trkpt><trkpt lat="53.964572" lon="-9.354069"><ele>71.4</ele></trkpt><trkpt lat="53.964797" lon="-9.353764"><ele>71.1</ele></trkpt><trkpt lat="53.966095" lon="-9.35227"><ele>68.8</ele></trkpt><trkpt lat="53.966427" lon="-9.351769"><ele>67.8</ele></trkpt><trkpt lat="53.966556" lon="-9.351528"><ele>67.3</ele></trkpt><trkpt lat="53.967458" lon="-9.348968"><ele>62.5</ele></trkpt><trkpt lat="53.967544" lon="-9.348728"><ele>62.2</ele></trkpt><trkpt lat="53.968212" lon="-9.347385"><ele>61.5</ele></trkpt><trkpt lat="53.968873" lon="-9.346091"><ele>61</ele></trkpt><trkpt lat="53.969538" lon="-9.34487"><ele>60.3</ele></trkpt><trkpt lat="53.9698" lon="-9.344333"><ele>60</ele></trkpt><trkpt lat="53.970103" lon="-9.343817"><ele>59.6</ele></trkpt><trkpt lat="53.970928" lon="-9.342652"><ele>57.9</ele></trkpt><trkpt lat="53.971711" lon="-9.341239"><ele>55.4</ele></trkpt><trkpt lat="53.972245" lon="-9.340527"><ele>53.8</ele></trkpt><trkpt lat="53.973421" lon="-9.339147"><ele>51.4</ele></trkpt><trkpt lat="53.973655" lon="-9.338906"><ele>51.1</ele></trkpt><trkpt lat="53.973971" lon="-9.338647"><ele>50.8</ele></trkpt><trkpt lat="53.975598" lon="-9.336896"><ele>49.6</ele></trkpt><trkpt lat="53.975947" lon="-9.336429"><ele>49.6</ele></trkpt><trkpt lat="53.976597" lon="-9.335654"><ele>49.8</ele></trkpt><trkpt lat="53.976735" lon="-9.335401"><ele>49.9</ele></trkpt><trkpt lat="53.976779" lon="-9.335409"><ele>49.9</ele></trkpt><trkpt lat="53.976897" lon="-9.335286"><ele>50</ele></trkpt><trkpt lat="53.97752" lon="-9.334415"><ele>50.2</ele></trkpt><trkpt lat="53.977701" lon="-9.333982"><ele>50.1</ele></trkpt><trkpt lat="53.97843" lon="-9.332579"><ele>49.1</ele></trkpt><trkpt lat="53.978733" lon="-9.331798"><ele>47.9</ele></trkpt><trkpt lat="53.97905" lon="-9.331494"><ele>47.1</ele></trkpt><trkpt lat="53.97939" lon="-9.330979"><ele>46.1</ele></trkpt><trkpt lat="53.979502" lon="-9.330756"><ele>45.7</ele></trkpt><trkpt lat="53.979823" lon="-9.329718"><ele>44.7</ele></trkpt><trkpt lat="53.979948" lon="-9.329201"><ele>44.4</ele></trkpt><trkpt lat="53.979993" lon="-9.328874"><ele>44.2</ele></trkpt><trkpt lat="53.98001" lon="-9.328375"><ele>43.9</ele></trkpt><trkpt lat="53.980132" lon="-9.328075"><ele>43.7</ele></trkpt><trkpt lat="53.980278" lon="-9.327886"><ele>43.5</ele></trkpt><trkpt lat="53.980302" lon="-9.3275"><ele>43.2</ele></trkpt><trkpt lat="53.98037" lon="-9.326984"><ele>42.8</ele></trkpt><trkpt lat="53.98052" lon="-9.326331"><ele>42.4</ele></trkpt><trkpt lat="53.980547" lon="-9.326235"><ele>42.3</ele></trkpt><trkpt lat="53.980618" lon="-9.325905"><ele>42.2</ele></trkpt><trkpt lat="53.980533" lon="-9.325356"><ele>42.1</ele></trkpt><trkpt lat="53.980705" lon="-9.324017"><ele>41.3</ele></trkpt><trkpt lat="53.980707" lon="-9.323812"><ele>41.1</ele></trkpt><trkpt lat="53.982608" lon="-9.32366"><ele>36.5</ele></trkpt><trkpt lat="53.983051" lon="-9.323629"><ele>36</ele></trkpt><trkpt lat="53.983086" lon="-9.323626"><ele>36</ele></trkpt><trkpt lat="53.983142" lon="-9.323622"><ele>35.9</ele></trkpt><trkpt lat="53.983903" lon="-9.323549"><ele>36.6</ele></trkpt><trkpt lat="53.984564" lon="-9.323518"><ele>37.8</ele></trkpt><trkpt lat="53.985182" lon="-9.323492"><ele>39.1</ele></trkpt><trkpt lat="53.985363" lon="-9.323405"><ele>39.4</ele></trkpt><trkpt lat="53.985704" lon="-9.323107"><ele>39.7</ele></trkpt><trkpt lat="53.985948" lon="-9.322927"><ele>39.7</ele></trkpt><trkpt lat="53.986241" lon="-9.322813"><ele>39.6</ele></trkpt><trkpt lat="53.986696" lon="-9.322795"><ele>39.7</ele></trkpt><trkpt lat="53.986754" lon="-9.3228"><ele>39.8</ele></trkpt><trkpt lat="53.986846" lon="-9.322822"><ele>39.8</ele></trkpt><trkpt lat="53.987138" lon="-9.322859"><ele>40.1</ele></trkpt><trkpt lat="53.988402" lon="-9.323112"><ele>43.9</ele></trkpt><trkpt lat="53.988736" lon="-9.32314"><ele>45.2</ele></trkpt><trkpt lat="53.989373" lon="-9.323063"><ele>47.2</ele></trkpt><trkpt lat="53.989525" lon="-9.323047"><ele>47.6</ele></trkpt><trkpt lat="53.990917" lon="-9.322932"><ele>49.2</ele></trkpt><trkpt lat="53.991072" lon="-9.32292"><ele>49.3</ele></trkpt><trkpt lat="53.991178" lon="-9.320827"><ele>48.2</ele></trkpt><trkpt lat="53.991178" lon="-9.320694"><ele>48</ele></trkpt><trkpt lat="53.991147" lon="-9.317904"><ele>44.2</ele></trkpt><trkpt lat="53.991125" lon="-9.317314"><ele>43</ele></trkpt><trkpt lat="53.99109" lon="-9.317021"><ele>42.4</ele></trkpt><trkpt lat="53.990961" lon="-9.316501"><ele>41.2</ele></trkpt><trkpt lat="53.990795" lon="-9.315972"><ele>39.9</ele></trkpt><trkpt lat="53.990769" lon="-9.315777"><ele>39.5</ele></trkpt><trkpt lat="53.990773" lon="-9.315492"><ele>38.9</ele></trkpt><trkpt lat="53.99081" lon="-9.315264"><ele>38.4</ele></trkpt><trkpt lat="53.990872" lon="-9.315008"><ele>37.9</ele></trkpt><trkpt lat="53.991942" lon="-9.312753"><ele>33.5</ele></trkpt><trkpt lat="53.992324" lon="-9.311795"><ele>32.1</ele></trkpt><trkpt lat="53.99242" lon="-9.311478"><ele>31.7</ele></trkpt><trkpt lat="53.99246" lon="-9.311062"><ele>31.3</ele></trkpt><trkpt lat="53.992129" lon="-9.308259"><ele>29.7</ele></trkpt><trkpt lat="53.992118" lon="-9.308083"><ele>29.7</ele></trkpt><trkpt lat="53.992138" lon="-9.307884"><ele>29.6</ele></trkpt><trkpt lat="53.99218" lon="-9.307662"><ele>29.6</ele></trkpt><trkpt lat="53.992161" lon="-9.307472"><ele>29.6</ele></trkpt><trkpt lat="53.991498" lon="-9.305654"><ele>29.8</ele></trkpt><trkpt lat="53.991111" lon="-9.30445"><ele>30</ele></trkpt><trkpt lat="53.99077" lon="-9.303272"><ele>30.1</ele></trkpt><trkpt lat="53.990042" lon="-9.298722"><ele>31.5</ele></trkpt><trkpt lat="53.989945" lon="-9.298234"><ele>32.1</ele></trkpt><trkpt lat="53.989616" lon="-9.296718"><ele>32.7</ele></trkpt><trkpt lat="53.989422" lon="-9.295447"><ele>31</ele></trkpt><trkpt lat="53.989167" lon="-9.293626"><ele>28.2</ele></trkpt><trkpt lat="53.98915" lon="-9.293545"><ele>28.2</ele></trkpt><trkpt lat="53.989092" lon="-9.293258"><ele>28.2</ele></trkpt><trkpt lat="53.98889" lon="-9.292324"><ele>29.3</ele></trkpt><trkpt lat="53.98804" lon="-9.288243"><ele>43.3</ele></trkpt><trkpt lat="53.987997" lon="-9.287361"><ele>46.5</ele></trkpt><trkpt lat="53.988047" lon="-9.285436"><ele>50.3</ele></trkpt><trkpt lat="53.988086" lon="-9.285175"><ele>50.2</ele></trkpt><trkpt lat="53.988472" lon="-9.284147"><ele>48.2</ele></trkpt><trkpt lat="53.988987" lon="-9.282998"><ele>44</ele></trkpt><trkpt lat="53.989379" lon="-9.282148"><ele>41</ele></trkpt><trkpt lat="53.989873" lon="-9.281067"><ele>37.9</ele></trkpt><trkpt lat="53.990114" lon="-9.280606"><ele>36.4</ele></trkpt><trkpt lat="53.990212" lon="-9.280492"><ele>35.9</ele></trkpt><trkpt lat="53.990605" lon="-9.280262"><ele>34.2</ele></trkpt><trkpt lat="53.991171" lon="-9.279359"><ele>31</ele></trkpt><trkpt lat="53.990994" lon="-9.279139"><ele>30.1</ele></trkpt><trkpt lat="53.990857" lon="-9.278837"><ele>29.1</ele></trkpt><trkpt lat="53.990716" lon="-9.278335"><ele>27.8</ele></trkpt><trkpt lat="53.990678" lon="-9.278024"><ele>27.1</ele></trkpt><trkpt lat="53.990699" lon="-9.277582"><ele>26.1</ele></trkpt><trkpt lat="53.990913" lon="-9.276166"><ele>22.7</ele></trkpt><trkpt lat="53.99099" lon="-9.275709"><ele>21.6</ele></trkpt><trkpt lat="53.991149" lon="-9.275131"><ele>20.1</ele></trkpt><trkpt lat="53.9918" lon="-9.273517"><ele>15.2</ele></trkpt><trkpt lat="53.991914" lon="-9.272906"><ele>14</ele></trkpt><trkpt lat="53.991933" lon="-9.272666"><ele>13.6</ele></trkpt><trkpt lat="53.991921" lon="-9.272184"><ele>13</ele></trkpt><trkpt lat="53.991909" lon="-9.272076"><ele>12.9</ele></trkpt><trkpt lat="53.991841" lon="-9.271676"><ele>12.5</ele></trkpt><trkpt lat="53.99178" lon="-9.271463"><ele>12.4</ele></trkpt><trkpt lat="53.991717" lon="-9.271311"><ele>12.3</ele></trkpt><trkpt lat="53.99135" lon="-9.270713"><ele>12.2</ele></trkpt><trkpt lat="53.991098" lon="-9.270051"><ele>12.4</ele></trkpt><trkpt lat="53.990948" lon="-9.269317"><ele>12.8</ele></trkpt><trkpt lat="53.99091" lon="-9.269125"><ele>13.1</ele></trkpt><trkpt lat="53.990692" lon="-9.267996"><ele>15.3</ele></trkpt><trkpt lat="53.990474" lon="-9.267964"><ele>16.3</ele></trkpt><trkpt lat="53.990184" lon="-9.267823"><ele>17.9</ele></trkpt><trkpt lat="53.990002" lon="-9.267581"><ele>19.2</ele></trkpt><trkpt lat="53.989697" lon="-9.267268"><ele>21.3</ele></trkpt><trkpt lat="53.989419" lon="-9.266712"><ele>23.5</ele></trkpt><trkpt lat="53.989368" lon="-9.266488"><ele>23.9</ele></trkpt><trkpt lat="53.98935" lon="-9.265386"><ele>24.5</ele></trkpt><trkpt lat="53.989293" lon="-9.265015"><ele>24</ele></trkpt><trkpt lat="53.988423" lon="-9.263203"><ele>16.8</ele></trkpt><trkpt lat="53.988386" lon="-9.263081"><ele>16.3</ele></trkpt><trkpt lat="53.988322" lon="-9.262296"><ele>14</ele></trkpt><trkpt lat="53.988314" lon="-9.262274"><ele>13.9</ele></trkpt><trkpt lat="53.988181" lon="-9.261913"><ele>12.9</ele></trkpt><trkpt lat="53.987744" lon="-9.26024"><ele>11.4</ele></trkpt><trkpt lat="53.987698" lon="-9.259984"><ele>11.5</ele></trkpt><trkpt lat="53.987683" lon="-9.259696"><ele>11.7</ele></trkpt><trkpt lat="53.987686" lon="-9.259583"><ele>11.8</ele></trkpt><trkpt lat="53.987767" lon="-9.259036"><ele>12.4</ele></trkpt><trkpt lat="53.987879" lon="-9.257888"><ele>14.3</ele></trkpt><trkpt lat="53.987999" lon="-9.255206"><ele>17.7</ele></trkpt><trkpt lat="53.987997" lon="-9.254778"><ele>17.8</ele></trkpt><trkpt lat="53.987952" lon="-9.254236"><ele>17.8</ele></trkpt><trkpt lat="53.987733" lon="-9.252305"><ele>17.6</ele></trkpt><trkpt lat="53.987727" lon="-9.252125"><ele>17.7</ele></trkpt><trkpt lat="53.987742" lon="-9.251373"><ele>18.2</ele></trkpt><trkpt lat="53.987834" lon="-9.249416"><ele>20.2</ele></trkpt><trkpt lat="53.987862" lon="-9.248702"><ele>20.3</ele></trkpt><trkpt lat="53.987849" lon="-9.24789"><ele>20</ele></trkpt><trkpt lat="53.987728" lon="-9.247026"><ele>19.4</ele></trkpt><trkpt lat="53.987516" lon="-9.246219"><ele>18.8</ele></trkpt><trkpt lat="53.987085" lon="-9.245094"><ele>18.1</ele></trkpt><trkpt lat="53.986739" lon="-9.244162"><ele>17.9</ele></trkpt><trkpt lat="53.986574" lon="-9.243441"><ele>17.6</ele></trkpt><trkpt lat="53.986544" lon="-9.243012"><ele>17.2</ele></trkpt><trkpt lat="53.9866" lon="-9.242247"><ele>16.6</ele></trkpt><trkpt lat="53.986598" lon="-9.241958"><ele>16.4</ele></trkpt><trkpt lat="53.986518" lon="-9.24129"><ele>15.8</ele></trkpt><trkpt lat="53.986345" lon="-9.240195"><ele>14.6</ele></trkpt><trkpt lat="53.98628" lon="-9.239591"><ele>14.3</ele></trkpt><trkpt lat="53.9862" lon="-9.239175"><ele>14.4</ele></trkpt><trkpt lat="53.98583" lon="-9.238001"><ele>16.2</ele></trkpt><trkpt lat="53.985495" lon="-9.237023"><ele>19.5</ele></trkpt><trkpt lat="53.985059" lon="-9.235933"><ele>23.5</ele></trkpt><trkpt lat="53.984876" lon="-9.235038"><ele>26.1</ele></trkpt><trkpt lat="53.984777" lon="-9.234785"><ele>26.8</ele></trkpt><trkpt lat="53.98423" lon="-9.233657"><ele>29.3</ele></trkpt><trkpt lat="53.983778" lon="-9.233069"><ele>30</ele></trkpt><trkpt lat="53.98361" lon="-9.232627"><ele>30</ele></trkpt><trkpt lat="53.983531" lon="-9.232297"><ele>29.9</ele></trkpt><trkpt lat="53.983452" lon="-9.23159"><ele>29.1</ele></trkpt><trkpt lat="53.98348" lon="-9.230785"><ele>27.7</ele></trkpt><trkpt lat="53.983688" lon="-9.226974"><ele>19.2</ele></trkpt><trkpt lat="53.98365" lon="-9.226354"><ele>18.1</ele></trkpt><trkpt lat="53.983592" lon="-9.225967"><ele>17.5</ele></trkpt><trkpt lat="53.983509" lon="-9.22554"><ele>17.1</ele></trkpt><trkpt lat="53.983294" lon="-9.224775"><ele>16.9</ele></trkpt><trkpt lat="53.983218" lon="-9.224491"><ele>17</ele></trkpt><trkpt lat="53.98292" lon="-9.223415"><ele>17.6</ele></trkpt><trkpt lat="53.982389" lon="-9.222023"><ele>19.2</ele></trkpt><trkpt lat="53.981931" lon="-9.22061"><ele>20</ele></trkpt><trkpt lat="53.981487" lon="-9.219435"><ele>22.2</ele></trkpt><trkpt lat="53.981279" lon="-9.218719"><ele>25.2</ele></trkpt><trkpt lat="53.981121" lon="-9.218438"><ele>27.2</ele></trkpt><trkpt lat="53.981023" lon="-9.218334"><ele>28.4</ele></trkpt><trkpt lat="53.980839" lon="-9.218217"><ele>30.5</ele></trkpt><trkpt lat="53.980111" lon="-9.21803"><ele>39.1</ele></trkpt><trkpt lat="53.980006" lon="-9.217975"><ele>40.4</ele></trkpt><trkpt lat="53.979864" lon="-9.217869"><ele>42.1</ele></trkpt><trkpt lat="53.979717" lon="-9.217705"><ele>44</ele></trkpt><trkpt lat="53.979098" lon="-9.216859"><ele>49.6</ele></trkpt><trkpt lat="53.978953" lon="-9.216582"><ele>50.1</ele></trkpt><trkpt lat="53.978758" lon="-9.21629"><ele>50.3</ele></trkpt><trkpt lat="53.977958" lon="-9.215307"><ele>45.9</ele></trkpt><trkpt lat="53.977512" lon="-9.214704"><ele>40.4</ele></trkpt><trkpt lat="53.977448" lon="-9.214579"><ele>39.4</ele></trkpt><trkpt lat="53.977332" lon="-9.214209"><ele>36.6</ele></trkpt><trkpt lat="53.977188" lon="-9.213492"><ele>30.7</ele></trkpt><trkpt lat="53.97711" lon="-9.213247"><ele>28.5</ele></trkpt><trkpt lat="53.97674" lon="-9.212663"><ele>22</ele></trkpt><trkpt lat="53.976724" lon="-9.212435"><ele>20.4</ele></trkpt><trkpt lat="53.976908" lon="-9.212344"><ele>18.3</ele></trkpt><trkpt lat="53.977127" lon="-9.212025"><ele>15.4</ele></trkpt><trkpt lat="53.97725" lon="-9.21179"><ele>13.7</ele></trkpt><trkpt lat="53.977292" lon="-9.211526"><ele>12.4</ele></trkpt><trkpt lat="53.977072" lon="-9.210071"><ele>9</ele></trkpt><trkpt lat="53.977063" lon="-9.209737"><ele>8.8</ele></trkpt><trkpt lat="53.977084" lon="-9.209578"><ele>8.7</ele></trkpt><trkpt lat="53.977273" lon="-9.209036"><ele>8.4</ele></trkpt><trkpt lat="53.977475" lon="-9.208626"><ele>8.3</ele></trkpt><trkpt lat="53.977654" lon="-9.208334"><ele>8.3</ele></trkpt><trkpt lat="53.978009" lon="-9.207814"><ele>8.6</ele></trkpt><trkpt lat="53.978245" lon="-9.207267"><ele>8.7</ele></trkpt><trkpt lat="53.978862" lon="-9.205567"><ele>10.1</ele></trkpt><trkpt lat="53.978915" lon="-9.205368"><ele>10.3</ele></trkpt><trkpt lat="53.978999" lon="-9.204794"><ele>10.9</ele></trkpt><trkpt lat="53.97913" lon="-9.2043"><ele>11.5</ele></trkpt><trkpt lat="53.979634" lon="-9.203007"><ele>12.4</ele></trkpt><trkpt lat="53.979922" lon="-9.202412"><ele>12.8</ele></trkpt><trkpt lat="53.980236" lon="-9.201959"><ele>13.2</ele></trkpt><trkpt lat="53.980609" lon="-9.201574"><ele>13.7</ele></trkpt><trkpt lat="53.981417" lon="-9.201253"><ele>14.6</ele></trkpt><trkpt lat="53.981674" lon="-9.20104"><ele>14.8</ele></trkpt><trkpt lat="53.981832" lon="-9.200821"><ele>14.9</ele></trkpt><trkpt lat="53.982432" lon="-9.199702"><ele>15</ele></trkpt><trkpt lat="53.982568" lon="-9.199503"><ele>15</ele></trkpt><trkpt lat="53.982742" lon="-9.199327"><ele>15</ele></trkpt><trkpt lat="53.983355" lon="-9.199114"><ele>15.8</ele></trkpt><trkpt lat="53.983659" lon="-9.198867"><ele>16.6</ele></trkpt><trkpt lat="53.983933" lon="-9.198764"><ele>17.5</ele></trkpt><trkpt lat="53.984282" lon="-9.198739"><ele>18.5</ele></trkpt><trkpt lat="53.984865" lon="-9.198883"><ele>20</ele></trkpt><trkpt lat="53.985845" lon="-9.19869"><ele>20.5</ele></trkpt><trkpt lat="53.986259" lon="-9.198558"><ele>19.5</ele></trkpt><trkpt lat="53.986731" lon="-9.198292"><ele>17.6</ele></trkpt><trkpt lat="53.987106" lon="-9.197961"><ele>15.3</ele></trkpt><trkpt lat="53.9875" lon="-9.197491"><ele>12.9</ele></trkpt><trkpt lat="53.987751" lon="-9.19711"><ele>11.6</ele></trkpt><trkpt lat="53.988001" lon="-9.196655"><ele>10.7</ele></trkpt><trkpt lat="53.988128" lon="-9.196376"><ele>10.4</ele></trkpt><trkpt lat="53.988429" lon="-9.195548"><ele>10.2</ele></trkpt><trkpt lat="53.98858" lon="-9.195081"><ele>10.7</ele></trkpt><trkpt lat="53.988676" lon="-9.194616"><ele>11.2</ele></trkpt><trkpt lat="53.988722" lon="-9.194166"><ele>11.7</ele></trkpt><trkpt lat="53.988718" lon="-9.19385"><ele>11.9</ele></trkpt><trkpt lat="53.988472" lon="-9.191207"><ele>14.8</ele></trkpt><trkpt lat="53.988481" lon="-9.19038"><ele>15.7</ele></trkpt><trkpt lat="53.988718" lon="-9.188483"><ele>16.8</ele></trkpt><trkpt lat="53.988934" lon="-9.186998"><ele>16.3</ele></trkpt><trkpt lat="53.98926" lon="-9.185138"><ele>15.2</ele></trkpt><trkpt lat="53.989294" lon="-9.184848"><ele>15.2</ele></trkpt><trkpt lat="53.989301" lon="-9.184546"><ele>15.1</ele></trkpt><trkpt lat="53.989195" lon="-9.182817"><ele>14.8</ele></trkpt><trkpt lat="53.989058" lon="-9.181502"><ele>13.6</ele></trkpt><trkpt lat="53.989044" lon="-9.181122"><ele>13.1</ele></trkpt><trkpt lat="53.989066" lon="-9.180704"><ele>12.6</ele></trkpt><trkpt lat="53.989159" lon="-9.180132"><ele>11.9</ele></trkpt><trkpt lat="53.989267" lon="-9.179769"><ele>11.6</ele></trkpt><trkpt lat="53.989374" lon="-9.179504"><ele>11.5</ele></trkpt><trkpt lat="53.989897" lon="-9.178597"><ele>12.4</ele></trkpt><trkpt lat="53.990013" lon="-9.178335"><ele>13</ele></trkpt><trkpt lat="53.990168" lon="-9.177774"><ele>14.5</ele></trkpt><trkpt lat="53.990671" lon="-9.175381"><ele>21.7</ele></trkpt><trkpt lat="53.990436" lon="-9.174834"><ele>22.5</ele></trkpt><trkpt lat="53.990155" lon="-9.174102"><ele>22.5</ele></trkpt><trkpt lat="53.989758" lon="-9.172957"><ele>20.4</ele></trkpt><trkpt lat="53.989589" lon="-9.172398"><ele>19</ele></trkpt><trkpt lat="53.98955" lon="-9.172096"><ele>18.3</ele></trkpt><trkpt lat="53.989497" lon="-9.171178"><ele>16.2</ele></trkpt><trkpt lat="53.989445" lon="-9.170802"><ele>15.4</ele></trkpt><trkpt lat="53.989374" lon="-9.170569"><ele>15</ele></trkpt><trkpt lat="53.988974" lon="-9.169711"><ele>13.6</ele></trkpt><trkpt lat="53.988877" lon="-9.169589"><ele>13.3</ele></trkpt><trkpt lat="53.988675" lon="-9.169451"><ele>12.9</ele></trkpt><trkpt lat="53.988434" lon="-9.169364"><ele>12.5</ele></trkpt><trkpt lat="53.987718" lon="-9.169373"><ele>11.4</ele></trkpt><trkpt lat="53.987533" lon="-9.16932"><ele>11.1</ele></trkpt><trkpt lat="53.987381" lon="-9.16922"><ele>10.9</ele></trkpt><trkpt lat="53.98711" lon="-9.168897"><ele>10.5</ele></trkpt><trkpt lat="53.986963" lon="-9.168612"><ele>10.2</ele></trkpt><trkpt lat="53.986884" lon="-9.168361"><ele>9.9</ele></trkpt><trkpt lat="53.986845" lon="-9.168141"><ele>9.8</ele></trkpt><trkpt lat="53.986827" lon="-9.167387"><ele>9.4</ele></trkpt><trkpt lat="53.98683" lon="-9.16676"><ele>9.2</ele></trkpt><trkpt lat="53.986784" lon="-9.165898"><ele>9.3</ele></trkpt><trkpt lat="53.986748" lon="-9.165693"><ele>9.4</ele></trkpt><trkpt lat="53.986651" lon="-9.165387"><ele>9.4</ele></trkpt><trkpt lat="53.9865" lon="-9.1651"><ele>9.5</ele></trkpt><trkpt lat="53.986212" lon="-9.16466"><ele>9.7</ele></trkpt><trkpt lat="53.985675" lon="-9.164094"><ele>10.1</ele></trkpt><trkpt lat="53.985575" lon="-9.163894"><ele>10.1</ele></trkpt><trkpt lat="53.985514" lon="-9.163675"><ele>10.2</ele></trkpt><trkpt lat="53.985481" lon="-9.163465"><ele>10.2</ele></trkpt><trkpt lat="53.985474" lon="-9.162724"><ele>10.3</ele></trkpt><trkpt lat="53.985427" lon="-9.162488"><ele>10.3</ele></trkpt><trkpt lat="53.98536" lon="-9.162304"><ele>10.4</ele></trkpt><trkpt lat="53.985253" lon="-9.162131"><ele>10.4</ele></trkpt><trkpt lat="53.984712" lon="-9.161407"><ele>10.2</ele></trkpt><trkpt lat="53.984598" lon="-9.16125"><ele>10.1</ele></trkpt><trkpt lat="53.984134" lon="-9.160526"><ele>9.8</ele></trkpt><trkpt lat="53.983918" lon="-9.159966"><ele>9.8</ele></trkpt><trkpt lat="53.983684" lon="-9.159214"><ele>9.8</ele></trkpt><trkpt lat="53.983609" lon="-9.158791"><ele>9.9</ele></trkpt><trkpt lat="53.983604" lon="-9.158582"><ele>10</ele></trkpt><trkpt lat="53.983711" lon="-9.157906"><ele>10.4</ele></trkpt><trkpt lat="53.98373" lon="-9.157622"><ele>10.6</ele></trkpt><trkpt lat="53.983676" lon="-9.156928"><ele>11.1</ele></trkpt><trkpt lat="53.983527" lon="-9.156316"><ele>11.6</ele></trkpt><trkpt lat="53.983385" lon="-9.155906"><ele>12</ele></trkpt><trkpt lat="53.982668" lon="-9.154696"><ele>13.4</ele></trkpt><trkpt lat="53.982542" lon="-9.15443"><ele>13.7</ele></trkpt><trkpt lat="53.982481" lon="-9.154222"><ele>13.9</ele></trkpt><trkpt lat="53.982039" lon="-9.152087"><ele>16.3</ele></trkpt><trkpt lat="53.98198" lon="-9.151422"><ele>17.2</ele></trkpt><trkpt lat="53.981952" lon="-9.150276"><ele>18.6</ele></trkpt><trkpt lat="53.981947" lon="-9.149826"><ele>19.1</ele></trkpt><trkpt lat="53.981965" lon="-9.149094"><ele>19.9</ele></trkpt><trkpt lat="53.982016" lon="-9.148297"><ele>20.5</ele></trkpt><trkpt lat="53.982311" lon="-9.146502"><ele>21.4</ele></trkpt><trkpt lat="53.982622" lon="-9.144617"><ele>21.9</ele></trkpt><trkpt lat="53.982668" lon="-9.143733"><ele>22.4</ele></trkpt><trkpt lat="53.982679" lon="-9.141531"><ele>23.3</ele></trkpt><trkpt lat="53.98264" lon="-9.140716"><ele>23.2</ele></trkpt><trkpt lat="53.982312" lon="-9.13702"><ele>20.7</ele></trkpt><trkpt lat="53.982298" lon="-9.136857"><ele>20.5</ele></trkpt><trkpt lat="53.982288" lon="-9.136733"><ele>20.4</ele></trkpt><trkpt lat="53.982234" lon="-9.136078"><ele>19.8</ele></trkpt><trkpt lat="53.98204" lon="-9.133864"><ele>18</ele></trkpt><trkpt lat="53.981995" lon="-9.133374"><ele>17.7</ele></trkpt><trkpt lat="53.981986" lon="-9.13328"><ele>17.6</ele></trkpt><trkpt lat="53.981853" lon="-9.131722"><ele>16.6</ele></trkpt><trkpt lat="53.98176" lon="-9.130069"><ele>14.8</ele></trkpt><trkpt lat="53.981647" lon="-9.127309"><ele>10.9</ele></trkpt><trkpt lat="53.981574" lon="-9.12437"><ele>10.5</ele></trkpt><trkpt lat="53.981571" lon="-9.12425"><ele>10.6</ele></trkpt><trkpt lat="53.98157" lon="-9.123996"><ele>10.7</ele></trkpt><trkpt lat="53.981567" lon="-9.123423"><ele>10.9</ele></trkpt><trkpt lat="53.98157" lon="-9.123086"><ele>11.1</ele></trkpt><trkpt lat="53.981632" lon="-9.122286"><ele>11.5</ele></trkpt><trkpt lat="53.981651" lon="-9.122058"><ele>11.6</ele></trkpt><trkpt lat="53.981727" lon="-9.121101"><ele>12</ele></trkpt><trkpt lat="53.981805" lon="-9.120117"><ele>12.4</ele></trkpt><trkpt lat="53.981864" lon="-9.119362"><ele>12.5</ele></trkpt><trkpt lat="53.98194" lon="-9.118381"><ele>12.3</ele></trkpt><trkpt lat="53.981944" lon="-9.118067"><ele>12.2</ele></trkpt><trkpt lat="53.981866" lon="-9.117557"><ele>11.5</ele></trkpt><trkpt lat="53.981732" lon="-9.117082"><ele>11</ele></trkpt><trkpt lat="53.981604" lon="-9.116548"><ele>10.7</ele></trkpt><trkpt lat="53.981648" lon="-9.116418"><ele>10.6</ele></trkpt><trkpt lat="53.981471" lon="-9.116092"><ele>10.5</ele></trkpt><trkpt lat="53.981318" lon="-9.115431"><ele>10.4</ele></trkpt><trkpt lat="53.981203" lon="-9.11489"><ele>10.3</ele></trkpt><trkpt lat="53.981032" lon="-9.114299"><ele>10.7</ele></trkpt><trkpt lat="53.981032" lon="-9.114299"><ele>10.7</ele></trkpt><trkpt lat="53.980807" lon="-9.114524"><ele>11.1</ele></trkpt><trkpt lat="53.980775" lon="-9.114574"><ele>11.2</ele></trkpt><trkpt lat="53.980807" lon="-9.114524"><ele>11.2</ele></trkpt><trkpt lat="53.981032" lon="-9.114299"><ele>11.4</ele></trkpt><trkpt lat="53.98143" lon="-9.113862"><ele>11.3</ele></trkpt><trkpt lat="53.981827" lon="-9.113425"><ele>11.1</ele></trkpt><trkpt lat="53.981827" lon="-9.113425"><ele>11.1</ele></trkpt><trkpt lat="53.981881" lon="-9.113447"><ele>11</ele></trkpt><trkpt lat="53.981929" lon="-9.113422"><ele>11</ele></trkpt><trkpt lat="53.982213" lon="-9.113332"><ele>11</ele></trkpt><trkpt lat="53.982512" lon="-9.113305"><ele>10.9</ele></trkpt><trkpt lat="53.982793" lon="-9.113292"><ele>10.9</ele></trkpt><trkpt lat="53.982788" lon="-9.113412"><ele>10.9</ele></trkpt><trkpt lat="53.982674" lon="-9.113543"><ele>10.9</ele></trkpt><trkpt lat="53.98265" lon="-9.113608"><ele>10.8</ele></trkpt><trkpt lat="53.982577" lon="-9.113933"><ele>10.7</ele></trkpt><trkpt lat="53.982577" lon="-9.113933"><ele>10.7</ele></trkpt><trkpt lat="53.982445" lon="-9.114134"><ele>10.6</ele></trkpt><trkpt lat="53.982309" lon="-9.114233"><ele>10.6</ele></trkpt><trkpt lat="53.982445" lon="-9.114134"><ele>10.6</ele></trkpt><trkpt lat="53.982577" lon="-9.113933"><ele>10.7</ele></trkpt><trkpt lat="53.98265" lon="-9.113608"><ele>10.8</ele></trkpt><trkpt lat="53.98265" lon="-9.113608"><ele>10.8</ele></trkpt><trkpt lat="53.982674" lon="-9.113543"><ele>10.8</ele></trkpt><trkpt lat="53.982788" lon="-9.113412"><ele>10.9</ele></trkpt><trkpt lat="53.982793" lon="-9.113292"><ele>10.9</ele></trkpt><trkpt lat="53.982512" lon="-9.113305"><ele>10.9</ele></trkpt><trkpt lat="53.982213" lon="-9.113332"><ele>10.8</ele></trkpt><trkpt lat="53.981929" lon="-9.113422"><ele>10.7</ele></trkpt><trkpt lat="53.981881" lon="-9.113447"><ele>10.7</ele></trkpt><trkpt lat="53.981827" lon="-9.113425"><ele>10.7</ele></trkpt><trkpt lat="53.981836" lon="-9.113305"><ele>10.7</ele></trkpt><trkpt lat="53.981789" lon="-9.112986"><ele>10.7</ele></trkpt><trkpt lat="53.981582" lon="-9.112079"><ele>10.4</ele></trkpt><trkpt lat="53.981519" lon="-9.111661"><ele>10.3</ele></trkpt><trkpt lat="53.981547" lon="-9.110922"><ele>10.4</ele></trkpt><trkpt lat="53.98154" lon="-9.110538"><ele>10.7</ele></trkpt><trkpt lat="53.981488" lon="-9.110337"><ele>10.9</ele></trkpt><trkpt lat="53.981438" lon="-9.110242"><ele>11.1</ele></trkpt><trkpt lat="53.981475" lon="-9.110179"><ele>11.2</ele></trkpt><trkpt lat="53.981571" lon="-9.110014"><ele>11.6</ele></trkpt><trkpt lat="53.981532" lon="-9.109673"><ele>12.3</ele></trkpt><trkpt lat="53.981607" lon="-9.108894"><ele>14.3</ele></trkpt><trkpt lat="53.981666" lon="-9.108274"><ele>16</ele></trkpt><trkpt lat="53.981672" lon="-9.107721"><ele>17.4</ele></trkpt><trkpt lat="53.98177" lon="-9.10713"><ele>18.6</ele></trkpt><trkpt lat="53.981868" lon="-9.106731"><ele>19.3</ele></trkpt><trkpt lat="53.981932" lon="-9.10659"><ele>19.5</ele></trkpt><trkpt lat="53.982176" lon="-9.106346"><ele>19.9</ele></trkpt><trkpt lat="53.982712" lon="-9.10596"><ele>20.4</ele></trkpt><trkpt lat="53.983272" lon="-9.105021"><ele>20.9</ele></trkpt><trkpt lat="53.983332" lon="-9.104849"><ele>20.9</ele></trkpt><trkpt lat="53.983347" lon="-9.10473"><ele>21</ele></trkpt><trkpt lat="53.983477" lon="-9.104518"><ele>21</ele></trkpt><trkpt lat="53.983642" lon="-9.104107"><ele>21.1</ele></trkpt><trkpt lat="53.98374" lon="-9.104078"><ele>21.1</ele></trkpt><trkpt lat="53.98387" lon="-9.104187"><ele>21.1</ele></trkpt><trkpt lat="53.984079" lon="-9.103644"><ele>20.9</ele></trkpt><trkpt lat="53.984284" lon="-9.103231"><ele>20.6</ele></trkpt><trkpt lat="53.984708" lon="-9.102266"><ele>19.7</ele></trkpt><trkpt lat="53.984863" lon="-9.101828"><ele>19.6</ele></trkpt><trkpt lat="53.98513" lon="-9.101019"><ele>19.6</ele></trkpt><trkpt lat="53.985433" lon="-9.100118"><ele>20.2</ele></trkpt><trkpt lat="53.985535" lon="-9.099836"><ele>20.6</ele></trkpt><trkpt lat="53.985927" lon="-9.098763"><ele>22.1</ele></trkpt><trkpt lat="53.986024" lon="-9.098498"><ele>22.4</ele></trkpt><trkpt lat="53.986177" lon="-9.097965"><ele>22.6</ele></trkpt><trkpt lat="53.986272" lon="-9.097531"><ele>22.6</ele></trkpt><trkpt lat="53.986332" lon="-9.097567"><ele>22.6</ele></trkpt><trkpt lat="53.986464" lon="-9.097517"><ele>22.5</ele></trkpt><trkpt lat="53.986667" lon="-9.097354"><ele>22.3</ele></trkpt><trkpt lat="53.987359" lon="-9.096666"><ele>20.5</ele></trkpt><trkpt lat="53.987569" lon="-9.096521"><ele>20</ele></trkpt><trkpt lat="53.988085" lon="-9.096374"><ele>18.7</ele></trkpt><trkpt lat="53.988203" lon="-9.096301"><ele>18.4</ele></trkpt><trkpt lat="53.988303" lon="-9.096165"><ele>18.2</ele></trkpt><trkpt lat="53.988521" lon="-9.095665"><ele>17.5</ele></trkpt><trkpt lat="53.988598" lon="-9.095605"><ele>17.4</ele></trkpt><trkpt lat="53.988805" lon="-9.095508"><ele>17</ele></trkpt><trkpt lat="53.98931" lon="-9.095399"><ele>16.4</ele></trkpt><trkpt lat="53.989937" lon="-9.095331"><ele>16</ele></trkpt><trkpt lat="53.990336" lon="-9.095189"><ele>15.9</ele></trkpt><trkpt lat="53.990582" lon="-9.095045"><ele>15.8</ele></trkpt><trkpt lat="53.990941" lon="-9.094723"><ele>15.8</ele></trkpt><trkpt lat="53.991172" lon="-9.094599"><ele>15.7</ele></trkpt><trkpt lat="53.99144" lon="-9.094518"><ele>15.7</ele></trkpt><trkpt lat="53.991885" lon="-9.094432"><ele>15.5</ele></trkpt><trkpt lat="53.992085" lon="-9.094432"><ele>15.4</ele></trkpt><trkpt lat="53.992269" lon="-9.094375"><ele>15.5</ele></trkpt><trkpt lat="53.992442" lon="-9.094195"><ele>15.6</ele></trkpt><trkpt lat="53.992569" lon="-9.094013"><ele>15.7</ele></trkpt><trkpt lat="53.992668" lon="-9.093837"><ele>15.8</ele></trkpt><trkpt lat="53.992838" lon="-9.093417"><ele>16</ele></trkpt><trkpt lat="53.99288" lon="-9.092965"><ele>16.4</ele></trkpt><trkpt lat="53.9928" lon="-9.091402"><ele>18</ele></trkpt><trkpt lat="53.992885" lon="-9.090621"><ele>18.8</ele></trkpt><trkpt lat="53.992911" lon="-9.090115"><ele>19.3</ele></trkpt><trkpt lat="53.992953" lon="-9.089927"><ele>19.5</ele></trkpt><trkpt lat="53.992966" lon="-9.089896"><ele>19.5</ele></trkpt><trkpt lat="53.993299" lon="-9.08933"><ele>20.4</ele></trkpt><trkpt lat="53.9934" lon="-9.089092"><ele>20.8</ele></trkpt><trkpt lat="53.993883" lon="-9.088417"><ele>22</ele></trkpt><trkpt lat="53.993978" lon="-9.088335"><ele>22.1</ele></trkpt><trkpt lat="53.994305" lon="-9.088226"><ele>22.6</ele></trkpt><trkpt lat="53.994438" lon="-9.088133"><ele>22.8</ele></trkpt><trkpt lat="53.99463" lon="-9.087945"><ele>23.1</ele></trkpt><trkpt lat="53.994748" lon="-9.087768"><ele>23.3</ele></trkpt><trkpt lat="53.994777" lon="-9.087658"><ele>23.3</ele></trkpt><trkpt lat="53.994832" lon="-9.087193"><ele>23.5</ele></trkpt><trkpt lat="53.994787" lon="-9.086797"><ele>23.7</ele></trkpt><trkpt lat="53.994637" lon="-9.08608"><ele>24.2</ele></trkpt><trkpt lat="53.994529" lon="-9.085424"><ele>24.7</ele></trkpt><trkpt lat="53.99438" lon="-9.084414"><ele>25.7</ele></trkpt><trkpt lat="53.994424" lon="-9.083724"><ele>26.3</ele></trkpt><trkpt lat="53.994413" lon="-9.083227"><ele>26.5</ele></trkpt><trkpt lat="53.994389" lon="-9.08306"><ele>26.6</ele></trkpt><trkpt lat="53.994134" lon="-9.08246"><ele>26.5</ele></trkpt><trkpt lat="53.99405" lon="-9.082151"><ele>26.3</ele></trkpt><trkpt lat="53.993988" lon="-9.081779"><ele>26.1</ele></trkpt><trkpt lat="53.993961" lon="-9.081337"><ele>25.7</ele></trkpt><trkpt lat="53.994086" lon="-9.080497"><ele>25</ele></trkpt><trkpt lat="53.994109" lon="-9.080215"><ele>24.7</ele></trkpt><trkpt lat="53.994099" lon="-9.079971"><ele>24.6</ele></trkpt><trkpt lat="53.993809" lon="-9.078954"><ele>23.9</ele></trkpt><trkpt lat="53.993761" lon="-9.078803"><ele>23.8</ele></trkpt><trkpt lat="53.993749" lon="-9.078503"><ele>23.6</ele></trkpt><trkpt lat="53.993903" lon="-9.078119"><ele>23.3</ele></trkpt><trkpt lat="53.994007" lon="-9.07797"><ele>23.1</ele></trkpt><trkpt lat="53.994147" lon="-9.077844"><ele>22.8</ele></trkpt><trkpt lat="53.994687" lon="-9.077724"><ele>22</ele></trkpt><trkpt lat="53.99478" lon="-9.077588"><ele>21.8</ele></trkpt><trkpt lat="53.994828" lon="-9.077492"><ele>21.7</ele></trkpt><trkpt lat="53.994971" lon="-9.076925"><ele>21.1</ele></trkpt><trkpt lat="53.995117" lon="-9.076024"><ele>20.2</ele></trkpt><trkpt lat="53.995198" lon="-9.075693"><ele>19.9</ele></trkpt><trkpt lat="53.995506" lon="-9.074925"><ele>19.3</ele></trkpt><trkpt lat="53.995572" lon="-9.074955"><ele>19.3</ele></trkpt><trkpt lat="53.996029" lon="-9.072895"><ele>18.5</ele></trkpt><trkpt lat="53.996101" lon="-9.072698"><ele>18.5</ele></trkpt><trkpt lat="53.996958" lon="-9.071465"><ele>18.8</ele></trkpt><trkpt lat="53.997245" lon="-9.071122"><ele>19.3</ele></trkpt><trkpt lat="53.997336" lon="-9.070963"><ele>19.4</ele></trkpt><trkpt lat="53.997374" lon="-9.070716"><ele>19.7</ele></trkpt><trkpt lat="53.997349" lon="-9.070197"><ele>20.4</ele></trkpt><trkpt lat="53.997282" lon="-9.069524"><ele>21.4</ele></trkpt><trkpt lat="53.997211" lon="-9.069185"><ele>21.9</ele></trkpt><trkpt lat="53.996982" lon="-9.068458"><ele>23.2</ele></trkpt><trkpt lat="53.996268" lon="-9.065098"><ele>28.5</ele></trkpt><trkpt lat="53.996137" lon="-9.063811"><ele>30.4</ele></trkpt><trkpt lat="53.995903" lon="-9.060855"><ele>33.3</ele></trkpt><trkpt lat="53.995844" lon="-9.06019"><ele>34.1</ele></trkpt><trkpt lat="53.995838" lon="-9.060121"><ele>34.2</ele></trkpt><trkpt lat="53.995568" lon="-9.05682"><ele>41.2</ele></trkpt><trkpt lat="53.995553" lon="-9.056292"><ele>42.3</ele></trkpt><trkpt lat="53.995575" lon="-9.055702"><ele>43.3</ele></trkpt><trkpt lat="53.995632" lon="-9.054192"><ele>45.7</ele></trkpt><trkpt lat="53.99572" lon="-9.053013"><ele>47.4</ele></trkpt><trkpt lat="53.995746" lon="-9.052313"><ele>48.4</ele></trkpt><trkpt lat="53.995729" lon="-9.051522"><ele>49.5</ele></trkpt><trkpt lat="53.995739" lon="-9.050491"><ele>50.7</ele></trkpt><trkpt lat="53.995775" lon="-9.050005"><ele>51.3</ele></trkpt><trkpt lat="53.996005" lon="-9.048331"><ele>53.6</ele></trkpt><trkpt lat="53.996259" lon="-9.045822"><ele>58.3</ele></trkpt><trkpt lat="53.996357" lon="-9.045081"><ele>59.8</ele></trkpt><trkpt lat="53.996545" lon="-9.043098"><ele>63.9</ele></trkpt><trkpt lat="53.996737" lon="-9.040952"><ele>69</ele></trkpt><trkpt lat="53.996862" lon="-9.039233"><ele>71.9</ele></trkpt><trkpt lat="53.996863" lon="-9.03898"><ele>72.1</ele></trkpt><trkpt lat="53.996816" lon="-9.038631"><ele>72.5</ele></trkpt><trkpt lat="53.996527" lon="-9.037779"><ele>73.5</ele></trkpt><trkpt lat="53.996458" lon="-9.037447"><ele>73.8</ele></trkpt><trkpt lat="53.996395" lon="-9.036899"><ele>74.3</ele></trkpt><trkpt lat="53.996391" lon="-9.036863"><ele>74.3</ele></trkpt><trkpt lat="53.996349" lon="-9.036612"><ele>74.6</ele></trkpt><trkpt lat="53.996299" lon="-9.0364"><ele>74.8</ele></trkpt><trkpt lat="53.994954" lon="-9.030697"><ele>81.3</ele></trkpt><trkpt lat="53.994843" lon="-9.030234"><ele>81.5</ele></trkpt><trkpt lat="53.994728" lon="-9.029889"><ele>81.6</ele></trkpt><trkpt lat="53.994502" lon="-9.029525"><ele>81.7</ele></trkpt><trkpt lat="53.993609" lon="-9.028392"><ele>82.3</ele></trkpt><trkpt lat="53.993065" lon="-9.027995"><ele>82.8</ele></trkpt><trkpt lat="53.992788" lon="-9.027862"><ele>83</ele></trkpt><trkpt lat="53.992216" lon="-9.027689"><ele>83.1</ele></trkpt><trkpt lat="53.991689" lon="-9.027382"><ele>82.4</ele></trkpt><trkpt lat="53.991409" lon="-9.027139"><ele>81.8</ele></trkpt><trkpt lat="53.991314" lon="-9.026999"><ele>81.5</ele></trkpt><trkpt lat="53.991251" lon="-9.026812"><ele>81.4</ele></trkpt><trkpt lat="53.991236" lon="-9.0265"><ele>81.2</ele></trkpt><trkpt lat="53.991326" lon="-9.025443"><ele>81.3</ele></trkpt><trkpt lat="53.991378" lon="-9.024075"><ele>83.6</ele></trkpt><trkpt lat="53.991417" lon="-9.023976"><ele>83.9</ele></trkpt><trkpt lat="53.991732" lon="-9.023536"><ele>85.8</ele></trkpt><trkpt lat="53.991926" lon="-9.023194"><ele>87</ele></trkpt><trkpt lat="53.992097" lon="-9.022996"><ele>87.7</ele></trkpt><trkpt lat="53.992209" lon="-9.022753"><ele>88.2</ele></trkpt><trkpt lat="53.992289" lon="-9.02254"><ele>88.6</ele></trkpt><trkpt lat="53.992347" lon="-9.022309"><ele>88.9</ele></trkpt><trkpt lat="53.992397" lon="-9.021956"><ele>89.2</ele></trkpt><trkpt lat="53.992787" lon="-9.020524"><ele>90</ele></trkpt><trkpt lat="53.992775" lon="-9.020153"><ele>90.1</ele></trkpt><trkpt lat="53.992494" lon="-9.018588"><ele>91.2</ele></trkpt><trkpt lat="53.992511" lon="-9.017919"><ele>91.9</ele></trkpt><trkpt lat="53.992209" lon="-9.016325"><ele>93.4</ele></trkpt><trkpt lat="53.992179" lon="-9.016105"><ele>93.5</ele></trkpt><trkpt lat="53.992161" lon="-9.015675"><ele>93.7</ele></trkpt><trkpt lat="53.992097" lon="-9.015256"><ele>93.9</ele></trkpt><trkpt lat="53.99193" lon="-9.014518"><ele>94.4</ele></trkpt><trkpt lat="53.991917" lon="-9.014345"><ele>94.5</ele></trkpt><trkpt lat="53.991939" lon="-9.013927"><ele>94.8</ele></trkpt><trkpt lat="53.992075" lon="-9.012208"><ele>96.4</ele></trkpt><trkpt lat="53.99203" lon="-9.011976"><ele>96.6</ele></trkpt><trkpt lat="53.991887" lon="-9.011721"><ele>97</ele></trkpt><trkpt lat="53.991744" lon="-9.011516"><ele>97.3</ele></trkpt><trkpt lat="53.991563" lon="-9.011058"><ele>97.8</ele></trkpt><trkpt lat="53.99139" lon="-9.009527"><ele>98.9</ele></trkpt><trkpt lat="53.991273" lon="-9.009083"><ele>99.2</ele></trkpt><trkpt lat="53.991203" lon="-9.008509"><ele>99.9</ele></trkpt><trkpt lat="53.991165" lon="-9.008125"><ele>100.6</ele></trkpt><trkpt lat="53.990992" lon="-9.007575"><ele>102</ele></trkpt><trkpt lat="53.990964" lon="-9.007392"><ele>102.5</ele></trkpt><trkpt lat="53.990749" lon="-9.005034"><ele>111.2</ele></trkpt><trkpt lat="53.990679" lon="-9.004285"><ele>113.7</ele></trkpt><trkpt lat="53.990466" lon="-9.003183"><ele>116.4</ele></trkpt><trkpt lat="53.990398" lon="-9.002314"><ele>117.3</ele></trkpt><trkpt lat="53.990434" lon="-9.001976"><ele>117.4</ele></trkpt><trkpt lat="53.990595" lon="-9.001195"><ele>117.5</ele></trkpt><trkpt lat="53.990693" lon="-9.000579"><ele>117.5</ele></trkpt><trkpt lat="53.990853" lon="-9.000015"><ele>117.8</ele></trkpt><trkpt lat="53.990956" lon="-8.99932"><ele>118.5</ele></trkpt><trkpt lat="53.991103" lon="-8.99562"><ele>127.3</ele></trkpt><trkpt lat="53.991139" lon="-8.994326"><ele>129.3</ele></trkpt><trkpt lat="53.991058" lon="-8.992807"><ele>129.8</ele></trkpt><trkpt lat="53.990893" lon="-8.990096"><ele>128</ele></trkpt><trkpt lat="53.990893" lon="-8.989719"><ele>127.5</ele></trkpt><trkpt lat="53.991072" lon="-8.98807"><ele>124.5</ele></trkpt><trkpt lat="53.991653" lon="-8.985995"><ele>119.6</ele></trkpt><trkpt lat="53.991925" lon="-8.985427"><ele>118.2</ele></trkpt><trkpt lat="53.993982" lon="-8.98333"><ele>113.6</ele></trkpt><trkpt lat="53.995186" lon="-8.98269"><ele>114.4</ele></trkpt><trkpt lat="53.995247" lon="-8.982658"><ele>114.5</ele></trkpt><trkpt lat="53.99532" lon="-8.982618"><ele>114.7</ele></trkpt><trkpt lat="53.99691" lon="-8.981767"><ele>120.9</ele></trkpt><trkpt lat="53.998252" lon="-8.980901"><ele>123.8</ele></trkpt><trkpt lat="53.999315" lon="-8.980306"><ele>125.3</ele></trkpt><trkpt lat="53.999439" lon="-8.98019"><ele>125.5</ele></trkpt><trkpt lat="54.000015" lon="-8.979392"><ele>126.3</ele></trkpt><trkpt lat="54.000049" lon="-8.979347"><ele>126.4</ele></trkpt><trkpt lat="54.00007" lon="-8.979319"><ele>126.4</ele></trkpt><trkpt lat="54.001078" lon="-8.97798"><ele>125.8</ele></trkpt><trkpt lat="54.001958" lon="-8.976873"><ele>122.9</ele></trkpt><trkpt lat="54.002176" lon="-8.976323"><ele>121.6</ele></trkpt><trkpt lat="54.00233" lon="-8.975796"><ele>120.4</ele></trkpt><trkpt lat="54.002449" lon="-8.975551"><ele>119.8</ele></trkpt><trkpt lat="54.003814" lon="-8.973256"><ele>112.5</ele></trkpt><trkpt lat="54.00446" lon="-8.972084"><ele>109.2</ele></trkpt><trkpt lat="54.004803" lon="-8.971427"><ele>107.3</ele></trkpt><trkpt lat="54.006201" lon="-8.969093"><ele>99.3</ele></trkpt><trkpt lat="54.006597" lon="-8.968404"><ele>97.9</ele></trkpt><trkpt lat="54.006771" lon="-8.968102"><ele>97.5</ele></trkpt><trkpt lat="54.006934" lon="-8.967819"><ele>97.4</ele></trkpt><trkpt lat="54.007505" lon="-8.966862"><ele>98.3</ele></trkpt><trkpt lat="54.00801" lon="-8.965951"><ele>99.5</ele></trkpt><trkpt lat="54.008128" lon="-8.964609"><ele>100.4</ele></trkpt><trkpt lat="54.008265" lon="-8.963448"><ele>100.4</ele></trkpt><trkpt lat="54.008421" lon="-8.962643"><ele>100.2</ele></trkpt><trkpt lat="54.008695" lon="-8.959085"><ele>98.1</ele></trkpt><trkpt lat="54.008846" lon="-8.957462"><ele>97</ele></trkpt><trkpt lat="54.009263" lon="-8.956256"><ele>96.4</ele></trkpt><trkpt lat="54.009471" lon="-8.955659"><ele>96</ele></trkpt><trkpt lat="54.00974" lon="-8.954577"><ele>95.1</ele></trkpt><trkpt lat="54.00983" lon="-8.954126"><ele>94.7</ele></trkpt><trkpt lat="54.009914" lon="-8.953629"><ele>94.3</ele></trkpt><trkpt lat="54.009975" lon="-8.953403"><ele>94.1</ele></trkpt><trkpt lat="54.010072" lon="-8.953168"><ele>94</ele></trkpt><trkpt lat="54.01077" lon="-8.951005"><ele>94.3</ele></trkpt><trkpt lat="54.011017" lon="-8.950122"><ele>94.5</ele></trkpt><trkpt lat="54.012377" lon="-8.945908"><ele>94.6</ele></trkpt><trkpt lat="54.012449" lon="-8.94555"><ele>94.3</ele></trkpt><trkpt lat="54.012737" lon="-8.940724"><ele>87</ele></trkpt><trkpt lat="54.012952" lon="-8.937607"><ele>78.2</ele></trkpt><trkpt lat="54.012938" lon="-8.937446"><ele>77.8</ele></trkpt><trkpt lat="54.012786" lon="-8.937168"><ele>76.8</ele></trkpt><trkpt lat="54.012339" lon="-8.936562"><ele>75</ele></trkpt><trkpt lat="54.012633" lon="-8.936177"><ele>74.2</ele></trkpt><trkpt lat="54.014633" lon="-8.931569"><ele>78.5</ele></trkpt><trkpt lat="54.015081" lon="-8.930653"><ele>81.3</ele></trkpt><trkpt lat="54.015162" lon="-8.930539"><ele>81.8</ele></trkpt><trkpt lat="54.015952" lon="-8.929748"><ele>86</ele></trkpt><trkpt lat="54.017806" lon="-8.92826"><ele>91.2</ele></trkpt><trkpt lat="54.017988" lon="-8.928115"><ele>91.5</ele></trkpt><trkpt lat="54.022884" lon="-8.924254"><ele>94.1</ele></trkpt><trkpt lat="54.02308" lon="-8.924032"><ele>93.8</ele></trkpt><trkpt lat="54.02323" lon="-8.923596"><ele>93.3</ele></trkpt><trkpt lat="54.024108" lon="-8.919815"><ele>83.7</ele></trkpt><trkpt lat="54.024436" lon="-8.918447"><ele>79.6</ele></trkpt><trkpt lat="54.02452" lon="-8.918094"><ele>78.5</ele></trkpt><trkpt lat="54.024952" lon="-8.916254"><ele>73</ele></trkpt><trkpt lat="54.025047" lon="-8.915803"><ele>71.8</ele></trkpt><trkpt lat="54.025048" lon="-8.915798"><ele>71.7</ele></trkpt><trkpt lat="54.025129" lon="-8.915149"><ele>70.1</ele></trkpt><trkpt lat="54.025149" lon="-8.914912"><ele>69.4</ele></trkpt><trkpt lat="54.025255" lon="-8.913711"><ele>66.3</ele></trkpt><trkpt lat="54.025263" lon="-8.913252"><ele>65.1</ele></trkpt><trkpt lat="54.025311" lon="-8.911578"><ele>60.9</ele></trkpt><trkpt lat="54.025395" lon="-8.909376"><ele>55.5</ele></trkpt><trkpt lat="54.025456" lon="-8.908274"><ele>52.8</ele></trkpt><trkpt lat="54.025558" lon="-8.907294"><ele>50.6</ele></trkpt><trkpt lat="54.026109" lon="-8.907272"><ele>48.8</ele></trkpt><trkpt lat="54.027752" lon="-8.907182"><ele>45.7</ele></trkpt><trkpt lat="54.027922" lon="-8.907174"><ele>45.6</ele></trkpt><trkpt lat="54.029251" lon="-8.907037"><ele>46.2</ele></trkpt><trkpt lat="54.030403" lon="-8.906743"><ele>47.8</ele></trkpt><trkpt lat="54.031012" lon="-8.906539"><ele>48.4</ele></trkpt><trkpt lat="54.031059" lon="-8.906521"><ele>48.5</ele></trkpt><trkpt lat="54.031198" lon="-8.906467"><ele>48.5</ele></trkpt><trkpt lat="54.031207" lon="-8.906463"><ele>48.5</ele></trkpt><trkpt lat="54.031293" lon="-8.906429"><ele>48.6</ele></trkpt><trkpt lat="54.031488" lon="-8.906353"><ele>48.6</ele></trkpt><trkpt lat="54.031838" lon="-8.90626"><ele>48.5</ele></trkpt><trkpt lat="54.032693" lon="-8.906162"><ele>47.6</ele></trkpt><trkpt lat="54.032869" lon="-8.906119"><ele>47.4</ele></trkpt><trkpt lat="54.033292" lon="-8.905914"><ele>47</ele></trkpt><trkpt lat="54.033544" lon="-8.905738"><ele>46.8</ele></trkpt><trkpt lat="54.033916" lon="-8.905374"><ele>46.8</ele></trkpt><trkpt lat="54.034492" lon="-8.904621"><ele>47.1</ele></trkpt><trkpt lat="54.035565" lon="-8.903235"><ele>49.1</ele></trkpt><trkpt lat="54.035881" lon="-8.902824"><ele>49.8</ele></trkpt><trkpt lat="54.036458" lon="-8.902118"><ele>50.8</ele></trkpt><trkpt lat="54.03642" lon="-8.901519"><ele>51.4</ele></trkpt><trkpt lat="54.036402" lon="-8.90129"><ele>51.6</ele></trkpt><trkpt lat="54.036367" lon="-8.900791"><ele>52</ele></trkpt><trkpt lat="54.036329" lon="-8.900315"><ele>52.4</ele></trkpt><trkpt lat="54.036274" lon="-8.899746"><ele>52.9</ele></trkpt><trkpt lat="54.036236" lon="-8.899279"><ele>53.6</ele></trkpt><trkpt lat="54.036358" lon="-8.898736"><ele>54.5</ele></trkpt><trkpt lat="54.036415" lon="-8.898506"><ele>54.8</ele></trkpt><trkpt lat="54.036572" lon="-8.898503"><ele>55.2</ele></trkpt><trkpt lat="54.036667" lon="-8.89843"><ele>55.5</ele></trkpt><trkpt lat="54.036912" lon="-8.89812"><ele>56.1</ele></trkpt><trkpt lat="54.037071" lon="-8.897867"><ele>56.5</ele></trkpt><trkpt lat="54.037199" lon="-8.897646"><ele>56.8</ele></trkpt><trkpt lat="54.037618" lon="-8.89672"><ele>57.6</ele></trkpt><trkpt lat="54.037919" lon="-8.896022"><ele>57.8</ele></trkpt><trkpt lat="54.038363" lon="-8.894863"><ele>58.1</ele></trkpt><trkpt lat="54.038451" lon="-8.894642"><ele>58.2</ele></trkpt><trkpt lat="54.038513" lon="-8.894485"><ele>58.2</ele></trkpt><trkpt lat="54.039046" lon="-8.89337"><ele>59</ele></trkpt><trkpt lat="54.039221" lon="-8.893142"><ele>59.2</ele></trkpt><trkpt lat="54.039478" lon="-8.89288"><ele>59.6</ele></trkpt><trkpt lat="54.040167" lon="-8.8923"><ele>60.5</ele></trkpt><trkpt lat="54.04422" lon="-8.888972"><ele>60.5</ele></trkpt><trkpt lat="54.044625" lon="-8.888658"><ele>60.9</ele></trkpt><trkpt lat="54.044761" lon="-8.888581"><ele>61.1</ele></trkpt><trkpt lat="54.046206" lon="-8.888024"><ele>61.1</ele></trkpt><trkpt lat="54.046251" lon="-8.888008"><ele>61.1</ele></trkpt><trkpt lat="54.048232" lon="-8.887287"><ele>59.8</ele></trkpt><trkpt lat="54.048303" lon="-8.887261"><ele>59.8</ele></trkpt><trkpt lat="54.048359" lon="-8.887241"><ele>59.8</ele></trkpt><trkpt lat="54.050126" lon="-8.886591"><ele>61.3</ele></trkpt><trkpt lat="54.050893" lon="-8.886174"><ele>62.7</ele></trkpt><trkpt lat="54.051527" lon="-8.885713"><ele>63.9</ele></trkpt><trkpt lat="54.051659" lon="-8.885598"><ele>64</ele></trkpt><trkpt lat="54.05204" lon="-8.885244"><ele>64.2</ele></trkpt><trkpt lat="54.0524" lon="-8.884886"><ele>64.1</ele></trkpt><trkpt lat="54.052869" lon="-8.884418"><ele>63.7</ele></trkpt><trkpt lat="54.053039" lon="-8.884221"><ele>63.4</ele></trkpt><trkpt lat="54.054272" lon="-8.882704"><ele>61.1</ele></trkpt><trkpt lat="54.054527" lon="-8.882385"><ele>60.7</ele></trkpt><trkpt lat="54.055213" lon="-8.881506"><ele>60.3</ele></trkpt><trkpt lat="54.055789" lon="-8.880768"><ele>60.9</ele></trkpt><trkpt lat="54.055974" lon="-8.880518"><ele>61.2</ele></trkpt><trkpt lat="54.056149" lon="-8.880251"><ele>61.5</ele></trkpt><trkpt lat="54.056257" lon="-8.880087"><ele>61.6</ele></trkpt><trkpt lat="54.056854" lon="-8.879125"><ele>61.9</ele></trkpt><trkpt lat="54.057092" lon="-8.878718"><ele>61.8</ele></trkpt><trkpt lat="54.057201" lon="-8.878542"><ele>61.7</ele></trkpt><trkpt lat="54.057731" lon="-8.877705"><ele>61.2</ele></trkpt><trkpt lat="54.058265" lon="-8.876877"><ele>61.1</ele></trkpt><trkpt lat="54.058455" lon="-8.876582"><ele>61.2</ele></trkpt><trkpt lat="54.058959" lon="-8.875801"><ele>61.4</ele></trkpt><trkpt lat="54.060045" lon="-8.874"><ele>61.8</ele></trkpt><trkpt lat="54.061633" lon="-8.870931"><ele>62.9</ele></trkpt><trkpt lat="54.063576" lon="-8.867061"><ele>70</ele></trkpt><trkpt lat="54.063694" lon="-8.867383"><ele>70.1</ele></trkpt><trkpt lat="54.063783" lon="-8.86759"><ele>70</ele></trkpt><trkpt lat="54.063939" lon="-8.867951"><ele>69.8</ele></trkpt><trkpt lat="54.064644" lon="-8.869534"><ele>68.6</ele></trkpt><trkpt lat="54.064737" lon="-8.869581"><ele>68.6</ele></trkpt><trkpt lat="54.064968" lon="-8.869941"><ele>69.1</ele></trkpt><trkpt lat="54.065311" lon="-8.870418"><ele>70.2</ele></trkpt><trkpt lat="54.065472" lon="-8.870538"><ele>70.7</ele></trkpt><trkpt lat="54.065562" lon="-8.870561"><ele>71</ele></trkpt><trkpt lat="54.065788" lon="-8.870523"><ele>71.7</ele></trkpt><trkpt lat="54.066052" lon="-8.87029"><ele>72.4</ele></trkpt><trkpt lat="54.066119" lon="-8.870176"><ele>72.6</ele></trkpt><trkpt lat="54.066182" lon="-8.869971"><ele>72.8</ele></trkpt><trkpt lat="54.06632" lon="-8.869371"><ele>73.1</ele></trkpt><trkpt lat="54.066426" lon="-8.868841"><ele>72.6</ele></trkpt><trkpt lat="54.066558" lon="-8.867874"><ele>70.9</ele></trkpt><trkpt lat="54.066697" lon="-8.867184"><ele>69.1</ele></trkpt><trkpt lat="54.067424" lon="-8.865367"><ele>65.2</ele></trkpt><trkpt lat="54.067908" lon="-8.864316"><ele>64.8</ele></trkpt><trkpt lat="54.06816" lon="-8.863829"><ele>65.1</ele></trkpt><trkpt lat="54.069029" lon="-8.862316"><ele>64.9</ele></trkpt><trkpt lat="54.069622" lon="-8.861315"><ele>63.6</ele></trkpt><trkpt lat="54.069717" lon="-8.8611"><ele>63.3</ele></trkpt><trkpt lat="54.069758" lon="-8.860933"><ele>63</ele></trkpt><trkpt lat="54.069837" lon="-8.860266"><ele>62.2</ele></trkpt><trkpt lat="54.069848" lon="-8.860144"><ele>62.1</ele></trkpt><trkpt lat="54.070324" lon="-8.855441"><ele>57.8</ele></trkpt><trkpt lat="54.070355" lon="-8.85515"><ele>57.6</ele></trkpt><trkpt lat="54.070607" lon="-8.852524"><ele>55.3</ele></trkpt><trkpt lat="54.070772" lon="-8.850263"><ele>52.9</ele></trkpt><trkpt lat="54.070806" lon="-8.849654"><ele>52.4</ele></trkpt><trkpt lat="54.070808" lon="-8.84948"><ele>52.3</ele></trkpt><trkpt lat="54.070899" lon="-8.846576"><ele>51.7</ele></trkpt><trkpt lat="54.070972" lon="-8.844809"><ele>52</ele></trkpt><trkpt lat="54.071097" lon="-8.841908"><ele>53.6</ele></trkpt><trkpt lat="54.071194" lon="-8.839722"><ele>55.5</ele></trkpt><trkpt lat="54.07123" lon="-8.839389"><ele>55.6</ele></trkpt><trkpt lat="54.072419" lon="-8.835494"><ele>55</ele></trkpt><trkpt lat="54.072709" lon="-8.834475"><ele>55.2</ele></trkpt><trkpt lat="54.073221" lon="-8.832794"><ele>55.9</ele></trkpt><trkpt lat="54.074396" lon="-8.828919"><ele>58</ele></trkpt><trkpt lat="54.075637" lon="-8.8263"><ele>60.9</ele></trkpt><trkpt lat="54.075895" lon="-8.825748"><ele>61.3</ele></trkpt><trkpt lat="54.076384" lon="-8.824964"><ele>61.6</ele></trkpt><trkpt lat="54.076475" lon="-8.824827"><ele>61.6</ele></trkpt><trkpt lat="54.078601" lon="-8.821596"><ele>60.8</ele></trkpt><trkpt lat="54.079148" lon="-8.820753"><ele>61.3</ele></trkpt><trkpt lat="54.079515" lon="-8.820187"><ele>62</ele></trkpt><trkpt lat="54.079632" lon="-8.820009"><ele>62.3</ele></trkpt><trkpt lat="54.080453" lon="-8.818706"><ele>63.7</ele></trkpt><trkpt lat="54.081809" lon="-8.816598"><ele>63</ele></trkpt><trkpt lat="54.082336" lon="-8.815752"><ele>63.5</ele></trkpt><trkpt lat="54.082745" lon="-8.815091"><ele>64.5</ele></trkpt><trkpt lat="54.08317" lon="-8.814325"><ele>65.6</ele></trkpt><trkpt lat="54.08354" lon="-8.813662"><ele>66.1</ele></trkpt><trkpt lat="54.083561" lon="-8.813624"><ele>66.1</ele></trkpt><trkpt lat="54.084501" lon="-8.811903"><ele>64.2</ele></trkpt><trkpt lat="54.084674" lon="-8.8116"><ele>63.8</ele></trkpt><trkpt lat="54.084877" lon="-8.811217"><ele>63.4</ele></trkpt><trkpt lat="54.085163" lon="-8.810674"><ele>62.9</ele></trkpt><trkpt lat="54.0856" lon="-8.80997"><ele>62.6</ele></trkpt><trkpt lat="54.085872" lon="-8.809685"><ele>62.7</ele></trkpt><trkpt lat="54.086467" lon="-8.809415"><ele>62.9</ele></trkpt><trkpt lat="54.086662" lon="-8.809166"><ele>63</ele></trkpt><trkpt lat="54.087001" lon="-8.808019"><ele>62.8</ele></trkpt><trkpt lat="54.087261" lon="-8.807236"><ele>62.1</ele></trkpt><trkpt lat="54.087635" lon="-8.806369"><ele>61.1</ele></trkpt><trkpt lat="54.087744" lon="-8.806174"><ele>60.8</ele></trkpt><trkpt lat="54.08785" lon="-8.805658"><ele>60.3</ele></trkpt><trkpt lat="54.087852" lon="-8.805368"><ele>60.1</ele></trkpt><trkpt lat="54.087935" lon="-8.804816"><ele>59.7</ele></trkpt><trkpt lat="54.088076" lon="-8.804344"><ele>59.5</ele></trkpt><trkpt lat="54.088285" lon="-8.803953"><ele>59.4</ele></trkpt><trkpt lat="54.088433" lon="-8.803801"><ele>59.4</ele></trkpt><trkpt lat="54.088589" lon="-8.803707"><ele>59.5</ele></trkpt><trkpt lat="54.089059" lon="-8.803426"><ele>60.2</ele></trkpt><trkpt lat="54.089176" lon="-8.803257"><ele>60.5</ele></trkpt><trkpt lat="54.089403" lon="-8.802726"><ele>61.3</ele></trkpt><trkpt lat="54.089886" lon="-8.801327"><ele>64.2</ele></trkpt><trkpt lat="54.090248" lon="-8.799242"><ele>68.2</ele></trkpt><trkpt lat="54.090624" lon="-8.798094"><ele>69.9</ele></trkpt><trkpt lat="54.090983" lon="-8.797136"><ele>70.7</ele></trkpt><trkpt lat="54.091513" lon="-8.795634"><ele>70.4</ele></trkpt><trkpt lat="54.092097" lon="-8.793439"><ele>67.1</ele></trkpt><trkpt lat="54.092658" lon="-8.79172"><ele>63.7</ele></trkpt><trkpt lat="54.093763" lon="-8.788227"><ele>57</ele></trkpt><trkpt lat="54.09397" lon="-8.787607"><ele>56.5</ele></trkpt><trkpt lat="54.094286" lon="-8.786476"><ele>56.4</ele></trkpt><trkpt lat="54.094414" lon="-8.786245"><ele>56.5</ele></trkpt><trkpt lat="54.094953" lon="-8.785457"><ele>57.2</ele></trkpt><trkpt lat="54.09514" lon="-8.785195"><ele>57.5</ele></trkpt><trkpt lat="54.095349" lon="-8.784903"><ele>58</ele></trkpt><trkpt lat="54.095548" lon="-8.784602"><ele>58.5</ele></trkpt><trkpt lat="54.095936" lon="-8.784036"><ele>59.4</ele></trkpt><trkpt lat="54.09648" lon="-8.783602"><ele>60.4</ele></trkpt><trkpt lat="54.097561" lon="-8.782219"><ele>62.3</ele></trkpt><trkpt lat="54.09833" lon="-8.781178"><ele>63.7</ele></trkpt><trkpt lat="54.098747" lon="-8.780633"><ele>64.3</ele></trkpt><trkpt lat="54.09898" lon="-8.780311"><ele>64.7</ele></trkpt><trkpt lat="54.099241" lon="-8.779851"><ele>65.3</ele></trkpt><trkpt lat="54.099333" lon="-8.779668"><ele>65.5</ele></trkpt><trkpt lat="54.099683" lon="-8.779264"><ele>66</ele></trkpt><trkpt lat="54.099922" lon="-8.77902"><ele>66.3</ele></trkpt><trkpt lat="54.099942" lon="-8.778996"><ele>66.4</ele></trkpt><trkpt lat="54.100239" lon="-8.778652"><ele>67</ele></trkpt><trkpt lat="54.100561" lon="-8.778236"><ele>67.9</ele></trkpt><trkpt lat="54.100672" lon="-8.778029"><ele>68.2</ele></trkpt><trkpt lat="54.100723" lon="-8.777929"><ele>68.3</ele></trkpt><trkpt lat="54.100989" lon="-8.777397"><ele>68.8</ele></trkpt><trkpt lat="54.101233" lon="-8.776917"><ele>69.4</ele></trkpt><trkpt lat="54.101379" lon="-8.776613"><ele>69.8</ele></trkpt><trkpt lat="54.101411" lon="-8.776537"><ele>69.9</ele></trkpt><trkpt lat="54.101536" lon="-8.776207"><ele>70.2</ele></trkpt><trkpt lat="54.101723" lon="-8.775864"><ele>70.6</ele></trkpt><trkpt lat="54.101849" lon="-8.775702"><ele>70.8</ele></trkpt><trkpt lat="54.102403" lon="-8.775238"><ele>71.5</ele></trkpt><trkpt lat="54.10635" lon="-8.772079"><ele>73.5</ele></trkpt><trkpt lat="54.109576" lon="-8.769485"><ele>74.9</ele></trkpt><trkpt lat="54.109633" lon="-8.769432"><ele>74.9</ele></trkpt><trkpt lat="54.111357" lon="-8.768009"><ele>76.8</ele></trkpt><trkpt lat="54.11225" lon="-8.766436"><ele>78</ele></trkpt><trkpt lat="54.116201" lon="-8.759694"><ele>82.2</ele></trkpt><trkpt lat="54.11661" lon="-8.75901"><ele>82</ele></trkpt><trkpt lat="54.116659" lon="-8.758931"><ele>82</ele></trkpt><trkpt lat="54.11678" lon="-8.758739"><ele>82</ele></trkpt><trkpt lat="54.118195" lon="-8.756324"><ele>81.7</ele></trkpt><trkpt lat="54.119717" lon="-8.753664"><ele>84.8</ele></trkpt><trkpt lat="54.120159" lon="-8.752567"><ele>85.4</ele></trkpt><trkpt lat="54.120671" lon="-8.751116"><ele>85.4</ele></trkpt><trkpt lat="54.120716" lon="-8.750998"><ele>85.3</ele></trkpt><trkpt lat="54.120987" lon="-8.750279"><ele>85.1</ele></trkpt><trkpt lat="54.121978" lon="-8.747392"><ele>83.3</ele></trkpt><trkpt lat="54.122896" lon="-8.744328"><ele>82.6</ele></trkpt><trkpt lat="54.123305" lon="-8.743101"><ele>82.1</ele></trkpt><trkpt lat="54.123634" lon="-8.742293"><ele>81.5</ele></trkpt><trkpt lat="54.12477" lon="-8.739335"><ele>79</ele></trkpt><trkpt lat="54.126613" lon="-8.734605"><ele>76.5</ele></trkpt><trkpt lat="54.127002" lon="-8.733692"><ele>76</ele></trkpt><trkpt lat="54.127602" lon="-8.732159"><ele>75.3</ele></trkpt><trkpt lat="54.128581" lon="-8.729353"><ele>75.1</ele></trkpt><trkpt lat="54.12863" lon="-8.729206"><ele>75.1</ele></trkpt><trkpt lat="54.129025" lon="-8.728064"><ele>75.6</ele></trkpt><trkpt lat="54.12992" lon="-8.725298"><ele>78.4</ele></trkpt><trkpt lat="54.130624" lon="-8.723329"><ele>80.7</ele></trkpt><trkpt lat="54.131441" lon="-8.720782"><ele>82.4</ele></trkpt><trkpt lat="54.131473" lon="-8.720692"><ele>82.5</ele></trkpt><trkpt lat="54.131722" lon="-8.719916"><ele>83.1</ele></trkpt><trkpt lat="54.132287" lon="-8.718189"><ele>84</ele></trkpt><trkpt lat="54.133079" lon="-8.71584"><ele>84.4</ele></trkpt><trkpt lat="54.133131" lon="-8.71559"><ele>84.7</ele></trkpt><trkpt lat="54.133409" lon="-8.713829"><ele>87.8</ele></trkpt><trkpt lat="54.13405" lon="-8.70986"><ele>97.4</ele></trkpt><trkpt lat="54.134341" lon="-8.708329"><ele>99.8</ele></trkpt><trkpt lat="54.134695" lon="-8.706656"><ele>101.8</ele></trkpt><trkpt lat="54.135127" lon="-8.7048"><ele>104.2</ele></trkpt><trkpt lat="54.135967" lon="-8.70105"><ele>109.7</ele></trkpt><trkpt lat="54.136414" lon="-8.699429"><ele>110.7</ele></trkpt><trkpt lat="54.136632" lon="-8.698785"><ele>110.1</ele></trkpt><trkpt lat="54.136674" lon="-8.698683"><ele>110</ele></trkpt><trkpt lat="54.136911" lon="-8.698109"><ele>108.8</ele></trkpt><trkpt lat="54.137725" lon="-8.696361"><ele>103.5</ele></trkpt><trkpt lat="54.137953" lon="-8.695869"><ele>102.7</ele></trkpt><trkpt lat="54.137998" lon="-8.695773"><ele>102.6</ele></trkpt><trkpt lat="54.138016" lon="-8.695801"><ele>102.6</ele></trkpt><trkpt lat="54.138179" lon="-8.695811"><ele>102.4</ele></trkpt><trkpt lat="54.138969" lon="-8.695447"><ele>102.8</ele></trkpt><trkpt lat="54.140604" lon="-8.694941"><ele>104.4</ele></trkpt><trkpt lat="54.141908" lon="-8.694235"><ele>104.9</ele></trkpt><trkpt lat="54.142382" lon="-8.694067"><ele>104.8</ele></trkpt><trkpt lat="54.142604" lon="-8.693976"><ele>104.7</ele></trkpt><trkpt lat="54.142683" lon="-8.693952"><ele>104.7</ele></trkpt><trkpt lat="54.144107" lon="-8.693459"><ele>103.8</ele></trkpt><trkpt lat="54.145296" lon="-8.692963"><ele>102.5</ele></trkpt><trkpt lat="54.145969" lon="-8.692753"><ele>101.3</ele></trkpt><trkpt lat="54.146743" lon="-8.692567"><ele>99.8</ele></trkpt><trkpt lat="54.148017" lon="-8.692261"><ele>98.2</ele></trkpt><trkpt lat="54.148541" lon="-8.692187"><ele>98.2</ele></trkpt><trkpt lat="54.149939" lon="-8.69218"><ele>98.9</ele></trkpt><trkpt lat="54.150525" lon="-8.692107"><ele>99.4</ele></trkpt><trkpt lat="54.151465" lon="-8.692066"><ele>100.5</ele></trkpt><trkpt lat="54.151784" lon="-8.692112"><ele>101.2</ele></trkpt><trkpt lat="54.152442" lon="-8.692323"><ele>102.6</ele></trkpt><trkpt lat="54.152783" lon="-8.692369"><ele>103.4</ele></trkpt><trkpt lat="54.15382" lon="-8.692311"><ele>104.8</ele></trkpt><trkpt lat="54.155022" lon="-8.692123"><ele>105</ele></trkpt><trkpt lat="54.155814" lon="-8.692158"><ele>105.4</ele></trkpt><trkpt lat="54.156239" lon="-8.692127"><ele>106.2</ele></trkpt><trkpt lat="54.156538" lon="-8.691922"><ele>106.9</ele></trkpt><trkpt lat="54.157263" lon="-8.691209"><ele>108.5</ele></trkpt><trkpt lat="54.157443" lon="-8.691167"><ele>108.8</ele></trkpt><trkpt lat="54.157665" lon="-8.691125"><ele>109.1</ele></trkpt><trkpt lat="54.159177" lon="-8.69102"><ele>110.1</ele></trkpt><trkpt lat="54.159799" lon="-8.691033"><ele>111</ele></trkpt><trkpt lat="54.160137" lon="-8.691114"><ele>111.6</ele></trkpt><trkpt lat="54.160456" lon="-8.691442"><ele>112.5</ele></trkpt><trkpt lat="54.161448" lon="-8.692978"><ele>115.6</ele></trkpt><trkpt lat="54.161735" lon="-8.693381"><ele>116.2</ele></trkpt><trkpt lat="54.163229" lon="-8.695638"><ele>118.9</ele></trkpt><trkpt lat="54.163648" lon="-8.696164"><ele>119.7</ele></trkpt><trkpt lat="54.164104" lon="-8.6968"><ele>120.2</ele></trkpt><trkpt lat="54.164831" lon="-8.697552"><ele>120.3</ele></trkpt><trkpt lat="54.165328" lon="-8.698197"><ele>120</ele></trkpt><trkpt lat="54.166905" lon="-8.699168"><ele>120.5</ele></trkpt><trkpt lat="54.167301" lon="-8.699461"><ele>121</ele></trkpt><trkpt lat="54.168034" lon="-8.700081"><ele>122.4</ele></trkpt><trkpt lat="54.169754" lon="-8.701258"><ele>126.5</ele></trkpt><trkpt lat="54.171699" lon="-8.702509"><ele>132.6</ele></trkpt><trkpt lat="54.174158" lon="-8.704386"><ele>140.9</ele></trkpt><trkpt lat="54.174687" lon="-8.705127"><ele>144.3</ele></trkpt><trkpt lat="54.174944" lon="-8.705389"><ele>146</ele></trkpt><trkpt lat="54.175977" lon="-8.706021"><ele>153.7</ele></trkpt><trkpt lat="54.176211" lon="-8.706212"><ele>155.5</ele></trkpt><trkpt lat="54.176462" lon="-8.706598"><ele>157.9</ele></trkpt><trkpt lat="54.177404" lon="-8.707849"><ele>166.4</ele></trkpt><trkpt lat="54.177652" lon="-8.70813"><ele>168.6</ele></trkpt><trkpt lat="54.177905" lon="-8.708253"><ele>170.4</ele></trkpt><trkpt lat="54.178077" lon="-8.708253"><ele>171.5</ele></trkpt><trkpt lat="54.178253" lon="-8.708205"><ele>172.7</ele></trkpt><trkpt lat="54.17857" lon="-8.707998"><ele>174.9</ele></trkpt><trkpt lat="54.178806" lon="-8.707752"><ele>176.6</ele></trkpt><trkpt lat="54.17925" lon="-8.707219"><ele>179.5</ele></trkpt><trkpt lat="54.179425" lon="-8.707048"><ele>180.4</ele></trkpt><trkpt lat="54.179828" lon="-8.706904"><ele>181.8</ele></trkpt><trkpt lat="54.180118" lon="-8.706976"><ele>182.8</ele></trkpt><trkpt lat="54.180416" lon="-8.707144"><ele>183.9</ele></trkpt><trkpt lat="54.180572" lon="-8.707354"><ele>184.5</ele></trkpt><trkpt lat="54.18072" lon="-8.707722"><ele>185.3</ele></trkpt><trkpt lat="54.1808" lon="-8.707793"><ele>185.6</ele></trkpt><trkpt lat="54.181027" lon="-8.707787"><ele>186.3</ele></trkpt><trkpt lat="54.181256" lon="-8.707647"><ele>187.1</ele></trkpt><trkpt lat="54.182386" lon="-8.706655"><ele>192.1</ele></trkpt><trkpt lat="54.182534" lon="-8.706464"><ele>192.9</ele></trkpt><trkpt lat="54.182587" lon="-8.706333"><ele>193.3</ele></trkpt><trkpt lat="54.182663" lon="-8.705999"><ele>194.1</ele></trkpt><trkpt lat="54.182999" lon="-8.704086"><ele>198.2</ele></trkpt><trkpt lat="54.183037" lon="-8.703982"><ele>198.5</ele></trkpt><trkpt lat="54.183091" lon="-8.703918"><ele>198.7</ele></trkpt><trkpt lat="54.183168" lon="-8.703899"><ele>198.9</ele></trkpt><trkpt lat="54.183456" lon="-8.703965"><ele>199.6</ele></trkpt><trkpt lat="54.18366" lon="-8.704053"><ele>200.1</ele></trkpt><trkpt lat="54.184706" lon="-8.704955"><ele>201.6</ele></trkpt><trkpt lat="54.185116" lon="-8.705225"><ele>201.8</ele></trkpt><trkpt lat="54.18558" lon="-8.705472"><ele>201.9</ele></trkpt><trkpt lat="54.186199" lon="-8.705684"><ele>201.6</ele></trkpt><trkpt lat="54.186695" lon="-8.705985"><ele>201.2</ele></trkpt><trkpt lat="54.187128" lon="-8.706136"><ele>200.8</ele></trkpt><trkpt lat="54.187747" lon="-8.706266"><ele>200.4</ele></trkpt><trkpt lat="54.188943" lon="-8.706593"><ele>199.6</ele></trkpt><trkpt lat="54.1899" lon="-8.706547"><ele>200.1</ele></trkpt><trkpt lat="54.19" lon="-8.706551"><ele>200.2</ele></trkpt><trkpt lat="54.191309" lon="-8.706532"><ele>204.9</ele></trkpt><trkpt lat="54.19178" lon="-8.706603"><ele>207.2</ele></trkpt><trkpt lat="54.193186" lon="-8.706938"><ele>212.2</ele></trkpt><trkpt lat="54.194205" lon="-8.706888"><ele>213.9</ele></trkpt><trkpt lat="54.194909" lon="-8.706923"><ele>215.7</ele></trkpt><trkpt lat="54.195451" lon="-8.706858"><ele>218.3</ele></trkpt><trkpt lat="54.196285" lon="-8.707066"><ele>224.7</ele></trkpt><trkpt lat="54.196629" lon="-8.707016"><ele>227.8</ele></trkpt><trkpt lat="54.197292" lon="-8.706657"><ele>233.8</ele></trkpt><trkpt lat="54.19754" lon="-8.706569"><ele>235.6</ele></trkpt><trkpt lat="54.197663" lon="-8.706555"><ele>236.4</ele></trkpt><trkpt lat="54.198025" lon="-8.706624"><ele>238.6</ele></trkpt><trkpt lat="54.198209" lon="-8.705739"><ele>241.6</ele></trkpt><trkpt lat="54.199202" lon="-8.701784"><ele>253.6</ele></trkpt><trkpt lat="54.199799" lon="-8.699287"><ele>252.9</ele></trkpt><trkpt lat="54.199903" lon="-8.698967"><ele>252.1</ele></trkpt><trkpt lat="54.200295" lon="-8.698055"><ele>248.5</ele></trkpt><trkpt lat="54.200525" lon="-8.697412"><ele>245.5</ele></trkpt><trkpt lat="54.200666" lon="-8.696881"><ele>243</ele></trkpt><trkpt lat="54.2016" lon="-8.691685"><ele>220.4</ele></trkpt><trkpt lat="54.201805" lon="-8.690332"><ele>214.1</ele></trkpt><trkpt lat="54.201909" lon="-8.689486"><ele>210.3</ele></trkpt><trkpt lat="54.202186" lon="-8.687802"><ele>203.7</ele></trkpt><trkpt lat="54.202259" lon="-8.687171"><ele>201.4</ele></trkpt><trkpt lat="54.202852" lon="-8.683252"><ele>184.6</ele></trkpt><trkpt lat="54.202864" lon="-8.682889"><ele>182.9</ele></trkpt><trkpt lat="54.203027" lon="-8.681241"><ele>175.5</ele></trkpt><trkpt lat="54.203221" lon="-8.680033"><ele>170.1</ele></trkpt><trkpt lat="54.203414" lon="-8.679034"><ele>165.2</ele></trkpt><trkpt lat="54.203431" lon="-8.678342"><ele>161.8</ele></trkpt><trkpt lat="54.203458" lon="-8.678185"><ele>161</ele></trkpt><trkpt lat="54.203643" lon="-8.677823"><ele>158.6</ele></trkpt><trkpt lat="54.203686" lon="-8.677675"><ele>157.8</ele></trkpt><trkpt lat="54.203661" lon="-8.677008"><ele>154.7</ele></trkpt><trkpt lat="54.20367" lon="-8.676805"><ele>153.8</ele></trkpt><trkpt lat="54.203721" lon="-8.676597"><ele>152.8</ele></trkpt><trkpt lat="54.203908" lon="-8.676135"><ele>150.5</ele></trkpt><trkpt lat="54.20429" lon="-8.675426"><ele>146.6</ele></trkpt><trkpt lat="54.204323" lon="-8.675278"><ele>145.9</ele></trkpt><trkpt lat="54.204442" lon="-8.675014"><ele>144.4</ele></trkpt><trkpt lat="54.204559" lon="-8.674882"><ele>143.2</ele></trkpt><trkpt lat="54.204702" lon="-8.674784"><ele>141.9</ele></trkpt><trkpt lat="54.204909" lon="-8.674762"><ele>140</ele></trkpt><trkpt lat="54.205176" lon="-8.674638"><ele>137.3</ele></trkpt><trkpt lat="54.205607" lon="-8.67468"><ele>133</ele></trkpt><trkpt lat="54.205801" lon="-8.674629"><ele>130.9</ele></trkpt><trkpt lat="54.206094" lon="-8.674626"><ele>127.8</ele></trkpt><trkpt lat="54.206623" lon="-8.67448"><ele>122.3</ele></trkpt><trkpt lat="54.207121" lon="-8.674211"><ele>117.3</ele></trkpt><trkpt lat="54.207418" lon="-8.674197"><ele>114.6</ele></trkpt><trkpt lat="54.207544" lon="-8.67415"><ele>113.5</ele></trkpt><trkpt lat="54.207658" lon="-8.674055"><ele>112.4</ele></trkpt><trkpt lat="54.20776" lon="-8.673853"><ele>111.1</ele></trkpt><trkpt lat="54.207874" lon="-8.673276"><ele>108.1</ele></trkpt><trkpt lat="54.20783" lon="-8.671503"><ele>100.6</ele></trkpt><trkpt lat="54.207867" lon="-8.671166"><ele>99.3</ele></trkpt><trkpt lat="54.207944" lon="-8.670767"><ele>97.7</ele></trkpt><trkpt lat="54.208378" lon="-8.669178"><ele>90.8</ele></trkpt><trkpt lat="54.208496" lon="-8.668861"><ele>89.2</ele></trkpt><trkpt lat="54.208895" lon="-8.668097"><ele>84.6</ele></trkpt><trkpt lat="54.209214" lon="-8.667724"><ele>81.7</ele></trkpt><trkpt lat="54.209538" lon="-8.667461"><ele>79</ele></trkpt><trkpt lat="54.209675" lon="-8.667398"><ele>77.8</ele></trkpt><trkpt lat="54.20978" lon="-8.667446"><ele>76.9</ele></trkpt><trkpt lat="54.21012" lon="-8.667814"><ele>73.3</ele></trkpt><trkpt lat="54.210257" lon="-8.667843"><ele>72.1</ele></trkpt><trkpt lat="54.210409" lon="-8.667793"><ele>70.7</ele></trkpt><trkpt lat="54.210535" lon="-8.66769"><ele>69.4</ele></trkpt><trkpt lat="54.210551" lon="-8.667677"><ele>69.3</ele></trkpt><trkpt lat="54.210866" lon="-8.667419"><ele>66.1</ele></trkpt><trkpt lat="54.211776" lon="-8.666773"><ele>58.4</ele></trkpt><trkpt lat="54.212085" lon="-8.666305"><ele>56.3</ele></trkpt><trkpt lat="54.212349" lon="-8.66566"><ele>54.7</ele></trkpt><trkpt lat="54.212781" lon="-8.664664"><ele>52.7</ele></trkpt><trkpt lat="54.213407" lon="-8.663314"><ele>49.4</ele></trkpt><trkpt lat="54.213759" lon="-8.662695"><ele>47.8</ele></trkpt><trkpt lat="54.213931" lon="-8.662423"><ele>47.3</ele></trkpt><trkpt lat="54.214461" lon="-8.661445"><ele>45.9</ele></trkpt><trkpt lat="54.214664" lon="-8.661179"><ele>45.8</ele></trkpt><trkpt lat="54.215149" lon="-8.660896"><ele>45.5</ele></trkpt><trkpt lat="54.215573" lon="-8.660723"><ele>45.2</ele></trkpt><trkpt lat="54.215923" lon="-8.660613"><ele>44.8</ele></trkpt><trkpt lat="54.216125" lon="-8.660581"><ele>44.5</ele></trkpt><trkpt lat="54.216298" lon="-8.660605"><ele>44.2</ele></trkpt><trkpt lat="54.21644" lon="-8.659995"><ele>43.4</ele></trkpt><trkpt lat="54.216697" lon="-8.659195"><ele>42.1</ele></trkpt><trkpt lat="54.217121" lon="-8.658328"><ele>40.7</ele></trkpt><trkpt lat="54.217163" lon="-8.658064"><ele>40.5</ele></trkpt><trkpt lat="54.217167" lon="-8.657632"><ele>40.1</ele></trkpt><trkpt lat="54.217102" lon="-8.657283"><ele>39.8</ele></trkpt><trkpt lat="54.216986" lon="-8.656962"><ele>39.6</ele></trkpt><trkpt lat="54.216868" lon="-8.656783"><ele>39.5</ele></trkpt><trkpt lat="54.216808" lon="-8.656291"><ele>39.5</ele></trkpt><trkpt lat="54.21681" lon="-8.655334"><ele>39.9</ele></trkpt><trkpt lat="54.21683" lon="-8.651457"><ele>44.6</ele></trkpt><trkpt lat="54.21687" lon="-8.650708"><ele>44.8</ele></trkpt><trkpt lat="54.217065" lon="-8.649115"><ele>42.5</ele></trkpt><trkpt lat="54.217128" lon="-8.648253"><ele>40.7</ele></trkpt><trkpt lat="54.217181" lon="-8.647342"><ele>39.2</ele></trkpt><trkpt lat="54.217332" lon="-8.645166"><ele>38.1</ele></trkpt><trkpt lat="54.217392" lon="-8.643953"><ele>37.4</ele></trkpt><trkpt lat="54.217408" lon="-8.642936"><ele>36</ele></trkpt><trkpt lat="54.21738" lon="-8.642067"><ele>34.6</ele></trkpt><trkpt lat="54.217306" lon="-8.641201"><ele>33.3</ele></trkpt><trkpt lat="54.217203" lon="-8.640525"><ele>32.4</ele></trkpt><trkpt lat="54.216916" lon="-8.639252"><ele>30.6</ele></trkpt><trkpt lat="54.216845" lon="-8.63885"><ele>30.1</ele></trkpt><trkpt lat="54.216849" lon="-8.63858"><ele>29.8</ele></trkpt><trkpt lat="54.216919" lon="-8.638265"><ele>29.4</ele></trkpt><trkpt lat="54.217076" lon="-8.637895"><ele>29</ele></trkpt><trkpt lat="54.217298" lon="-8.637636"><ele>28.6</ele></trkpt><trkpt lat="54.217464" lon="-8.637379"><ele>28.2</ele></trkpt><trkpt lat="54.217802" lon="-8.636345"><ele>28</ele></trkpt><trkpt lat="54.217992" lon="-8.635858"><ele>28.1</ele></trkpt><trkpt lat="54.218051" lon="-8.635634"><ele>28.1</ele></trkpt><trkpt lat="54.218061" lon="-8.634599"><ele>28.3</ele></trkpt><trkpt lat="54.218332" lon="-8.632429"><ele>28.1</ele></trkpt><trkpt lat="54.21858" lon="-8.631253"><ele>27.7</ele></trkpt><trkpt lat="54.219693" lon="-8.626537"><ele>24</ele></trkpt><trkpt lat="54.220361" lon="-8.623528"><ele>14.6</ele></trkpt><trkpt lat="54.220526" lon="-8.622869"><ele>12.6</ele></trkpt><trkpt lat="54.219803" lon="-8.621756"><ele>9.2</ele></trkpt><trkpt lat="54.219572" lon="-8.621361"><ele>8.3</ele></trkpt><trkpt lat="54.21882" lon="-8.620017"><ele>6.4</ele></trkpt><trkpt lat="54.218411" lon="-8.619258"><ele>5.4</ele></trkpt><trkpt lat="54.217412" lon="-8.617258"><ele>3.2</ele></trkpt><trkpt lat="54.217133" lon="-8.6168"><ele>3</ele></trkpt><trkpt lat="54.21683" lon="-8.616379"><ele>3.1</ele></trkpt><trkpt lat="54.215869" lon="-8.615389"><ele>4.6</ele></trkpt><trkpt lat="54.215517" lon="-8.614974"><ele>5.2</ele></trkpt><trkpt lat="54.215051" lon="-8.61426"><ele>5.7</ele></trkpt><trkpt lat="54.214776" lon="-8.613715"><ele>5.8</ele></trkpt><trkpt lat="54.214612" lon="-8.613323"><ele>5.8</ele></trkpt><trkpt lat="54.214425" lon="-8.6128"><ele>5.7</ele></trkpt><trkpt lat="54.214225" lon="-8.612092"><ele>5.5</ele></trkpt><trkpt lat="54.21358" lon="-8.608976"><ele>4.4</ele></trkpt><trkpt lat="54.213311" lon="-8.607984"><ele>4.2</ele></trkpt><trkpt lat="54.21309" lon="-8.607396"><ele>4.2</ele></trkpt><trkpt lat="54.212739" lon="-8.606646"><ele>4.5</ele></trkpt><trkpt lat="54.211731" lon="-8.604857"><ele>5.8</ele></trkpt><trkpt lat="54.211635" lon="-8.604688"><ele>6</ele></trkpt><trkpt lat="54.20941" lon="-8.60073"><ele>7.9</ele></trkpt><trkpt lat="54.20873" lon="-8.599417"><ele>8.3</ele></trkpt><trkpt lat="54.208115" lon="-8.598219"><ele>8.1</ele></trkpt><trkpt lat="54.207648" lon="-8.597228"><ele>7.8</ele></trkpt><trkpt lat="54.207215" lon="-8.596263"><ele>7.2</ele></trkpt><trkpt lat="54.206589" lon="-8.59486"><ele>6.4</ele></trkpt><trkpt lat="54.204254" lon="-8.589699"><ele>5.7</ele></trkpt><trkpt lat="54.203057" lon="-8.587729"><ele>5.1</ele></trkpt><trkpt lat="54.202639" lon="-8.586751"><ele>5.3</ele></trkpt><trkpt lat="54.202419" lon="-8.586151"><ele>5.5</ele></trkpt><trkpt lat="54.20233" lon="-8.585686"><ele>5.7</ele></trkpt><trkpt lat="54.202205" lon="-8.584783"><ele>6</ele></trkpt><trkpt lat="54.20193" lon="-8.582501"><ele>6.6</ele></trkpt><trkpt lat="54.201198" lon="-8.57703"><ele>11.9</ele></trkpt><trkpt lat="54.201153" lon="-8.576565"><ele>12.5</ele></trkpt><trkpt lat="54.201177" lon="-8.576033"><ele>12.9</ele></trkpt><trkpt lat="54.201268" lon="-8.575594"><ele>13.1</ele></trkpt><trkpt lat="54.201521" lon="-8.574869"><ele>13</ele></trkpt><trkpt lat="54.201931" lon="-8.573845"><ele>11.2</ele></trkpt><trkpt lat="54.202045" lon="-8.573395"><ele>10.2</ele></trkpt><trkpt lat="54.202086" lon="-8.57307"><ele>9.6</ele></trkpt><trkpt lat="54.202318" lon="-8.570043"><ele>4.6</ele></trkpt><trkpt lat="54.202417" lon="-8.569304"><ele>3.7</ele></trkpt><trkpt lat="54.202542" lon="-8.568771"><ele>3.2</ele></trkpt><trkpt lat="54.202694" lon="-8.568297"><ele>2.9</ele></trkpt><trkpt lat="54.202948" lon="-8.567736"><ele>2.8</ele></trkpt><trkpt lat="54.203325" lon="-8.567007"><ele>2.6</ele></trkpt><trkpt lat="54.203641" lon="-8.566361"><ele>2.8</ele></trkpt><trkpt lat="54.203738" lon="-8.566114"><ele>2.9</ele></trkpt><trkpt lat="54.203842" lon="-8.565769"><ele>3.1</ele></trkpt><trkpt lat="54.204026" lon="-8.564982"><ele>3.6</ele></trkpt><trkpt lat="54.204145" lon="-8.564239"><ele>4.2</ele></trkpt><trkpt lat="54.204738" lon="-8.559951"><ele>10.5</ele></trkpt><trkpt lat="54.204795" lon="-8.559545"><ele>11.2</ele></trkpt><trkpt lat="54.204983" lon="-8.558101"><ele>13</ele></trkpt><trkpt lat="54.205197" lon="-8.556183"><ele>14.8</ele></trkpt><trkpt lat="54.205221" lon="-8.55601"><ele>15</ele></trkpt><trkpt lat="54.205244" lon="-8.555747"><ele>15.3</ele></trkpt><trkpt lat="54.205332" lon="-8.554834"><ele>16.7</ele></trkpt><trkpt lat="54.205423" lon="-8.554452"><ele>17.4</ele></trkpt><trkpt lat="54.205823" lon="-8.553206"><ele>20.3</ele></trkpt><trkpt lat="54.205971" lon="-8.552424"><ele>21.7</ele></trkpt><trkpt lat="54.206253" lon="-8.550558"><ele>25</ele></trkpt><trkpt lat="54.20634" lon="-8.55016"><ele>25.7</ele></trkpt><trkpt lat="54.206603" lon="-8.549331"><ele>27.1</ele></trkpt><trkpt lat="54.206647" lon="-8.549092"><ele>27.5</ele></trkpt><trkpt lat="54.206669" lon="-8.548807"><ele>27.9</ele></trkpt><trkpt lat="54.20667" lon="-8.548407"><ele>28.4</ele></trkpt><trkpt lat="54.206621" lon="-8.547432"><ele>29.5</ele></trkpt><trkpt lat="54.206631" lon="-8.546647"><ele>30.3</ele></trkpt><trkpt lat="54.206612" lon="-8.546134"><ele>30.9</ele></trkpt><trkpt lat="54.206521" lon="-8.545104"><ele>32.3</ele></trkpt><trkpt lat="54.206475" lon="-8.544419"><ele>33</ele></trkpt><trkpt lat="54.20646" lon="-8.54392"><ele>33.5</ele></trkpt><trkpt lat="54.206474" lon="-8.543677"><ele>33.7</ele></trkpt><trkpt lat="54.206584" lon="-8.542627"><ele>35</ele></trkpt><trkpt lat="54.206667" lon="-8.54221"><ele>35.5</ele></trkpt><trkpt lat="54.206798" lon="-8.541463"><ele>36.3</ele></trkpt><trkpt lat="54.206863" lon="-8.540854"><ele>36.9</ele></trkpt><trkpt lat="54.206874" lon="-8.540439"><ele>37.4</ele></trkpt><trkpt lat="54.206834" lon="-8.539768"><ele>38.1</ele></trkpt><trkpt lat="54.206681" lon="-8.538439"><ele>39.1</ele></trkpt><trkpt lat="54.206629" lon="-8.537542"><ele>40.3</ele></trkpt><trkpt lat="54.206685" lon="-8.536737"><ele>42</ele></trkpt><trkpt lat="54.206804" lon="-8.536156"><ele>43.5</ele></trkpt><trkpt lat="54.206919" lon="-8.535762"><ele>44.7</ele></trkpt><trkpt lat="54.207163" lon="-8.535198"><ele>46.8</ele></trkpt><trkpt lat="54.207445" lon="-8.534702"><ele>48.7</ele></trkpt><trkpt lat="54.20767" lon="-8.534323"><ele>50</ele></trkpt><trkpt lat="54.20796" lon="-8.533837"><ele>51.5</ele></trkpt><trkpt lat="54.208242" lon="-8.533354"><ele>52.7</ele></trkpt><trkpt lat="54.208484" lon="-8.53289"><ele>53.5</ele></trkpt><trkpt lat="54.208733" lon="-8.532258"><ele>54.2</ele></trkpt><trkpt lat="54.208917" lon="-8.531679"><ele>54.6</ele></trkpt><trkpt lat="54.208941" lon="-8.531597"><ele>54.7</ele></trkpt><trkpt lat="54.209143" lon="-8.530894"><ele>54.9</ele></trkpt><trkpt lat="54.209477" lon="-8.529681"><ele>54.9</ele></trkpt><trkpt lat="54.209774" lon="-8.528732"><ele>54.8</ele></trkpt><trkpt lat="54.209874" lon="-8.528422"><ele>54.7</ele></trkpt><trkpt lat="54.210159" lon="-8.52753"><ele>54.3</ele></trkpt><trkpt lat="54.210411" lon="-8.526634"><ele>53.6</ele></trkpt><trkpt lat="54.210505" lon="-8.526247"><ele>53.2</ele></trkpt><trkpt lat="54.210518" lon="-8.526193"><ele>53.1</ele></trkpt><trkpt lat="54.211145" lon="-8.523592"><ele>49.1</ele></trkpt><trkpt lat="54.211207" lon="-8.523351"><ele>48.7</ele></trkpt><trkpt lat="54.211492" lon="-8.522236"><ele>46.9</ele></trkpt><trkpt lat="54.211534" lon="-8.521837"><ele>46.4</ele></trkpt><trkpt lat="54.211539" lon="-8.521662"><ele>46.2</ele></trkpt><trkpt lat="54.211351" lon="-8.520225"><ele>44.2</ele></trkpt><trkpt lat="54.211239" lon="-8.519297"><ele>43</ele></trkpt><trkpt lat="54.211041" lon="-8.517647"><ele>41</ele></trkpt><trkpt lat="54.210837" lon="-8.515964"><ele>38.3</ele></trkpt><trkpt lat="54.210485" lon="-8.514162"><ele>34.4</ele></trkpt><trkpt lat="54.210238" lon="-8.51295"><ele>31.3</ele></trkpt><trkpt lat="54.210091" lon="-8.512294"><ele>29.7</ele></trkpt><trkpt lat="54.209983" lon="-8.511787"><ele>28.5</ele></trkpt><trkpt lat="54.209855" lon="-8.511379"><ele>27.3</ele></trkpt><trkpt lat="54.209632" lon="-8.510943"><ele>25.9</ele></trkpt><trkpt lat="54.209314" lon="-8.510293"><ele>24.4</ele></trkpt><trkpt lat="54.209239" lon="-8.510037"><ele>24</ele></trkpt><trkpt lat="54.20923" lon="-8.50978"><ele>23.7</ele></trkpt><trkpt lat="54.209318" lon="-8.509733"><ele>23.6</ele></trkpt><trkpt lat="54.20964" lon="-8.509145"><ele>23.2</ele></trkpt><trkpt lat="54.209913" lon="-8.508764"><ele>23.2</ele></trkpt><trkpt lat="54.210338" lon="-8.508354"><ele>23.7</ele></trkpt><trkpt lat="54.210459" lon="-8.508237"><ele>23.8</ele></trkpt><trkpt lat="54.210831" lon="-8.507881"><ele>24.1</ele></trkpt><trkpt lat="54.210927" lon="-8.507808"><ele>24.1</ele></trkpt><trkpt lat="54.211082" lon="-8.50772"><ele>24.2</ele></trkpt><trkpt lat="54.211139" lon="-8.507562"><ele>24.2</ele></trkpt><trkpt lat="54.211308" lon="-8.507362"><ele>24.2</ele></trkpt><trkpt lat="54.211428" lon="-8.507241"><ele>24.2</ele></trkpt><trkpt lat="54.21156" lon="-8.507217"><ele>24.2</ele></trkpt><trkpt lat="54.211778" lon="-8.50699"><ele>24.3</ele></trkpt><trkpt lat="54.211895" lon="-8.506871"><ele>24.4</ele></trkpt><trkpt lat="54.212076" lon="-8.506755"><ele>24.6</ele></trkpt><trkpt lat="54.212222" lon="-8.506718"><ele>24.8</ele></trkpt><trkpt lat="54.212475" lon="-8.506769"><ele>25.2</ele></trkpt><trkpt lat="54.212622" lon="-8.506747"><ele>25.5</ele></trkpt><trkpt lat="54.213067" lon="-8.506585"><ele>26.2</ele></trkpt><trkpt lat="54.213232" lon="-8.506528"><ele>26.3</ele></trkpt><trkpt lat="54.213512" lon="-8.506435"><ele>26.3</ele></trkpt><trkpt lat="54.213679" lon="-8.506405"><ele>26.2</ele></trkpt><trkpt lat="54.213824" lon="-8.506342"><ele>26.1</ele></trkpt><trkpt lat="54.214385" lon="-8.505901"><ele>24.7</ele></trkpt><trkpt lat="54.215673" lon="-8.505064"><ele>20.3</ele></trkpt><trkpt lat="54.216344" lon="-8.504577"><ele>20</ele></trkpt><trkpt lat="54.216855" lon="-8.504297"><ele>20.4</ele></trkpt><trkpt lat="54.217438" lon="-8.503351"><ele>20.3</ele></trkpt><trkpt lat="54.217615" lon="-8.502919"><ele>19.7</ele></trkpt><trkpt lat="54.217711" lon="-8.502759"><ele>19.4</ele></trkpt><trkpt lat="54.217856" lon="-8.502294"><ele>18.5</ele></trkpt><trkpt lat="54.217966" lon="-8.502133"><ele>18</ele></trkpt><trkpt lat="54.218084" lon="-8.50208"><ele>17.5</ele></trkpt><trkpt lat="54.218313" lon="-8.502146"><ele>16.4</ele></trkpt><trkpt lat="54.21851" lon="-8.502091"><ele>15.4</ele></trkpt><trkpt lat="54.218539" lon="-8.501763"><ele>14.5</ele></trkpt><trkpt lat="54.218639" lon="-8.501582"><ele>13.8</ele></trkpt><trkpt lat="54.218698" lon="-8.501538"><ele>13.6</ele></trkpt><trkpt lat="54.218853" lon="-8.501262"><ele>12.7</ele></trkpt><trkpt lat="54.219034" lon="-8.501011"><ele>11.8</ele></trkpt><trkpt lat="54.219124" lon="-8.500963"><ele>11.4</ele></trkpt><trkpt lat="54.219213" lon="-8.500993"><ele>11.1</ele></trkpt><trkpt lat="54.219232" lon="-8.500919"><ele>10.9</ele></trkpt><trkpt lat="54.219336" lon="-8.50057"><ele>10.1</ele></trkpt><trkpt lat="54.219639" lon="-8.499893"><ele>8.2</ele></trkpt><trkpt lat="54.219811" lon="-8.499598"><ele>7.4</ele></trkpt><trkpt lat="54.219946" lon="-8.499417"><ele>6.9</ele></trkpt><trkpt lat="54.220268" lon="-8.49908"><ele>5.7</ele></trkpt><trkpt lat="54.220624" lon="-8.498831"><ele>4.5</ele></trkpt><trkpt lat="54.220874" lon="-8.498726"><ele>3.7</ele></trkpt><trkpt lat="54.221867" lon="-8.498577"><ele>1.7</ele></trkpt><trkpt lat="54.222016" lon="-8.498531"><ele>1.5</ele></trkpt><trkpt lat="54.22248" lon="-8.498301"><ele>1.2</ele></trkpt><trkpt lat="54.223307" lon="-8.497606"><ele>1.1</ele></trkpt><trkpt lat="54.223908" lon="-8.497056"><ele>1.3</ele></trkpt><trkpt lat="54.224879" lon="-8.496169"><ele>1.2</ele></trkpt><trkpt lat="54.225303" lon="-8.495775"><ele>1.3</ele></trkpt><trkpt lat="54.225817" lon="-8.495269"><ele>1.8</ele></trkpt><trkpt lat="54.226149" lon="-8.494867"><ele>2.2</ele></trkpt><trkpt lat="54.226569" lon="-8.49417"><ele>2.8</ele></trkpt><trkpt lat="54.226867" lon="-8.493585"><ele>3.1</ele></trkpt><trkpt lat="54.227591" lon="-8.492167"><ele>2</ele></trkpt><trkpt lat="54.227947" lon="-8.491538"><ele>1.6</ele></trkpt><trkpt lat="54.229388" lon="-8.489193"><ele>1.7</ele></trkpt><trkpt lat="54.229906" lon="-8.488347"><ele>1.7</ele></trkpt><trkpt lat="54.23011" lon="-8.488013"><ele>1.7</ele></trkpt><trkpt lat="54.230241" lon="-8.4878"><ele>1.7</ele></trkpt><trkpt lat="54.230395" lon="-8.487548"><ele>1.7</ele></trkpt><trkpt lat="54.23056" lon="-8.487279"><ele>1.7</ele></trkpt><trkpt lat="54.231918" lon="-8.485053"><ele>2.6</ele></trkpt><trkpt lat="54.232008" lon="-8.484909"><ele>2.9</ele></trkpt><trkpt lat="54.232232" lon="-8.484553"><ele>3.5</ele></trkpt><trkpt lat="54.232552" lon="-8.484152"><ele>4.7</ele></trkpt><trkpt lat="54.232664" lon="-8.48403"><ele>5.2</ele></trkpt><trkpt lat="54.232785" lon="-8.483931"><ele>5.7</ele></trkpt><trkpt lat="54.23317" lon="-8.483703"><ele>7.4</ele></trkpt><trkpt lat="54.233293" lon="-8.483661"><ele>7.9</ele></trkpt><trkpt lat="54.233863" lon="-8.483483"><ele>10.2</ele></trkpt><trkpt lat="54.234056" lon="-8.483415"><ele>11</ele></trkpt><trkpt lat="54.234415" lon="-8.483208"><ele>12.5</ele></trkpt><trkpt lat="54.234758" lon="-8.482896"><ele>13.8</ele></trkpt><trkpt lat="54.234991" lon="-8.482572"><ele>14.7</ele></trkpt><trkpt lat="54.235203" lon="-8.482231"><ele>15.7</ele></trkpt><trkpt lat="54.235545" lon="-8.48142"><ele>17.4</ele></trkpt><trkpt lat="54.235788" lon="-8.480801"><ele>18.5</ele></trkpt><trkpt lat="54.236034" lon="-8.480259"><ele>19.4</ele></trkpt><trkpt lat="54.236556" lon="-8.479362"><ele>20.9</ele></trkpt><trkpt lat="54.237051" lon="-8.478686"><ele>21.7</ele></trkpt><trkpt lat="54.237295" lon="-8.478402"><ele>21.8</ele></trkpt><trkpt lat="54.237789" lon="-8.47793"><ele>21.5</ele></trkpt><trkpt lat="54.238405" lon="-8.477489"><ele>20.2</ele></trkpt><trkpt lat="54.238999" lon="-8.477196"><ele>18.9</ele></trkpt><trkpt lat="54.239335" lon="-8.477074"><ele>18.3</ele></trkpt><trkpt lat="54.239804" lon="-8.476975"><ele>17.7</ele></trkpt><trkpt lat="54.240404" lon="-8.476968"><ele>17.7</ele></trkpt><trkpt lat="54.240676" lon="-8.476978"><ele>18</ele></trkpt><trkpt lat="54.241175" lon="-8.476924"><ele>18.7</ele></trkpt><trkpt lat="54.241594" lon="-8.476825"><ele>19.5</ele></trkpt><trkpt lat="54.241826" lon="-8.476736"><ele>20.1</ele></trkpt><trkpt lat="54.242662" lon="-8.476283"><ele>22.3</ele></trkpt><trkpt lat="54.243253" lon="-8.47612"><ele>23.9</ele></trkpt><trkpt lat="54.243569" lon="-8.476125"><ele>24.6</ele></trkpt><trkpt lat="54.244055" lon="-8.476235"><ele>25.7</ele></trkpt><trkpt lat="54.24417" lon="-8.476397"><ele>26.1</ele></trkpt><trkpt lat="54.244267" lon="-8.476632"><ele>26.5</ele></trkpt><trkpt lat="54.24427" lon="-8.47675"><ele>26.6</ele></trkpt><trkpt lat="54.244293" lon="-8.476871"><ele>26.8</ele></trkpt><trkpt lat="54.24439" lon="-8.477059"><ele>27.1</ele></trkpt><trkpt lat="54.244457" lon="-8.477113"><ele>27.3</ele></trkpt><trkpt lat="54.244604" lon="-8.47712"><ele>27.6</ele></trkpt><trkpt lat="54.244663" lon="-8.477081"><ele>27.7</ele></trkpt><trkpt lat="54.244759" lon="-8.476939"><ele>28</ele></trkpt><trkpt lat="54.244808" lon="-8.476716"><ele>28.2</ele></trkpt><trkpt lat="54.244806" lon="-8.476596"><ele>28.3</ele></trkpt><trkpt lat="54.244867" lon="-8.476094"><ele>28.9</ele></trkpt><trkpt lat="54.244965" lon="-8.475875"><ele>29.3</ele></trkpt><trkpt lat="54.24508" lon="-8.475722"><ele>29.6</ele></trkpt><trkpt lat="54.245339" lon="-8.475534"><ele>30.2</ele></trkpt><trkpt lat="54.245373" lon="-8.475517"><ele>30.2</ele></trkpt><trkpt lat="54.245813" lon="-8.475338"><ele>31.3</ele></trkpt><trkpt lat="54.246253" lon="-8.475307"><ele>32.5</ele></trkpt><trkpt lat="54.247103" lon="-8.475259"><ele>35.3</ele></trkpt><trkpt lat="54.247366" lon="-8.475245"><ele>36.3</ele></trkpt><trkpt lat="54.249628" lon="-8.475125"><ele>46.7</ele></trkpt><trkpt lat="54.249926" lon="-8.475064"><ele>47.6</ele></trkpt><trkpt lat="54.250005" lon="-8.475133"><ele>47.9</ele></trkpt><trkpt lat="54.250408" lon="-8.474937"><ele>48.9</ele></trkpt><trkpt lat="54.250522" lon="-8.474986"><ele>49.1</ele></trkpt><trkpt lat="54.250604" lon="-8.474974"><ele>49.2</ele></trkpt><trkpt lat="54.250717" lon="-8.475051"><ele>49.4</ele></trkpt><trkpt lat="54.250843" lon="-8.474994"><ele>49.5</ele></trkpt><trkpt lat="54.251103" lon="-8.474917"><ele>49.9</ele></trkpt><trkpt lat="54.251209" lon="-8.474846"><ele>50</ele></trkpt><trkpt lat="54.251562" lon="-8.474748"><ele>50.5</ele></trkpt><trkpt lat="54.252249" lon="-8.474386"><ele>51.7</ele></trkpt><trkpt lat="54.252799" lon="-8.474039"><ele>52.9</ele></trkpt><trkpt lat="54.253331" lon="-8.473613"><ele>53.8</ele></trkpt><trkpt lat="54.253709" lon="-8.473262"><ele>54.5</ele></trkpt><trkpt lat="54.254267" lon="-8.472674"><ele>55.3</ele></trkpt><trkpt lat="54.254677" lon="-8.472154"><ele>55.3</ele></trkpt><trkpt lat="54.254753" lon="-8.472051"><ele>55.2</ele></trkpt><trkpt lat="54.254808" lon="-8.471974"><ele>55.2</ele></trkpt><trkpt lat="54.254908" lon="-8.471833"><ele>55.1</ele></trkpt><trkpt lat="54.254923" lon="-8.471812"><ele>55.1</ele></trkpt><trkpt lat="54.254942" lon="-8.471785"><ele>55</ele></trkpt><trkpt lat="54.254957" lon="-8.471764"><ele>55</ele></trkpt><trkpt lat="54.255036" lon="-8.471655"><ele>54.9</ele></trkpt><trkpt lat="54.25534" lon="-8.471133"><ele>54.3</ele></trkpt><trkpt lat="54.255461" lon="-8.470967"><ele>54.1</ele></trkpt><trkpt lat="54.2559" lon="-8.470207"><ele>53.2</ele></trkpt><trkpt lat="54.256777" lon="-8.468848"><ele>53.2</ele></trkpt><trkpt lat="54.257108" lon="-8.468386"><ele>53.4</ele></trkpt><trkpt lat="54.257529" lon="-8.468015"><ele>53.3</ele></trkpt><trkpt lat="54.257814" lon="-8.467817"><ele>52.8</ele></trkpt><trkpt lat="54.25804" lon="-8.467715"><ele>52.3</ele></trkpt><trkpt lat="54.258092" lon="-8.467698"><ele>52.2</ele></trkpt><trkpt lat="54.258328" lon="-8.467688"><ele>51.6</ele></trkpt><trkpt lat="54.258472" lon="-8.467691"><ele>51.1</ele></trkpt><trkpt lat="54.258842" lon="-8.467699"><ele>49.8</ele></trkpt><trkpt lat="54.259017" lon="-8.46771"><ele>49.1</ele></trkpt><trkpt lat="54.260374" lon="-8.467794"><ele>43.5</ele></trkpt><trkpt lat="54.26051" lon="-8.467801"><ele>43.1</ele></trkpt><trkpt lat="54.260875" lon="-8.467825"><ele>41.8</ele></trkpt><trkpt lat="54.261736" lon="-8.467878"><ele>39.1</ele></trkpt><trkpt lat="54.261881" lon="-8.467887"><ele>38.6</ele></trkpt><trkpt lat="54.262181" lon="-8.467905"><ele>37.5</ele></trkpt><trkpt lat="54.26228" lon="-8.467914"><ele>37.1</ele></trkpt><trkpt lat="54.262571" lon="-8.467942"><ele>36</ele></trkpt><trkpt lat="54.262723" lon="-8.467968"><ele>35.4</ele></trkpt><trkpt lat="54.262996" lon="-8.468053"><ele>34.3</ele></trkpt><trkpt lat="54.263209" lon="-8.468128"><ele>33.4</ele></trkpt><trkpt lat="54.263852" lon="-8.468332"><ele>30.5</ele></trkpt><trkpt lat="54.264502" lon="-8.468684"><ele>27.7</ele></trkpt><trkpt lat="54.26453" lon="-8.468699"><ele>27.6</ele></trkpt><trkpt lat="54.265856" lon="-8.469439"><ele>22</ele></trkpt><trkpt lat="54.265969" lon="-8.469508"><ele>21.5</ele></trkpt><trkpt lat="54.266748" lon="-8.469933"><ele>18.8</ele></trkpt><trkpt lat="54.267716" lon="-8.470478"><ele>16.7</ele></trkpt><trkpt lat="54.267887" lon="-8.470577"><ele>16.4</ele></trkpt><trkpt lat="54.26785" lon="-8.470714"><ele>16.2</ele></trkpt><trkpt lat="54.268128" lon="-8.471701"><ele>15.4</ele></trkpt><trkpt lat="54.268307" lon="-8.472352"><ele>15</ele></trkpt><trkpt lat="54.26827" lon="-8.472594"><ele>14.9</ele></trkpt><trkpt lat="54.268443" lon="-8.472764"><ele>14.7</ele></trkpt><trkpt lat="54.268635" lon="-8.472949"><ele>14.6</ele></trkpt><trkpt lat="54.268802" lon="-8.473088"><ele>14.4</ele></trkpt><trkpt lat="54.269653" lon="-8.473472"><ele>13.9</ele></trkpt><trkpt lat="54.269585" lon="-8.474806"><ele>12.7</ele></trkpt><trkpt lat="54.270009" lon="-8.474939"><ele>11.5</ele></trkpt><trkpt lat="54.270056" lon="-8.474954"><ele>11.4</ele></trkpt><trkpt lat="54.270503" lon="-8.475076"><ele>10</ele></trkpt><trkpt lat="54.270508" lon="-8.475039"><ele>9.9</ele></trkpt><trkpt lat="54.27059" lon="-8.475069"><ele>9.7</ele></trkpt><trkpt lat="54.2711" lon="-8.475248"><ele>8.4</ele></trkpt><trkpt lat="54.271363" lon="-8.475338"><ele>7.8</ele></trkpt><trkpt lat="54.272055" lon="-8.475535"><ele>5.7</ele></trkpt><trkpt lat="54.272205" lon="-8.475411"><ele>5.5</ele></trkpt><trkpt lat="54.272201" lon="-8.475153"><ele>5.3</ele></trkpt><trkpt lat="54.272258" lon="-8.474739"><ele>5</ele></trkpt><trkpt lat="54.272265" lon="-8.4747"><ele>4.9</ele></trkpt><trkpt lat="54.272269" lon="-8.474676"><ele>4.9</ele></trkpt><trkpt lat="54.272273" lon="-8.474656"><ele>4.9</ele></trkpt><trkpt lat="54.27228" lon="-8.474614"><ele>4.9</ele></trkpt><trkpt lat="54.272352" lon="-8.47422"><ele>4.6</ele></trkpt><trkpt lat="54.272361" lon="-8.47417"><ele>4.6</ele></trkpt><trkpt lat="54.272378" lon="-8.474079"><ele>4.5</ele></trkpt><trkpt lat="54.272414" lon="-8.474024"><ele>4.5</ele></trkpt><trkpt lat="54.272472" lon="-8.474015"><ele>4.4</ele></trkpt><trkpt lat="54.272546" lon="-8.474011"><ele>4.3</ele></trkpt><trkpt lat="54.272674" lon="-8.474008"><ele>4.1</ele></trkpt><trkpt lat="54.273495" lon="-8.473955"><ele>4.6</ele></trkpt><trkpt lat="54.273681" lon="-8.473935"><ele>4.5</ele></trkpt><trkpt lat="54.273876" lon="-8.473942"><ele>4.4</ele></trkpt><trkpt lat="54.274061" lon="-8.474"><ele>4.3</ele></trkpt><trkpt lat="54.274205" lon="-8.4741"><ele>4.1</ele></trkpt><trkpt lat="54.274541" lon="-8.474471"><ele>3.5</ele></trkpt><trkpt lat="54.274857" lon="-8.474832"><ele>3</ele></trkpt><trkpt lat="54.275015" lon="-8.475135"><ele>2.5</ele></trkpt><trkpt lat="54.275385" lon="-8.476228"><ele>1.6</ele></trkpt><trkpt lat="54.275497" lon="-8.476442"><ele>1.7</ele></trkpt><trkpt lat="54.275618" lon="-8.476701"><ele>1.8</ele></trkpt><trkpt lat="54.275876" lon="-8.47714"><ele>2.1</ele></trkpt><trkpt lat="54.275955" lon="-8.477292"><ele>2.3</ele></trkpt><trkpt lat="54.276017" lon="-8.477209"><ele>2.4</ele></trkpt><trkpt lat="54.276199" lon="-8.476943"><ele>2.7</ele></trkpt><trkpt lat="54.276759" lon="-8.476153"><ele>3.4</ele></trkpt><trkpt lat="54.277156" lon="-8.475617"><ele>3.3</ele></trkpt><trkpt lat="54.277421" lon="-8.475311"><ele>3.1</ele></trkpt><trkpt lat="54.277705" lon="-8.475059"><ele>2.9</ele></trkpt><trkpt lat="54.277809" lon="-8.474973"><ele>2.7</ele></trkpt><trkpt lat="54.277887" lon="-8.474905"><ele>2.7</ele></trkpt><trkpt lat="54.277975" lon="-8.474822"><ele>2.6</ele></trkpt><trkpt lat="54.27815" lon="-8.474657"><ele>2.6</ele></trkpt><trkpt lat="54.278624" lon="-8.474108"><ele>3.3</ele></trkpt><trkpt lat="54.278752" lon="-8.474355"><ele>3.8</ele></trkpt><trkpt lat="54.278934" lon="-8.474685"><ele>4.7</ele></trkpt><trkpt lat="54.279034" lon="-8.474767"><ele>5.1</ele></trkpt><trkpt lat="54.279195" lon="-8.474932"><ele>5.9</ele></trkpt><trkpt lat="54.279318" lon="-8.474976"><ele>6.5</ele></trkpt><trkpt lat="54.279458" lon="-8.475021"><ele>7.1</ele></trkpt><trkpt lat="54.280166" lon="-8.475171"><ele>10.8</ele></trkpt><trkpt lat="54.280578" lon="-8.475243"><ele>12.3</ele></trkpt><trkpt lat="54.280965" lon="-8.475238"><ele>12.9</ele></trkpt><trkpt lat="54.281303" lon="-8.475242"><ele>12.6</ele></trkpt><trkpt lat="54.281771" lon="-8.475258"><ele>11.3</ele></trkpt><trkpt lat="54.281936" lon="-8.475336"><ele>10.5</ele></trkpt><trkpt lat="54.282356" lon="-8.475683"><ele>8</ele></trkpt><trkpt lat="54.282937" lon="-8.476337"><ele>4.2</ele></trkpt><trkpt lat="54.283034" lon="-8.476452"><ele>3.7</ele></trkpt><trkpt lat="54.283078" lon="-8.476503"><ele>3.5</ele></trkpt><trkpt lat="54.283215" lon="-8.476647"><ele>2.9</ele></trkpt><trkpt lat="54.284595" lon="-8.478144"><ele>0.3</ele></trkpt><trkpt lat="54.284732" lon="-8.478262"><ele>0.2</ele></trkpt><trkpt lat="54.284953" lon="-8.478378"><ele>0.2</ele></trkpt><trkpt lat="54.285906" lon="-8.478479"><ele>0</ele></trkpt><trkpt lat="54.286127" lon="-8.478586"><ele>0</ele></trkpt><trkpt lat="54.28634" lon="-8.478844"><ele>0</ele></trkpt><trkpt lat="54.287131" lon="-8.480178"><ele>0.5</ele></trkpt><trkpt lat="54.287381" lon="-8.48054"><ele>1</ele></trkpt><trkpt lat="54.287739" lon="-8.480932"><ele>1.9</ele></trkpt><trkpt lat="54.287788" lon="-8.480975"><ele>2</ele></trkpt><trkpt lat="54.288217" lon="-8.481217"><ele>3</ele></trkpt><trkpt lat="54.288669" lon="-8.481406"><ele>4</ele></trkpt><trkpt lat="54.289081" lon="-8.481564"><ele>4.5</ele></trkpt><trkpt lat="54.289254" lon="-8.48168"><ele>4.6</ele></trkpt><trkpt lat="54.289304" lon="-8.481722"><ele>4.6</ele></trkpt><trkpt lat="54.289474" lon="-8.481877"><ele>4.6</ele></trkpt><trkpt lat="54.289658" lon="-8.482062"><ele>4.5</ele></trkpt><trkpt lat="54.289991" lon="-8.482395"><ele>4.5</ele></trkpt><trkpt lat="54.290419" lon="-8.482876"><ele>4.6</ele></trkpt><trkpt lat="54.290693" lon="-8.483233"><ele>4.9</ele></trkpt><trkpt lat="54.291122" lon="-8.483872"><ele>5.7</ele></trkpt><trkpt lat="54.291495" lon="-8.484525"><ele>6.6</ele></trkpt><trkpt lat="54.291942" lon="-8.485432"><ele>7.5</ele></trkpt><trkpt lat="54.292282" lon="-8.486254"><ele>8</ele></trkpt><trkpt lat="54.293549" lon="-8.490284"><ele>9.4</ele></trkpt><trkpt lat="54.293734" lon="-8.49075"><ele>9.9</ele></trkpt><trkpt lat="54.294004" lon="-8.491307"><ele>10.7</ele></trkpt><trkpt lat="54.294388" lon="-8.491946"><ele>12</ele></trkpt><trkpt lat="54.294808" lon="-8.492526"><ele>13.2</ele></trkpt><trkpt lat="54.295087" lon="-8.492921"><ele>13.8</ele></trkpt><trkpt lat="54.295368" lon="-8.493346"><ele>14.1</ele></trkpt><trkpt lat="54.295604" lon="-8.493751"><ele>14.3</ele></trkpt><trkpt lat="54.296018" lon="-8.494585"><ele>14.5</ele></trkpt><trkpt lat="54.296665" lon="-8.495919"><ele>15.7</ele></trkpt><trkpt lat="54.296793" lon="-8.496218"><ele>16.2</ele></trkpt><trkpt lat="54.296823" lon="-8.496292"><ele>16.3</ele></trkpt><trkpt lat="54.297293" lon="-8.497496"><ele>18.4</ele></trkpt><trkpt lat="54.297429" lon="-8.497921"><ele>19.3</ele></trkpt><trkpt lat="54.298032" lon="-8.499847"><ele>22.2</ele></trkpt><trkpt lat="54.298098" lon="-8.500087"><ele>22.4</ele></trkpt><trkpt lat="54.298249" lon="-8.500685"><ele>22.5</ele></trkpt><trkpt lat="54.298477" lon="-8.501609"><ele>21.8</ele></trkpt><trkpt lat="54.29865" lon="-8.502406"><ele>20.5</ele></trkpt><trkpt lat="54.298812" lon="-8.503213"><ele>18.9</ele></trkpt><trkpt lat="54.298878" lon="-8.503551"><ele>18.3</ele></trkpt><trkpt lat="54.2989" lon="-8.503676"><ele>18</ele></trkpt><trkpt lat="54.299041" lon="-8.504387"><ele>16.6</ele></trkpt><trkpt lat="54.299294" lon="-8.505461"><ele>14.5</ele></trkpt><trkpt lat="54.299593" lon="-8.506646"><ele>12.9</ele></trkpt><trkpt lat="54.299762" lon="-8.507354"><ele>12.1</ele></trkpt><trkpt lat="54.300723" lon="-8.511263"><ele>9.4</ele></trkpt><trkpt lat="54.301018" lon="-8.512486"><ele>9.1</ele></trkpt><trkpt lat="54.301128" lon="-8.512947"><ele>9.3</ele></trkpt><trkpt lat="54.301186" lon="-8.513189"><ele>9.5</ele></trkpt><trkpt lat="54.301216" lon="-8.513313"><ele>9.6</ele></trkpt><trkpt lat="54.301242" lon="-8.513421"><ele>9.7</ele></trkpt><trkpt lat="54.301553" lon="-8.513309"><ele>10.1</ele></trkpt><trkpt lat="54.301795" lon="-8.513298"><ele>10.6</ele></trkpt><trkpt lat="54.302352" lon="-8.51356"><ele>12.3</ele></trkpt><trkpt lat="54.302551" lon="-8.513582"><ele>12.9</ele></trkpt><trkpt lat="54.303321" lon="-8.513527"><ele>15.9</ele></trkpt><trkpt lat="54.304102" lon="-8.513493"><ele>19.4</ele></trkpt><trkpt lat="54.304979" lon="-8.513455"><ele>23.2</ele></trkpt><trkpt lat="54.305514" lon="-8.513536"><ele>24.8</ele></trkpt><trkpt lat="54.305516" lon="-8.514024"><ele>25.9</ele></trkpt><trkpt lat="54.305514" lon="-8.513536"><ele>27</ele></trkpt><trkpt lat="54.305925" lon="-8.513646"><ele>28.5</ele></trkpt><trkpt lat="54.306229" lon="-8.513727"><ele>29.3</ele></trkpt><trkpt lat="54.306664" lon="-8.51382"><ele>30.2</ele></trkpt><trkpt lat="54.306837" lon="-8.513819"><ele>30.5</ele></trkpt><trkpt lat="54.306928" lon="-8.513756"><ele>30.6</ele></trkpt><trkpt lat="54.306978" lon="-8.51302"><ele>30.8</ele></trkpt><trkpt lat="54.307066" lon="-8.512615"><ele>30.6</ele></trkpt><trkpt lat="54.307258" lon="-8.511792"><ele>30.1</ele></trkpt><trkpt lat="54.307313" lon="-8.511481"><ele>30</ele></trkpt><trkpt lat="54.30738" lon="-8.510859"><ele>29.9</ele></trkpt><trkpt lat="54.307473" lon="-8.509987"><ele>30.4</ele></trkpt><trkpt lat="54.307603" lon="-8.509014"><ele>31.7</ele></trkpt><trkpt lat="54.307649" lon="-8.508764"><ele>32.1</ele></trkpt><trkpt lat="54.307796" lon="-8.507957"><ele>33.7</ele></trkpt><trkpt lat="54.308096" lon="-8.505879"><ele>38</ele></trkpt><trkpt lat="54.308244" lon="-8.505067"><ele>39.1</ele></trkpt><trkpt lat="54.308362" lon="-8.504448"><ele>39.6</ele></trkpt><trkpt lat="54.308424" lon="-8.503446"><ele>39.9</ele></trkpt><trkpt lat="54.308489" lon="-8.503019"><ele>39.8</ele></trkpt><trkpt lat="54.308631" lon="-8.501954"><ele>39.5</ele></trkpt><trkpt lat="54.308681" lon="-8.501506"><ele>39.4</ele></trkpt><trkpt lat="54.308728" lon="-8.500621"><ele>39.4</ele></trkpt><trkpt lat="54.308751" lon="-8.500036"><ele>39.5</ele></trkpt><trkpt lat="54.308783" lon="-8.499882"><ele>39.5</ele></trkpt><trkpt lat="54.309323" lon="-8.50053"><ele>39.6</ele></trkpt><trkpt lat="54.309373" lon="-8.50059"><ele>39.7</ele></trkpt><trkpt lat="54.309391" lon="-8.500611"><ele>39.7</ele></trkpt><trkpt lat="54.309774" lon="-8.500932"><ele>39.9</ele></trkpt><trkpt lat="54.30997" lon="-8.501046"><ele>40</ele></trkpt><trkpt lat="54.310059" lon="-8.501034"><ele>40</ele></trkpt><trkpt lat="54.31019" lon="-8.500857"><ele>40.1</ele></trkpt><trkpt lat="54.310331" lon="-8.500521"><ele>40.2</ele></trkpt><trkpt lat="54.310943" lon="-8.498514"><ele>42</ele></trkpt><trkpt lat="54.311142" lon="-8.497725"><ele>42.4</ele></trkpt><trkpt lat="54.311264" lon="-8.497243"><ele>42.4</ele></trkpt><trkpt lat="54.311391" lon="-8.496738"><ele>42.2</ele></trkpt><trkpt lat="54.311425" lon="-8.496603"><ele>42.1</ele></trkpt><trkpt lat="54.311508" lon="-8.496275"><ele>41.8</ele></trkpt><trkpt lat="54.311537" lon="-8.496159"><ele>41.6</ele></trkpt><trkpt lat="54.312072" lon="-8.493997"><ele>38.3</ele></trkpt><trkpt lat="54.31257" lon="-8.49196"><ele>36.3</ele></trkpt><trkpt lat="54.312741" lon="-8.491258"><ele>35.9</ele></trkpt><trkpt lat="54.312845" lon="-8.490849"><ele>35.7</ele></trkpt><trkpt lat="54.313068" lon="-8.490011"><ele>35.4</ele></trkpt><trkpt lat="54.313119" lon="-8.48982"><ele>35.3</ele></trkpt><trkpt lat="54.313372" lon="-8.488843"><ele>34.7</ele></trkpt><trkpt lat="54.313455" lon="-8.488504"><ele>34.4</ele></trkpt><trkpt lat="54.31348" lon="-8.488386"><ele>34.2</ele></trkpt><trkpt lat="54.313578" lon="-8.487883"><ele>33.6</ele></trkpt><trkpt lat="54.313626" lon="-8.487594"><ele>33.1</ele></trkpt><trkpt lat="54.313695" lon="-8.486996"><ele>32</ele></trkpt><trkpt lat="54.31384" lon="-8.485839"><ele>29.9</ele></trkpt><trkpt lat="54.314027" lon="-8.484483"><ele>27.4</ele></trkpt><trkpt lat="54.313948" lon="-8.483986"><ele>26.7</ele></trkpt><trkpt lat="54.314041" lon="-8.48388"><ele>26.4</ele></trkpt><trkpt lat="54.314291" lon="-8.483471"><ele>25.6</ele></trkpt><trkpt lat="54.314507" lon="-8.482994"><ele>24.5</ele></trkpt><trkpt lat="54.314745" lon="-8.482325"><ele>22.6</ele></trkpt><trkpt lat="54.315145" lon="-8.48128"><ele>19.1</ele></trkpt><trkpt lat="54.315291" lon="-8.480993"><ele>18</ele></trkpt><trkpt lat="54.315466" lon="-8.480722"><ele>16.7</ele></trkpt><trkpt lat="54.315731" lon="-8.480394"><ele>15</ele></trkpt><trkpt lat="54.315908" lon="-8.480223"><ele>14.1</ele></trkpt><trkpt lat="54.316121" lon="-8.480078"><ele>13.3</ele></trkpt><trkpt lat="54.316349" lon="-8.479963"><ele>12.5</ele></trkpt><trkpt lat="54.316771" lon="-8.479879"><ele>11.8</ele></trkpt><trkpt lat="54.317099" lon="-8.479895"><ele>11.5</ele></trkpt><trkpt lat="54.317297" lon="-8.479964"><ele>11.5</ele></trkpt><trkpt lat="54.31807" lon="-8.480413"><ele>13.1</ele></trkpt><trkpt lat="54.318168" lon="-8.480189"><ele>13.6</ele></trkpt><trkpt lat="54.318234" lon="-8.480123"><ele>13.8</ele></trkpt><trkpt lat="54.318473" lon="-8.479886"><ele>14.5</ele></trkpt><trkpt lat="54.318508" lon="-8.479851"><ele>14.6</ele></trkpt><trkpt lat="54.318526" lon="-8.479828"><ele>14.7</ele></trkpt><trkpt lat="54.318682" lon="-8.479678"><ele>15</ele></trkpt><trkpt lat="54.318763" lon="-8.479609"><ele>15.1</ele></trkpt><trkpt lat="54.319197" lon="-8.479237"><ele>15.5</ele></trkpt><trkpt lat="54.320071" lon="-8.478485"><ele>14</ele></trkpt><trkpt lat="54.320158" lon="-8.47841"><ele>13.7</ele></trkpt><trkpt lat="54.32036" lon="-8.478238"><ele>13.1</ele></trkpt><trkpt lat="54.320389" lon="-8.478213"><ele>13</ele></trkpt><trkpt lat="54.321115" lon="-8.477602"><ele>11.5</ele></trkpt><trkpt lat="54.322762" lon="-8.476179"><ele>10.2</ele></trkpt><trkpt lat="54.324015" lon="-8.475163"><ele>9.9</ele></trkpt><trkpt lat="54.324467" lon="-8.4747"><ele>9.4</ele></trkpt><trkpt lat="54.325093" lon="-8.473933"><ele>8.4</ele></trkpt><trkpt lat="54.32555" lon="-8.473331"><ele>7.9</ele></trkpt><trkpt lat="54.325753" lon="-8.472986"><ele>7.8</ele></trkpt><trkpt lat="54.325864" lon="-8.472781"><ele>7.8</ele></trkpt><trkpt lat="54.326441" lon="-8.471738"><ele>8.2</ele></trkpt><trkpt lat="54.326679" lon="-8.471559"><ele>8.4</ele></trkpt><trkpt lat="54.328313" lon="-8.470796"><ele>9.7</ele></trkpt><trkpt lat="54.329715" lon="-8.470135"><ele>11.9</ele></trkpt><trkpt lat="54.333099" lon="-8.468578"><ele>22.9</ele></trkpt><trkpt lat="54.333296" lon="-8.468471"><ele>23.3</ele></trkpt><trkpt lat="54.333395" lon="-8.468369"><ele>23.5</ele></trkpt><trkpt lat="54.333927" lon="-8.469152"><ele>24</ele></trkpt><trkpt lat="54.335227" lon="-8.47123"><ele>22.7</ele></trkpt><trkpt lat="54.335865" lon="-8.472312"><ele>21.9</ele></trkpt><trkpt lat="54.336595" lon="-8.473644"><ele>21.4</ele></trkpt><trkpt lat="54.337355" lon="-8.47437"><ele>21.9</ele></trkpt><trkpt lat="54.337482" lon="-8.474571"><ele>22</ele></trkpt><trkpt lat="54.337951" lon="-8.47563"><ele>22.7</ele></trkpt><trkpt lat="54.33974" lon="-8.47986"><ele>23</ele></trkpt><trkpt lat="54.339769" lon="-8.479927"><ele>23</ele></trkpt><trkpt lat="54.341058" lon="-8.482992"><ele>23.4</ele></trkpt><trkpt lat="54.342335" lon="-8.485775"><ele>24.4</ele></trkpt><trkpt lat="54.342564" lon="-8.48612"><ele>24.8</ele></trkpt><trkpt lat="54.342987" lon="-8.486767"><ele>26.1</ele></trkpt><trkpt lat="54.343041" lon="-8.486933"><ele>26.4</ele></trkpt><trkpt lat="54.34332" lon="-8.488144"><ele>29.2</ele></trkpt><trkpt lat="54.34341" lon="-8.488536"><ele>30.2</ele></trkpt><trkpt lat="54.343523" lon="-8.489033"><ele>31.4</ele></trkpt><trkpt lat="54.343789" lon="-8.490074"><ele>33.3</ele></trkpt><trkpt lat="54.343795" lon="-8.490263"><ele>33.5</ele></trkpt><trkpt lat="54.343765" lon="-8.490443"><ele>33.6</ele></trkpt><trkpt lat="54.343643" lon="-8.491125"><ele>33.6</ele></trkpt><trkpt lat="54.343594" lon="-8.491398"><ele>33.5</ele></trkpt><trkpt lat="54.343127" lon="-8.493992"><ele>28.7</ele></trkpt><trkpt lat="54.343037" lon="-8.494501"><ele>27.6</ele></trkpt><trkpt lat="54.342918" lon="-8.495151"><ele>26.1</ele></trkpt><trkpt lat="54.342869" lon="-8.495401"><ele>25.6</ele></trkpt><trkpt lat="54.342771" lon="-8.495919"><ele>24.4</ele></trkpt><trkpt lat="54.342709" lon="-8.496264"><ele>23.6</ele></trkpt><trkpt lat="54.3427" lon="-8.496318"><ele>23.5</ele></trkpt><trkpt lat="54.342621" lon="-8.496757"><ele>22.6</ele></trkpt><trkpt lat="54.342551" lon="-8.497153"><ele>22</ele></trkpt><trkpt lat="54.342517" lon="-8.497339"><ele>21.7</ele></trkpt><trkpt lat="54.342373" lon="-8.498194"><ele>20.6</ele></trkpt><trkpt lat="54.342208" lon="-8.499154"><ele>19.2</ele></trkpt><trkpt lat="54.341944" lon="-8.500612"><ele>17.7</ele></trkpt><trkpt lat="54.341915" lon="-8.500773"><ele>17.5</ele></trkpt><trkpt lat="54.341837" lon="-8.501206"><ele>17</ele></trkpt><trkpt lat="54.341744" lon="-8.501718"><ele>16.5</ele></trkpt><trkpt lat="54.341614" lon="-8.502439"><ele>16.1</ele></trkpt><trkpt lat="54.341499" lon="-8.503072"><ele>15.9</ele></trkpt><trkpt lat="54.341269" lon="-8.504319"><ele>16</ele></trkpt><trkpt lat="54.340793" lon="-8.507023"><ele>16.8</ele></trkpt><trkpt lat="54.340098" lon="-8.510862"><ele>15.4</ele></trkpt><trkpt lat="54.340094" lon="-8.510973"><ele>15.3</ele></trkpt><trkpt lat="54.340088" lon="-8.511657"><ele>14.9</ele></trkpt><trkpt lat="54.340113" lon="-8.512296"><ele>14.5</ele></trkpt><trkpt lat="54.340187" lon="-8.514657"><ele>12.8</ele></trkpt><trkpt lat="54.340288" lon="-8.515696"><ele>12.3</ele></trkpt><trkpt lat="54.340653" lon="-8.517975"><ele>11.7</ele></trkpt><trkpt lat="54.340732" lon="-8.51869"><ele>11.7</ele></trkpt><trkpt lat="54.340764" lon="-8.519247"><ele>11.7</ele></trkpt><trkpt lat="54.340781" lon="-8.519814"><ele>11.8</ele></trkpt><trkpt lat="54.34071" lon="-8.520348"><ele>11.8</ele></trkpt><trkpt lat="54.340607" lon="-8.520803"><ele>11.8</ele></trkpt><trkpt lat="54.340512" lon="-8.521148"><ele>11.7</ele></trkpt><trkpt lat="54.340339" lon="-8.521579"><ele>11.4</ele></trkpt><trkpt lat="54.340211" lon="-8.522028"><ele>11.1</ele></trkpt><trkpt lat="54.33993" lon="-8.523201"><ele>9.9</ele></trkpt><trkpt lat="54.339656" lon="-8.524473"><ele>8.7</ele></trkpt><trkpt lat="54.33953" lon="-8.525015"><ele>8.6</ele></trkpt><trkpt lat="54.339375" lon="-8.525692"><ele>8.9</ele></trkpt><trkpt lat="54.339063" lon="-8.527168"><ele>9.9</ele></trkpt><trkpt lat="54.339051" lon="-8.527224"><ele>10</ele></trkpt><trkpt lat="54.338939" lon="-8.527756"><ele>10.3</ele></trkpt><trkpt lat="54.339246" lon="-8.527806"><ele>10.6</ele></trkpt><trkpt lat="54.339998" lon="-8.527849"><ele>11.5</ele></trkpt><trkpt lat="54.340651" lon="-8.52783"><ele>13.1</ele></trkpt><trkpt lat="54.340727" lon="-8.527835"><ele>13.3</ele></trkpt><trkpt lat="54.34165" lon="-8.527806"><ele>17.8</ele></trkpt><trkpt lat="54.341791" lon="-8.527795"><ele>18.6</ele></trkpt><trkpt lat="54.342912" lon="-8.527725"><ele>24.3</ele></trkpt><trkpt lat="54.343149" lon="-8.527697"><ele>25.1</ele></trkpt><trkpt lat="54.343278" lon="-8.52767"><ele>25.4</ele></trkpt><trkpt lat="54.343289" lon="-8.527668"><ele>25.4</ele></trkpt><trkpt lat="54.344777" lon="-8.527189"><ele>25.5</ele></trkpt><trkpt lat="54.346643" lon="-8.526631"><ele>25.6</ele></trkpt><trkpt lat="54.34672" lon="-8.526607"><ele>25.7</ele></trkpt><trkpt lat="54.346966" lon="-8.52653"><ele>26.2</ele></trkpt><trkpt lat="54.347032" lon="-8.52651"><ele>26.3</ele></trkpt><trkpt lat="54.347325" lon="-8.526419"><ele>26.8</ele></trkpt><trkpt lat="54.347443" lon="-8.526382"><ele>27.1</ele></trkpt><trkpt lat="54.34758" lon="-8.526338"><ele>27.3</ele></trkpt><trkpt lat="54.34764" lon="-8.526318"><ele>27.5</ele></trkpt><trkpt lat="54.347895" lon="-8.526236"><ele>28</ele></trkpt><trkpt lat="54.347953" lon="-8.526219"><ele>28.1</ele></trkpt><trkpt lat="54.348209" lon="-8.526145"><ele>28.6</ele></trkpt><trkpt lat="54.349317" lon="-8.525826"><ele>29.2</ele></trkpt><trkpt lat="54.349717" lon="-8.525719"><ele>28.8</ele></trkpt><trkpt lat="54.34999" lon="-8.525647"><ele>28.5</ele></trkpt><trkpt lat="54.350008" lon="-8.525643"><ele>28.5</ele></trkpt><trkpt lat="54.350766" lon="-8.525484"><ele>27.8</ele></trkpt><trkpt lat="54.35243" lon="-8.525113"><ele>30.1</ele></trkpt><trkpt lat="54.352476" lon="-8.525102"><ele>30.3</ele></trkpt><trkpt lat="54.355955" lon="-8.524291"><ele>47.6</ele></trkpt><trkpt lat="54.35769" lon="-8.523858"><ele>52.5</ele></trkpt><trkpt lat="54.357974" lon="-8.523789"><ele>53.2</ele></trkpt><trkpt lat="54.358287" lon="-8.523711"><ele>54.3</ele></trkpt><trkpt lat="54.358558" lon="-8.523642"><ele>55.4</ele></trkpt><trkpt lat="54.359041" lon="-8.52352"><ele>57.7</ele></trkpt><trkpt lat="54.359234" lon="-8.523471"><ele>58.7</ele></trkpt><trkpt lat="54.359677" lon="-8.523359"><ele>60.8</ele></trkpt><trkpt lat="54.360188" lon="-8.523207"><ele>63.4</ele></trkpt><trkpt lat="54.360295" lon="-8.52311"><ele>64</ele></trkpt><trkpt lat="54.36025" lon="-8.523054"><ele>64.2</ele></trkpt><trkpt lat="54.360399" lon="-8.522777"><ele>65.1</ele></trkpt><trkpt lat="54.360571" lon="-8.522447"><ele>66</ele></trkpt><trkpt lat="54.360599" lon="-8.522394"><ele>66.2</ele></trkpt><trkpt lat="54.360867" lon="-8.521754"><ele>67.6</ele></trkpt><trkpt lat="54.361039" lon="-8.521499"><ele>68.3</ele></trkpt><trkpt lat="54.362178" lon="-8.519827"><ele>72.8</ele></trkpt><trkpt lat="54.362807" lon="-8.518923"><ele>77.1</ele></trkpt><trkpt lat="54.363509" lon="-8.517849"><ele>82.9</ele></trkpt><trkpt lat="54.364174" lon="-8.516905"><ele>87.9</ele></trkpt><trkpt lat="54.365338" lon="-8.515468"><ele>94.4</ele></trkpt><trkpt lat="54.36603" lon="-8.514565"><ele>97.1</ele></trkpt><trkpt lat="54.36701" lon="-8.513295"><ele>98.8</ele></trkpt><trkpt lat="54.367736" lon="-8.512395"><ele>99.8</ele></trkpt><trkpt lat="54.368209" lon="-8.511836"><ele>100.7</ele></trkpt><trkpt lat="54.369271" lon="-8.510468"><ele>103.3</ele></trkpt><trkpt lat="54.370289" lon="-8.509284"><ele>105.3</ele></trkpt><trkpt lat="54.371253" lon="-8.508091"><ele>106</ele></trkpt><trkpt lat="54.373642" lon="-8.505109"><ele>99.9</ele></trkpt><trkpt lat="54.374411" lon="-8.504111"><ele>96.5</ele></trkpt><trkpt lat="54.375134" lon="-8.502799"><ele>92.3</ele></trkpt><trkpt lat="54.377653" lon="-8.497952"><ele>80.4</ele></trkpt><trkpt lat="54.378207" lon="-8.496948"><ele>80.4</ele></trkpt><trkpt lat="54.378095" lon="-8.496797"><ele>80.8</ele></trkpt><trkpt lat="54.37684" lon="-8.495778"><ele>89.1</ele></trkpt><trkpt lat="54.376768" lon="-8.495668"><ele>89.9</ele></trkpt><trkpt lat="54.376737" lon="-8.495557"><ele>90.4</ele></trkpt><trkpt lat="54.376779" lon="-8.493943"><ele>96.4</ele></trkpt><trkpt lat="54.376869" lon="-8.493415"><ele>98</ele></trkpt><trkpt lat="54.377071" lon="-8.492483"><ele>100.7</ele></trkpt><trkpt lat="54.37713" lon="-8.491534"><ele>103.2</ele></trkpt><trkpt lat="54.377149" lon="-8.490818"><ele>105</ele></trkpt><trkpt lat="54.377136" lon="-8.490227"><ele>106.5</ele></trkpt><trkpt lat="54.377105" lon="-8.489959"><ele>107.3</ele></trkpt><trkpt lat="54.377071" lon="-8.48969"><ele>108</ele></trkpt><trkpt lat="54.37699" lon="-8.4891"><ele>109.7</ele></trkpt><trkpt lat="54.376537" lon="-8.487059"><ele>115.6</ele></trkpt><trkpt lat="54.376507" lon="-8.486925"><ele>116</ele></trkpt><trkpt lat="54.376399" lon="-8.486696"><ele>116.7</ele></trkpt><trkpt lat="54.376244" lon="-8.486499"><ele>117.4</ele></trkpt><trkpt lat="54.375947" lon="-8.486225"><ele>118.4</ele></trkpt><trkpt lat="54.375947" lon="-8.486225"><ele>118.4</ele></trkpt><trkpt lat="54.375399" lon="-8.485611"><ele>119.1</ele></trkpt><trkpt lat="54.375947" lon="-8.486225"><ele>118.4</ele></trkpt><trkpt lat="54.376244" lon="-8.486499"><ele>117.4</ele></trkpt><trkpt lat="54.376399" lon="-8.486696"><ele>116.7</ele></trkpt><trkpt lat="54.376507" lon="-8.486925"><ele>116</ele></trkpt><trkpt lat="54.376537" lon="-8.487059"><ele>115.6</ele></trkpt><trkpt lat="54.37699" lon="-8.4891"><ele>109.7</ele></trkpt><trkpt lat="54.377071" lon="-8.48969"><ele>108</ele></trkpt><trkpt lat="54.377105" lon="-8.489959"><ele>107.3</ele></trkpt><trkpt lat="54.377136" lon="-8.490227"><ele>106.5</ele></trkpt><trkpt lat="54.377149" lon="-8.490818"><ele>105</ele></trkpt><trkpt lat="54.37713" lon="-8.491534"><ele>103.2</ele></trkpt><trkpt lat="54.377071" lon="-8.492483"><ele>100.7</ele></trkpt><trkpt lat="54.376869" lon="-8.493415"><ele>98</ele></trkpt><trkpt lat="54.376779" lon="-8.493943"><ele>96.4</ele></trkpt><trkpt lat="54.376737" lon="-8.495557"><ele>90.4</ele></trkpt><trkpt lat="54.376768" lon="-8.495668"><ele>89.9</ele></trkpt><trkpt lat="54.37684" lon="-8.495778"><ele>89.1</ele></trkpt><trkpt lat="54.378095" lon="-8.496797"><ele>78.7</ele></trkpt><trkpt lat="54.378207" lon="-8.496948"><ele>77.8</ele></trkpt><trkpt lat="54.37838" lon="-8.497446"><ele>75.9</ele></trkpt><trkpt lat="54.378481" lon="-8.496903"><ele>74.2</ele></trkpt><trkpt lat="54.378605" lon="-8.496423"><ele>72.8</ele></trkpt><trkpt lat="54.378906" lon="-8.495677"><ele>70.8</ele></trkpt><trkpt lat="54.379254" lon="-8.495019"><ele>69.5</ele></trkpt><trkpt lat="54.379382" lon="-8.494796"><ele>69.2</ele></trkpt><trkpt lat="54.379507" lon="-8.494564"><ele>69</ele></trkpt><trkpt lat="54.379545" lon="-8.494369"><ele>68.9</ele></trkpt><trkpt lat="54.379541" lon="-8.494171"><ele>68.9</ele></trkpt><trkpt lat="54.379422" lon="-8.493298"><ele>69</ele></trkpt><trkpt lat="54.379418" lon="-8.49322"><ele>69</ele></trkpt><trkpt lat="54.379393" lon="-8.492757"><ele>69.4</ele></trkpt><trkpt lat="54.379426" lon="-8.492466"><ele>69.7</ele></trkpt><trkpt lat="54.379495" lon="-8.492222"><ele>70.1</ele></trkpt><trkpt lat="54.380017" lon="-8.491058"><ele>71.8</ele></trkpt><trkpt lat="54.380267" lon="-8.490555"><ele>72.4</ele></trkpt><trkpt lat="54.380396" lon="-8.490339"><ele>72.7</ele></trkpt><trkpt lat="54.381453" lon="-8.489507"><ele>73.8</ele></trkpt><trkpt lat="54.381593" lon="-8.489337"><ele>73.8</ele></trkpt><trkpt lat="54.382043" lon="-8.488701"><ele>73.6</ele></trkpt><trkpt lat="54.382405" lon="-8.488127"><ele>73.2</ele></trkpt><trkpt lat="54.382554" lon="-8.487801"><ele>73.1</ele></trkpt><trkpt lat="54.382636" lon="-8.487407"><ele>73.2</ele></trkpt><trkpt lat="54.38265" lon="-8.486871"><ele>73.3</ele></trkpt><trkpt lat="54.382657" lon="-8.48557"><ele>73.3</ele></trkpt><trkpt lat="54.382662" lon="-8.485054"><ele>73.3</ele></trkpt><trkpt lat="54.382674" lon="-8.484393"><ele>73.2</ele></trkpt><trkpt lat="54.382717" lon="-8.483743"><ele>72.8</ele></trkpt><trkpt lat="54.382808" lon="-8.483168"><ele>72.1</ele></trkpt><trkpt lat="54.382945" lon="-8.482715"><ele>71.5</ele></trkpt><trkpt lat="54.383055" lon="-8.482411"><ele>71</ele></trkpt><trkpt lat="54.383198" lon="-8.482078"><ele>70.5</ele></trkpt><trkpt lat="54.383765" lon="-8.48099"><ele>68.3</ele></trkpt><trkpt lat="54.384655" lon="-8.479316"><ele>64.9</ele></trkpt><trkpt lat="54.385346" lon="-8.478108"><ele>62.1</ele></trkpt><trkpt lat="54.386086" lon="-8.476757"><ele>59.4</ele></trkpt><trkpt lat="54.386283" lon="-8.476332"><ele>58.9</ele></trkpt><trkpt lat="54.386522" lon="-8.47576"><ele>58.5</ele></trkpt><trkpt lat="54.387084" lon="-8.474129"><ele>58.6</ele></trkpt><trkpt lat="54.387282" lon="-8.47352"><ele>58.6</ele></trkpt><trkpt lat="54.387649" lon="-8.472319"><ele>58.6</ele></trkpt><trkpt lat="54.387709" lon="-8.472089"><ele>58.6</ele></trkpt><trkpt lat="54.387822" lon="-8.471555"><ele>58.5</ele></trkpt><trkpt lat="54.387888" lon="-8.471439"><ele>58.5</ele></trkpt><trkpt lat="54.388025" lon="-8.471359"><ele>58.5</ele></trkpt><trkpt lat="54.38813" lon="-8.471208"><ele>58.5</ele></trkpt><trkpt lat="54.388296" lon="-8.470818"><ele>58.5</ele></trkpt><trkpt lat="54.388585" lon="-8.470087"><ele>58.7</ele></trkpt><trkpt lat="54.388659" lon="-8.469803"><ele>58.8</ele></trkpt><trkpt lat="54.388703" lon="-8.469006"><ele>58.9</ele></trkpt><trkpt lat="54.388817" lon="-8.468337"><ele>58.8</ele></trkpt><trkpt lat="54.388948" lon="-8.467762"><ele>58.6</ele></trkpt><trkpt lat="54.389767" lon="-8.46597"><ele>57.2</ele></trkpt><trkpt lat="54.390453" lon="-8.464486"><ele>57.2</ele></trkpt><trkpt lat="54.390699" lon="-8.463816"><ele>57.8</ele></trkpt><trkpt lat="54.390808" lon="-8.463556"><ele>58</ele></trkpt><trkpt lat="54.391337" lon="-8.46233"><ele>59.7</ele></trkpt><trkpt lat="54.391795" lon="-8.461324"><ele>61</ele></trkpt><trkpt lat="54.391995" lon="-8.460971"><ele>61.5</ele></trkpt><trkpt lat="54.392097" lon="-8.46069"><ele>61.9</ele></trkpt><trkpt lat="54.392141" lon="-8.460463"><ele>62.1</ele></trkpt><trkpt lat="54.392215" lon="-8.45953"><ele>63</ele></trkpt><trkpt lat="54.392484" lon="-8.458291"><ele>64.3</ele></trkpt><trkpt lat="54.39254" lon="-8.457311"><ele>65.1</ele></trkpt><trkpt lat="54.392523" lon="-8.45689"><ele>65.4</ele></trkpt><trkpt lat="54.392584" lon="-8.456626"><ele>65.5</ele></trkpt><trkpt lat="54.39283" lon="-8.456003"><ele>65.6</ele></trkpt><trkpt lat="54.393697" lon="-8.454783"><ele>65</ele></trkpt><trkpt lat="54.394029" lon="-8.45414"><ele>64.7</ele></trkpt><trkpt lat="54.394165" lon="-8.453748"><ele>64.7</ele></trkpt><trkpt lat="54.394298" lon="-8.453207"><ele>64.8</ele></trkpt><trkpt lat="54.394517" lon="-8.452152"><ele>65.6</ele></trkpt><trkpt lat="54.394615" lon="-8.451512"><ele>66.2</ele></trkpt><trkpt lat="54.394628" lon="-8.45144"><ele>66.3</ele></trkpt><trkpt lat="54.394833" lon="-8.450174"><ele>68.1</ele></trkpt><trkpt lat="54.395054" lon="-8.449123"><ele>69.8</ele></trkpt><trkpt lat="54.395363" lon="-8.447986"><ele>71.3</ele></trkpt><trkpt lat="54.395563" lon="-8.447003"><ele>72.1</ele></trkpt><trkpt lat="54.395912" lon="-8.44371"><ele>72.9</ele></trkpt><trkpt lat="54.395987" lon="-8.442751"><ele>72.9</ele></trkpt><trkpt lat="54.396139" lon="-8.441672"><ele>72.6</ele></trkpt><trkpt lat="54.396159" lon="-8.441541"><ele>72.6</ele></trkpt><trkpt lat="54.396187" lon="-8.441388"><ele>72.5</ele></trkpt><trkpt lat="54.396665" lon="-8.438796"><ele>71.6</ele></trkpt><trkpt lat="54.397215" lon="-8.43605"><ele>72.4</ele></trkpt><trkpt lat="54.397297" lon="-8.435735"><ele>72.4</ele></trkpt><trkpt lat="54.397839" lon="-8.434069"><ele>70.8</ele></trkpt><trkpt lat="54.398314" lon="-8.432482"><ele>68.2</ele></trkpt><trkpt lat="54.398413" lon="-8.432035"><ele>67.6</ele></trkpt><trkpt lat="54.399004" lon="-8.428462"><ele>65.2</ele></trkpt><trkpt lat="54.399362" lon="-8.426474"><ele>64.1</ele></trkpt><trkpt lat="54.399616" lon="-8.424813"><ele>63.4</ele></trkpt><trkpt lat="54.399767" lon="-8.42409"><ele>63.2</ele></trkpt><trkpt lat="54.39995" lon="-8.422826"><ele>63</ele></trkpt><trkpt lat="54.399966" lon="-8.422524"><ele>63</ele></trkpt><trkpt lat="54.399861" lon="-8.420049"><ele>63.3</ele></trkpt><trkpt lat="54.399782" lon="-8.418226"><ele>65</ele></trkpt><trkpt lat="54.399726" lon="-8.416813"><ele>66.5</ele></trkpt><trkpt lat="54.399721" lon="-8.416688"><ele>66.6</ele></trkpt><trkpt lat="54.399892" lon="-8.415387"><ele>67.7</ele></trkpt><trkpt lat="54.399936" lon="-8.412784"><ele>71.1</ele></trkpt><trkpt lat="54.399965" lon="-8.411216"><ele>74.4</ele></trkpt><trkpt lat="54.399972" lon="-8.410837"><ele>75.3</ele></trkpt><trkpt lat="54.399992" lon="-8.409667"><ele>77.7</ele></trkpt><trkpt lat="54.400006" lon="-8.408739"><ele>79.1</ele></trkpt><trkpt lat="54.400027" lon="-8.40805"><ele>79.7</ele></trkpt><trkpt lat="54.400087" lon="-8.406698"><ele>79.5</ele></trkpt><trkpt lat="54.400139" lon="-8.4061"><ele>78.9</ele></trkpt><trkpt lat="54.400164" lon="-8.405893"><ele>78.7</ele></trkpt><trkpt lat="54.400269" lon="-8.405506"><ele>78.3</ele></trkpt><trkpt lat="54.400347" lon="-8.405311"><ele>78</ele></trkpt><trkpt lat="54.400419" lon="-8.405111"><ele>77.7</ele></trkpt><trkpt lat="54.400616" lon="-8.404725"><ele>77.1</ele></trkpt><trkpt lat="54.401136" lon="-8.403892"><ele>75.4</ele></trkpt><trkpt lat="54.403719" lon="-8.405195"><ele>67.7</ele></trkpt><trkpt lat="54.407829" lon="-8.407225"><ele>52.7</ele></trkpt><trkpt lat="54.4095" lon="-8.408115"><ele>49.3</ele></trkpt><trkpt lat="54.409092" lon="-8.411152"><ele>48.9</ele></trkpt><trkpt lat="54.409083" lon="-8.411402"><ele>48.9</ele></trkpt><trkpt lat="54.40904" lon="-8.412605"><ele>48.5</ele></trkpt><trkpt lat="54.409041" lon="-8.41281"><ele>48.5</ele></trkpt><trkpt lat="54.409563" lon="-8.423872"><ele>44.1</ele></trkpt><trkpt lat="54.40957" lon="-8.423988"><ele>44.1</ele></trkpt><trkpt lat="54.409703" lon="-8.427225"><ele>44.3</ele></trkpt><trkpt lat="54.409874" lon="-8.430372"><ele>45.2</ele></trkpt><trkpt lat="54.411735" lon="-8.433668"><ele>46.2</ele></trkpt><trkpt lat="54.412917" lon="-8.435111"><ele>47.8</ele></trkpt><trkpt lat="54.414384" lon="-8.437002"><ele>47.4</ele></trkpt><trkpt lat="54.416041" lon="-8.439138"><ele>45.7</ele></trkpt><trkpt lat="54.419151" lon="-8.443102"><ele>41.3</ele></trkpt><trkpt lat="54.419923" lon="-8.444095"><ele>40.3</ele></trkpt><trkpt lat="54.420747" lon="-8.445154"><ele>40.4</ele></trkpt><trkpt lat="54.421599" lon="-8.44634"><ele>41</ele></trkpt><trkpt lat="54.422387" lon="-8.447453"><ele>40.9</ele></trkpt><trkpt lat="54.423475" lon="-8.448827"><ele>40.9</ele></trkpt><trkpt lat="54.424094" lon="-8.449465"><ele>41.5</ele></trkpt><trkpt lat="54.424138" lon="-8.4495"><ele>41.6</ele></trkpt><trkpt lat="54.424873" lon="-8.449826"><ele>42.8</ele></trkpt><trkpt lat="54.425905" lon="-8.450118"><ele>44.1</ele></trkpt><trkpt lat="54.426635" lon="-8.450219"><ele>44.3</ele></trkpt><trkpt lat="54.426847" lon="-8.450282"><ele>44.3</ele></trkpt><trkpt lat="54.427028" lon="-8.450421"><ele>44.3</ele></trkpt><trkpt lat="54.42753" lon="-8.450913"><ele>43.7</ele></trkpt><trkpt lat="54.427891" lon="-8.451324"><ele>43</ele></trkpt><trkpt lat="54.428252" lon="-8.451723"><ele>41.9</ele></trkpt><trkpt lat="54.428602" lon="-8.452101"><ele>40.6</ele></trkpt><trkpt lat="54.429239" lon="-8.452823"><ele>37.6</ele></trkpt><trkpt lat="54.430259" lon="-8.453942"><ele>32.6</ele></trkpt><trkpt lat="54.431384" lon="-8.455474"><ele>25.6</ele></trkpt><trkpt lat="54.431962" lon="-8.456221"><ele>21.3</ele></trkpt><trkpt lat="54.432334" lon="-8.456577"><ele>18.3</ele></trkpt><trkpt lat="54.433276" lon="-8.457421"><ele>11</ele></trkpt><trkpt lat="54.433406" lon="-8.457536"><ele>10.2</ele></trkpt><trkpt lat="54.433424" lon="-8.45755"><ele>10.1</ele></trkpt><trkpt lat="54.433862" lon="-8.457904"><ele>7.8</ele></trkpt><trkpt lat="54.433965" lon="-8.457917"><ele>7.4</ele></trkpt><trkpt lat="54.4341" lon="-8.457837"><ele>6.9</ele></trkpt><trkpt lat="54.434356" lon="-8.457604"><ele>6.1</ele></trkpt><trkpt lat="54.434403" lon="-8.457552"><ele>5.9</ele></trkpt><trkpt lat="54.435812" lon="-8.456008"><ele>3.6</ele></trkpt><trkpt lat="54.436085" lon="-8.455838"><ele>3.4</ele></trkpt><trkpt lat="54.436943" lon="-8.455514"><ele>3.2</ele></trkpt><trkpt lat="54.437213" lon="-8.455456"><ele>3.2</ele></trkpt><trkpt lat="54.439295" lon="-8.455257"><ele>3</ele></trkpt><trkpt lat="54.448918" lon="-8.454261"><ele>3.5</ele></trkpt><trkpt lat="54.449084" lon="-8.45422"><ele>3.4</ele></trkpt><trkpt lat="54.449454" lon="-8.454004"><ele>3.4</ele></trkpt><trkpt lat="54.451821" lon="-8.452161"><ele>2.7</ele></trkpt><trkpt lat="54.45234" lon="-8.453047"><ele>2.8</ele></trkpt><trkpt lat="54.452477" lon="-8.453224"><ele>2.9</ele></trkpt><trkpt lat="54.452764" lon="-8.453468"><ele>3.1</ele></trkpt><trkpt lat="54.456914" lon="-8.455856"><ele>8.6</ele></trkpt><trkpt lat="54.457241" lon="-8.455971"><ele>9.3</ele></trkpt><trkpt lat="54.457494" lon="-8.456032"><ele>10</ele></trkpt><trkpt lat="54.457596" lon="-8.456171"><ele>10.4</ele></trkpt><trkpt lat="54.457646" lon="-8.456223"><ele>10.5</ele></trkpt><trkpt lat="54.458" lon="-8.456583"><ele>12</ele></trkpt><trkpt lat="54.458396" lon="-8.457079"><ele>14.1</ele></trkpt><trkpt lat="54.458972" lon="-8.45786"><ele>17.8</ele></trkpt><trkpt lat="54.459649" lon="-8.458947"><ele>22.8</ele></trkpt><trkpt lat="54.46007" lon="-8.459689"><ele>25.8</ele></trkpt><trkpt lat="54.460498" lon="-8.460482"><ele>28.8</ele></trkpt><trkpt lat="54.460714" lon="-8.461006"><ele>30.2</ele></trkpt><trkpt lat="54.461007" lon="-8.461951"><ele>31.1</ele></trkpt><trkpt lat="54.461104" lon="-8.462444"><ele>31</ele></trkpt><trkpt lat="54.461284" lon="-8.463751"><ele>28.3</ele></trkpt><trkpt lat="54.461312" lon="-8.46391"><ele>27.8</ele></trkpt><trkpt lat="54.461456" lon="-8.464184"><ele>26.5</ele></trkpt><trkpt lat="54.461747" lon="-8.464494"><ele>24.3</ele></trkpt><trkpt lat="54.462804" lon="-8.465224"><ele>17.4</ele></trkpt><trkpt lat="54.462891" lon="-8.465343"><ele>16.9</ele></trkpt><trkpt lat="54.463049" lon="-8.465723"><ele>15.8</ele></trkpt><trkpt lat="54.463174" lon="-8.465954"><ele>15.2</ele></trkpt><trkpt lat="54.463284" lon="-8.466126"><ele>14.7</ele></trkpt><trkpt lat="54.463415" lon="-8.466266"><ele>14.3</ele></trkpt><trkpt lat="54.464081" lon="-8.466614"><ele>13.1</ele></trkpt><trkpt lat="54.464595" lon="-8.467263"><ele>12.9</ele></trkpt><trkpt lat="54.464771" lon="-8.467412"><ele>13.1</ele></trkpt><trkpt lat="54.465242" lon="-8.467415"><ele>13.8</ele></trkpt><trkpt lat="54.465758" lon="-8.467337"><ele>15.3</ele></trkpt><trkpt lat="54.466398" lon="-8.467221"><ele>17.5</ele></trkpt><trkpt lat="54.467052" lon="-8.467052"><ele>19.4</ele></trkpt><trkpt lat="54.467976" lon="-8.466627"><ele>20.9</ele></trkpt><trkpt lat="54.468327" lon="-8.46636"><ele>21</ele></trkpt><trkpt lat="54.468692" lon="-8.466012"><ele>20.8</ele></trkpt><trkpt lat="54.469047" lon="-8.465586"><ele>20.4</ele></trkpt><trkpt lat="54.469796" lon="-8.464524"><ele>18.9</ele></trkpt><trkpt lat="54.470687" lon="-8.462575"><ele>17.4</ele></trkpt><trkpt lat="54.471069" lon="-8.461838"><ele>17.8</ele></trkpt><trkpt lat="54.471265" lon="-8.461156"><ele>19.1</ele></trkpt><trkpt lat="54.471543" lon="-8.46035"><ele>21.3</ele></trkpt><trkpt lat="54.47163" lon="-8.459972"><ele>22.2</ele></trkpt><trkpt lat="54.471648" lon="-8.459395"><ele>23.1</ele></trkpt><trkpt lat="54.4716" lon="-8.458765"><ele>23.5</ele></trkpt><trkpt lat="54.471616" lon="-8.458575"><ele>23.4</ele></trkpt><trkpt lat="54.471697" lon="-8.458182"><ele>22.9</ele></trkpt><trkpt lat="54.472349" lon="-8.456284"><ele>16.1</ele></trkpt><trkpt lat="54.472465" lon="-8.455802"><ele>14.6</ele></trkpt><trkpt lat="54.472563" lon="-8.454287"><ele>13.7</ele></trkpt><trkpt lat="54.472505" lon="-8.453974"><ele>14.4</ele></trkpt><trkpt lat="54.47235" lon="-8.45372"><ele>15.3</ele></trkpt><trkpt lat="54.472119" lon="-8.453505"><ele>16.2</ele></trkpt><trkpt lat="54.471591" lon="-8.453159"><ele>17.6</ele></trkpt><trkpt lat="54.47146" lon="-8.453026"><ele>17.8</ele></trkpt><trkpt lat="54.471412" lon="-8.452906"><ele>17.9</ele></trkpt><trkpt lat="54.471405" lon="-8.452677"><ele>18</ele></trkpt><trkpt lat="54.471468" lon="-8.452143"><ele>17.9</ele></trkpt><trkpt lat="54.471478" lon="-8.45183"><ele>17.5</ele></trkpt><trkpt lat="54.471432" lon="-8.451259"><ele>16.4</ele></trkpt><trkpt lat="54.471359" lon="-8.450703"><ele>14.8</ele></trkpt><trkpt lat="54.471305" lon="-8.450476"><ele>14.1</ele></trkpt><trkpt lat="54.47124" lon="-8.450304"><ele>13.6</ele></trkpt><trkpt lat="54.470821" lon="-8.449733"><ele>11.3</ele></trkpt><trkpt lat="54.470683" lon="-8.449286"><ele>10.2</ele></trkpt><trkpt lat="54.470435" lon="-8.448914"><ele>9</ele></trkpt><trkpt lat="54.470382" lon="-8.448679"><ele>8.6</ele></trkpt><trkpt lat="54.470284" lon="-8.448439"><ele>8</ele></trkpt><trkpt lat="54.470147" lon="-8.448238"><ele>7.4</ele></trkpt><trkpt lat="54.469957" lon="-8.448072"><ele>6.8</ele></trkpt><trkpt lat="54.469783" lon="-8.44792"><ele>6.2</ele></trkpt><trkpt lat="54.469594" lon="-8.447754"><ele>5.7</ele></trkpt><trkpt lat="54.469195" lon="-8.447405"><ele>4.9</ele></trkpt><trkpt lat="54.469126" lon="-8.447334"><ele>4.8</ele></trkpt><trkpt lat="54.468958" lon="-8.447301"><ele>4.7</ele></trkpt><trkpt lat="54.468739" lon="-8.447257"><ele>4.6</ele></trkpt><trkpt lat="54.468442" lon="-8.447255"><ele>4.5</ele></trkpt><trkpt lat="54.468217" lon="-8.447302"><ele>4.5</ele></trkpt><trkpt lat="54.467916" lon="-8.447365"><ele>4.4</ele></trkpt><trkpt lat="54.467847" lon="-8.44738"><ele>4.4</ele></trkpt><trkpt lat="54.467522" lon="-8.447465"><ele>4.1</ele></trkpt><trkpt lat="54.467168" lon="-8.447648"><ele>3.8</ele></trkpt><trkpt lat="54.466999" lon="-8.447809"><ele>3.8</ele></trkpt><trkpt lat="54.466885" lon="-8.447896"><ele>3.7</ele></trkpt><trkpt lat="54.466749" lon="-8.44797"><ele>3.6</ele></trkpt><trkpt lat="54.466703" lon="-8.44816"><ele>3.6</ele></trkpt><trkpt lat="54.466551" lon="-8.44841"><ele>3.4</ele></trkpt><trkpt lat="54.466283" lon="-8.448807"><ele>3.1</ele></trkpt><trkpt lat="54.465923" lon="-8.449238"><ele>2.8</ele></trkpt><trkpt lat="54.465328" lon="-8.449759"><ele>2.9</ele></trkpt><trkpt lat="54.46526" lon="-8.449819"><ele>2.9</ele></trkpt><trkpt lat="54.464339" lon="-8.450611"><ele>2.9</ele></trkpt><trkpt lat="54.464243" lon="-8.450734"><ele>3.1</ele></trkpt><trkpt lat="54.464134" lon="-8.450868"><ele>3.2</ele></trkpt><trkpt lat="54.464082" lon="-8.450951"><ele>3.3</ele></trkpt><trkpt lat="54.463565" lon="-8.451943"><ele>4.7</ele></trkpt><trkpt lat="54.463333" lon="-8.452292"><ele>5.5</ele></trkpt><trkpt lat="54.463117" lon="-8.452551"><ele>6.2</ele></trkpt><trkpt lat="54.462476" lon="-8.45302"><ele>8.3</ele></trkpt><trkpt lat="54.462236" lon="-8.45318"><ele>9</ele></trkpt><trkpt lat="54.462056" lon="-8.453308"><ele>9.5</ele></trkpt><trkpt lat="54.461819" lon="-8.453464"><ele>10</ele></trkpt><trkpt lat="54.461588" lon="-8.453615"><ele>10.4</ele></trkpt><trkpt lat="54.460706" lon="-8.454201"><ele>11</ele></trkpt><trkpt lat="54.457953" lon="-8.455908"><ele>9.5</ele></trkpt><trkpt lat="54.457681" lon="-8.456"><ele>9.2</ele></trkpt><trkpt lat="54.457494" lon="-8.456032"><ele>9.1</ele></trkpt><trkpt lat="54.457241" lon="-8.455971"><ele>8.8</ele></trkpt><trkpt lat="54.456914" lon="-8.455856"><ele>8.4</ele></trkpt><trkpt lat="54.452764" lon="-8.453468"><ele>3.1</ele></trkpt><trkpt lat="54.452477" lon="-8.453224"><ele>2.9</ele></trkpt><trkpt lat="54.45234" lon="-8.453047"><ele>2.8</ele></trkpt><trkpt lat="54.451821" lon="-8.452161"><ele>2.5</ele></trkpt><trkpt lat="54.448996" lon="-8.44714"><ele>0.8</ele></trkpt><trkpt lat="54.449148" lon="-8.443891"><ele>0.2</ele></trkpt><trkpt lat="54.44915" lon="-8.443852"><ele>0.2</ele></trkpt><trkpt lat="54.449153" lon="-8.443646"><ele>0.2</ele></trkpt><trkpt lat="54.449076" lon="-8.443312"><ele>0.2</ele></trkpt><trkpt lat="54.448986" lon="-8.44305"><ele>0.2</ele></trkpt><trkpt lat="54.448809" lon="-8.442469"><ele>0.2</ele></trkpt><trkpt lat="54.448692" lon="-8.441982"><ele>0.3</ele></trkpt><trkpt lat="54.448612" lon="-8.441257"><ele>0.4</ele></trkpt><trkpt lat="54.448538" lon="-8.439695"><ele>0.6</ele></trkpt><trkpt lat="54.448565" lon="-8.438887"><ele>0.6</ele></trkpt><trkpt lat="54.448622" lon="-8.438458"><ele>0.6</ele></trkpt><trkpt lat="54.448758" lon="-8.438045"><ele>0.6</ele></trkpt><trkpt lat="54.448883" lon="-8.437771"><ele>0.6</ele></trkpt><trkpt lat="54.449011" lon="-8.437587"><ele>0.6</ele></trkpt><trkpt lat="54.449668" lon="-8.43699"><ele>0.6</ele></trkpt><trkpt lat="54.449908" lon="-8.436629"><ele>0.6</ele></trkpt><trkpt lat="54.450363" lon="-8.435555"><ele>0.8</ele></trkpt><trkpt lat="54.450579" lon="-8.435045"><ele>1</ele></trkpt><trkpt lat="54.450906" lon="-8.43407"><ele>1.3</ele></trkpt><trkpt lat="54.45119" lon="-8.43309"><ele>1.5</ele></trkpt><trkpt lat="54.451273" lon="-8.432869"><ele>1.6</ele></trkpt><trkpt lat="54.451574" lon="-8.432318"><ele>1.6</ele></trkpt><trkpt lat="54.451637" lon="-8.432045"><ele>1.5</ele></trkpt><trkpt lat="54.451656" lon="-8.431629"><ele>1.5</ele></trkpt><trkpt lat="54.451645" lon="-8.430065"><ele>1.3</ele></trkpt><trkpt lat="54.451597" lon="-8.429158"><ele>1.4</ele></trkpt><trkpt lat="54.451595" lon="-8.428743"><ele>1.4</ele></trkpt><trkpt lat="54.451654" lon="-8.4284"><ele>1.5</ele></trkpt><trkpt lat="54.451876" lon="-8.427421"><ele>1.8</ele></trkpt><trkpt lat="54.452263" lon="-8.425371"><ele>2.1</ele></trkpt><trkpt lat="54.452772" lon="-8.423454"><ele>2.3</ele></trkpt><trkpt lat="54.452927" lon="-8.422806"><ele>2.4</ele></trkpt><trkpt lat="54.453406" lon="-8.420656"><ele>3.3</ele></trkpt><trkpt lat="54.453544" lon="-8.419567"><ele>4.2</ele></trkpt><trkpt lat="54.453616" lon="-8.419263"><ele>4.5</ele></trkpt><trkpt lat="54.453929" lon="-8.418435"><ele>5.3</ele></trkpt><trkpt lat="54.453943" lon="-8.418411"><ele>5.4</ele></trkpt><trkpt lat="54.454243" lon="-8.417675"><ele>6.2</ele></trkpt><trkpt lat="54.454434" lon="-8.417072"><ele>6.8</ele></trkpt><trkpt lat="54.454547" lon="-8.416686"><ele>7.2</ele></trkpt><trkpt lat="54.454635" lon="-8.416386"><ele>7.5</ele></trkpt><trkpt lat="54.455067" lon="-8.41493"><ele>9</ele></trkpt><trkpt lat="54.455194" lon="-8.413915"><ele>10.2</ele></trkpt><trkpt lat="54.455198" lon="-8.413631"><ele>10.6</ele></trkpt><trkpt lat="54.455203" lon="-8.413196"><ele>11.1</ele></trkpt><trkpt lat="54.45521" lon="-8.412633"><ele>11.8</ele></trkpt><trkpt lat="54.455085" lon="-8.411283"><ele>13.5</ele></trkpt><trkpt lat="54.455058" lon="-8.410118"><ele>14.8</ele></trkpt><trkpt lat="54.454945" lon="-8.40938"><ele>15.6</ele></trkpt><trkpt lat="54.455107" lon="-8.409197"><ele>15.9</ele></trkpt><trkpt lat="54.45536" lon="-8.408782"><ele>16.5</ele></trkpt><trkpt lat="54.455498" lon="-8.408466"><ele>16.9</ele></trkpt><trkpt lat="54.45767" lon="-8.400453"><ele>24.7</ele></trkpt><trkpt lat="54.457874" lon="-8.399631"><ele>24.9</ele></trkpt><trkpt lat="54.458107" lon="-8.398888"><ele>24.7</ele></trkpt><trkpt lat="54.460504" lon="-8.390239"><ele>20.6</ele></trkpt><trkpt lat="54.45819" lon="-8.388638"><ele>25.7</ele></trkpt><trkpt lat="54.45854" lon="-8.387384"><ele>25.9</ele></trkpt><trkpt lat="54.459003" lon="-8.385572"><ele>24.8</ele></trkpt><trkpt lat="54.459431" lon="-8.383724"><ele>23.7</ele></trkpt><trkpt lat="54.459715" lon="-8.382364"><ele>22.7</ele></trkpt><trkpt lat="54.460217" lon="-8.379743"><ele>20.3</ele></trkpt><trkpt lat="54.46025" lon="-8.379551"><ele>20.2</ele></trkpt><trkpt lat="54.46048" lon="-8.378306"><ele>20</ele></trkpt><trkpt lat="54.460673" lon="-8.377282"><ele>20</ele></trkpt><trkpt lat="54.460785" lon="-8.377328"><ele>20</ele></trkpt><trkpt lat="54.460912" lon="-8.377229"><ele>19.9</ele></trkpt><trkpt lat="54.461249" lon="-8.376609"><ele>19.7</ele></trkpt><trkpt lat="54.462151" lon="-8.374795"><ele>19.7</ele></trkpt><trkpt lat="54.462355" lon="-8.374385"><ele>20</ele></trkpt><trkpt lat="54.462366" lon="-8.374356"><ele>20</ele></trkpt><trkpt lat="54.462955" lon="-8.373173"><ele>20.7</ele></trkpt><trkpt lat="54.463464" lon="-8.371973"><ele>21.5</ele></trkpt><trkpt lat="54.463986" lon="-8.37056"><ele>22.5</ele></trkpt><trkpt lat="54.464895" lon="-8.368075"><ele>23.2</ele></trkpt><trkpt lat="54.465331" lon="-8.366889"><ele>22.9</ele></trkpt><trkpt lat="54.465403" lon="-8.36662"><ele>22.9</ele></trkpt><trkpt lat="54.46544" lon="-8.366202"><ele>22.8</ele></trkpt><trkpt lat="54.465547" lon="-8.364934"><ele>22.4</ele></trkpt><trkpt lat="54.465632" lon="-8.363922"><ele>22</ele></trkpt><trkpt lat="54.465854" lon="-8.361154"><ele>20.6</ele></trkpt><trkpt lat="54.465871" lon="-8.360934"><ele>20.6</ele></trkpt><trkpt lat="54.466125" lon="-8.357428"><ele>23</ele></trkpt><trkpt lat="54.466218" lon="-8.356444"><ele>24</ele></trkpt><trkpt lat="54.466612" lon="-8.354536"><ele>25.5</ele></trkpt><trkpt lat="54.466888" lon="-8.353089"><ele>26</ele></trkpt><trkpt lat="54.466907" lon="-8.35264"><ele>26.1</ele></trkpt><trkpt lat="54.466924" lon="-8.350825"><ele>26.1</ele></trkpt><trkpt lat="54.467026" lon="-8.348373"><ele>25.5</ele></trkpt><trkpt lat="54.467033" lon="-8.348232"><ele>25.4</ele></trkpt><trkpt lat="54.467058" lon="-8.34777"><ele>25</ele></trkpt><trkpt lat="54.467094" lon="-8.34709"><ele>23.9</ele></trkpt><trkpt lat="54.46713" lon="-8.346389"><ele>22.6</ele></trkpt><trkpt lat="54.467273" lon="-8.344813"><ele>18.4</ele></trkpt><trkpt lat="54.467331" lon="-8.344291"><ele>17</ele></trkpt><trkpt lat="54.46741" lon="-8.343548"><ele>15.3</ele></trkpt><trkpt lat="54.467479" lon="-8.342797"><ele>13.8</ele></trkpt><trkpt lat="54.467638" lon="-8.341669"><ele>11.8</ele></trkpt><trkpt lat="54.468166" lon="-8.339109"><ele>8</ele></trkpt><trkpt lat="54.46816" lon="-8.338761"><ele>7.7</ele></trkpt><trkpt lat="54.46805" lon="-8.337997"><ele>7</ele></trkpt><trkpt lat="54.468108" lon="-8.337421"><ele>6.8</ele></trkpt><trkpt lat="54.468226" lon="-8.336429"><ele>6.8</ele></trkpt><trkpt lat="54.468266" lon="-8.335928"><ele>6.8</ele></trkpt><trkpt lat="54.468381" lon="-8.333532"><ele>7.9</ele></trkpt><trkpt lat="54.468343" lon="-8.333127"><ele>8.2</ele></trkpt><trkpt lat="54.468349" lon="-8.332652"><ele>8.4</ele></trkpt><trkpt lat="54.468492" lon="-8.331342"><ele>8.6</ele></trkpt><trkpt lat="54.468612" lon="-8.330733"><ele>8.5</ele></trkpt><trkpt lat="54.468663" lon="-8.330588"><ele>8.5</ele></trkpt><trkpt lat="54.46882" lon="-8.330303"><ele>8.4</ele></trkpt><trkpt lat="54.469063" lon="-8.329876"><ele>7.9</ele></trkpt><trkpt lat="54.469111" lon="-8.329775"><ele>7.8</ele></trkpt><trkpt lat="54.469105" lon="-8.329538"><ele>7.6</ele></trkpt><trkpt lat="54.469366" lon="-8.329315"><ele>7.1</ele></trkpt><trkpt lat="54.469607" lon="-8.32895"><ele>6.7</ele></trkpt><trkpt lat="54.469843" lon="-8.328359"><ele>6.3</ele></trkpt><trkpt lat="54.470245" lon="-8.327412"><ele>5.8</ele></trkpt><trkpt lat="54.470623" lon="-8.326596"><ele>5.7</ele></trkpt><trkpt lat="54.471009" lon="-8.325842"><ele>5.6</ele></trkpt><trkpt lat="54.471161" lon="-8.325494"><ele>5.6</ele></trkpt><trkpt lat="54.471185" lon="-8.325423"><ele>5.5</ele></trkpt><trkpt lat="54.47128" lon="-8.325157"><ele>5.5</ele></trkpt><trkpt lat="54.471627" lon="-8.324221"><ele>5.4</ele></trkpt><trkpt lat="54.471833" lon="-8.323584"><ele>5.3</ele></trkpt><trkpt lat="54.471953" lon="-8.323179"><ele>5.2</ele></trkpt><trkpt lat="54.472259" lon="-8.321782"><ele>4.7</ele></trkpt><trkpt lat="54.472351" lon="-8.321365"><ele>4.5</ele></trkpt><trkpt lat="54.472499" lon="-8.320925"><ele>4.2</ele></trkpt><trkpt lat="54.472669" lon="-8.320502"><ele>3.9</ele></trkpt><trkpt lat="54.472954" lon="-8.319924"><ele>3.3</ele></trkpt><trkpt lat="54.473309" lon="-8.318898"><ele>2.5</ele></trkpt><trkpt lat="54.473483" lon="-8.318647"><ele>2.4</ele></trkpt><trkpt lat="54.473702" lon="-8.318466"><ele>2.2</ele></trkpt><trkpt lat="54.473895" lon="-8.318291"><ele>2.1</ele></trkpt><trkpt lat="54.474037" lon="-8.318093"><ele>2</ele></trkpt><trkpt lat="54.474288" lon="-8.317358"><ele>1.8</ele></trkpt><trkpt lat="54.474604" lon="-8.316251"><ele>1.9</ele></trkpt><trkpt lat="54.47518" lon="-8.314367"><ele>2.7</ele></trkpt><trkpt lat="54.475306" lon="-8.313904"><ele>2.9</ele></trkpt><trkpt lat="54.475519" lon="-8.313038"><ele>3.5</ele></trkpt><trkpt lat="54.475734" lon="-8.311991"><ele>4.3</ele></trkpt><trkpt lat="54.476016" lon="-8.310143"><ele>5.6</ele></trkpt><trkpt lat="54.476218" lon="-8.308002"><ele>6.4</ele></trkpt><trkpt lat="54.476243" lon="-8.307697"><ele>6.5</ele></trkpt><trkpt lat="54.476233" lon="-8.307493"><ele>6.5</ele></trkpt><trkpt lat="54.476206" lon="-8.307325"><ele>6.6</ele></trkpt><trkpt lat="54.47611" lon="-8.307274"><ele>6.6</ele></trkpt><trkpt lat="54.476177" lon="-8.306893"><ele>6.7</ele></trkpt><trkpt lat="54.476256" lon="-8.306034"><ele>6.8</ele></trkpt><trkpt lat="54.476342" lon="-8.304479"><ele>7</ele></trkpt><trkpt lat="54.476402" lon="-8.302027"><ele>7.6</ele></trkpt><trkpt lat="54.47641" lon="-8.300798"><ele>8.1</ele></trkpt><trkpt lat="54.476417" lon="-8.300063"><ele>8.4</ele></trkpt><trkpt lat="54.47643" lon="-8.298481"><ele>9.1</ele></trkpt><trkpt lat="54.47643" lon="-8.298259"><ele>9.2</ele></trkpt><trkpt lat="54.476434" lon="-8.297885"><ele>9.3</ele></trkpt><trkpt lat="54.476438" lon="-8.294983"><ele>11</ele></trkpt><trkpt lat="54.476449" lon="-8.293785"><ele>12.2</ele></trkpt><trkpt lat="54.476458" lon="-8.291778"><ele>13.8</ele></trkpt><trkpt lat="54.476471" lon="-8.290845"><ele>13.9</ele></trkpt><trkpt lat="54.476476" lon="-8.289989"><ele>13.5</ele></trkpt><trkpt lat="54.476476" lon="-8.289907"><ele>13.5</ele></trkpt><trkpt lat="54.476486" lon="-8.289146"><ele>12.9</ele></trkpt><trkpt lat="54.47649" lon="-8.288982"><ele>12.8</ele></trkpt><trkpt lat="54.476502" lon="-8.288426"><ele>12.4</ele></trkpt><trkpt lat="54.476534" lon="-8.287035"><ele>11.7</ele></trkpt><trkpt lat="54.47658" lon="-8.285604"><ele>11.1</ele></trkpt><trkpt lat="54.476625" lon="-8.285023"><ele>10.7</ele></trkpt><trkpt lat="54.47682" lon="-8.284145"><ele>10</ele></trkpt><trkpt lat="54.476979" lon="-8.283474"><ele>9.3</ele></trkpt><trkpt lat="54.477322" lon="-8.282153"><ele>8.3</ele></trkpt><trkpt lat="54.47748" lon="-8.28151"><ele>8.3</ele></trkpt><trkpt lat="54.477662" lon="-8.280873"><ele>8.9</ele></trkpt><trkpt lat="54.477699" lon="-8.280749"><ele>9.1</ele></trkpt><trkpt lat="54.477847" lon="-8.280275"><ele>10</ele></trkpt><trkpt lat="54.477927" lon="-8.280059"><ele>10.4</ele></trkpt><trkpt lat="54.477951" lon="-8.279993"><ele>10.6</ele></trkpt><trkpt lat="54.47804" lon="-8.279792"><ele>11</ele></trkpt><trkpt lat="54.478395" lon="-8.279224"><ele>13</ele></trkpt><trkpt lat="54.478527" lon="-8.279014"><ele>13.8</ele></trkpt><trkpt lat="54.478811" lon="-8.278563"><ele>15.6</ele></trkpt><trkpt lat="54.479139" lon="-8.277991"><ele>17.4</ele></trkpt><trkpt lat="54.479366" lon="-8.277466"><ele>18.5</ele></trkpt><trkpt lat="54.479638" lon="-8.276621"><ele>20</ele></trkpt><trkpt lat="54.479928" lon="-8.275721"><ele>21.1</ele></trkpt><trkpt lat="54.480107" lon="-8.275178"><ele>21.5</ele></trkpt><trkpt lat="54.480169" lon="-8.274989"><ele>21.6</ele></trkpt><trkpt lat="54.480444" lon="-8.274079"><ele>21.9</ele></trkpt><trkpt lat="54.480593" lon="-8.273606"><ele>21.8</ele></trkpt><trkpt lat="54.480771" lon="-8.273027"><ele>21.3</ele></trkpt><trkpt lat="54.480849" lon="-8.272766"><ele>20.9</ele></trkpt><trkpt lat="54.481005" lon="-8.272243"><ele>20.1</ele></trkpt><trkpt lat="54.481079" lon="-8.271998"><ele>19.7</ele></trkpt><trkpt lat="54.481409" lon="-8.270904"><ele>17.1</ele></trkpt><trkpt lat="54.481565" lon="-8.270404"><ele>15.8</ele></trkpt><trkpt lat="54.481807" lon="-8.269694"><ele>14.3</ele></trkpt><trkpt lat="54.481926" lon="-8.269345"><ele>13.6</ele></trkpt><trkpt lat="54.482049" lon="-8.268994"><ele>13.2</ele></trkpt><trkpt lat="54.482092" lon="-8.268872"><ele>13</ele></trkpt><trkpt lat="54.482259" lon="-8.268422"><ele>12.7</ele></trkpt><trkpt lat="54.482449" lon="-8.267989"><ele>12.5</ele></trkpt><trkpt lat="54.482582" lon="-8.267778"><ele>12.4</ele></trkpt><trkpt lat="54.482662" lon="-8.267651"><ele>12.4</ele></trkpt><trkpt lat="54.482744" lon="-8.267404"><ele>12.5</ele></trkpt><trkpt lat="54.483045" lon="-8.265857"><ele>13</ele></trkpt><trkpt lat="54.483099" lon="-8.265636"><ele>13.1</ele></trkpt><trkpt lat="54.483165" lon="-8.265323"><ele>13.2</ele></trkpt><trkpt lat="54.483584" lon="-8.263279"><ele>13.7</ele></trkpt><trkpt lat="54.48368" lon="-8.262832"><ele>14</ele></trkpt><trkpt lat="54.483833" lon="-8.262074"><ele>14.6</ele></trkpt><trkpt lat="54.483878" lon="-8.261859"><ele>14.9</ele></trkpt><trkpt lat="54.484054" lon="-8.261016"><ele>16</ele></trkpt><trkpt lat="54.484274" lon="-8.259985"><ele>17.7</ele></trkpt><trkpt lat="54.484429" lon="-8.259212"><ele>18.9</ele></trkpt><trkpt lat="54.484475" lon="-8.258875"><ele>19.4</ele></trkpt><trkpt lat="54.484585" lon="-8.258871"><ele>19.6</ele></trkpt><trkpt lat="54.484639" lon="-8.258802"><ele>19.8</ele></trkpt><trkpt lat="54.484674" lon="-8.25865"><ele>19.9</ele></trkpt><trkpt lat="54.484664" lon="-8.258548"><ele>20</ele></trkpt><trkpt lat="54.485132" lon="-8.257949"><ele>20.7</ele></trkpt><trkpt lat="54.486902" lon="-8.255917"><ele>19.6</ele></trkpt><trkpt lat="54.48881" lon="-8.253745"><ele>17.9</ele></trkpt><trkpt lat="54.489038" lon="-8.253444"><ele>17.9</ele></trkpt><trkpt lat="54.489384" lon="-8.25292"><ele>18.1</ele></trkpt><trkpt lat="54.4896" lon="-8.252508"><ele>18.4</ele></trkpt><trkpt lat="54.489795" lon="-8.252074"><ele>18.8</ele></trkpt><trkpt lat="54.489979" lon="-8.251584"><ele>19.5</ele></trkpt><trkpt lat="54.490254" lon="-8.250599"><ele>21.2</ele></trkpt><trkpt lat="54.490921" lon="-8.247068"><ele>28</ele></trkpt><trkpt lat="54.49183" lon="-8.24208"><ele>32.4</ele></trkpt><trkpt lat="54.492289" lon="-8.239528"><ele>33.3</ele></trkpt><trkpt lat="54.4924" lon="-8.238921"><ele>33.5</ele></trkpt><trkpt lat="54.492589" lon="-8.237885"><ele>33.9</ele></trkpt><trkpt lat="54.492761" lon="-8.236887"><ele>34.8</ele></trkpt><trkpt lat="54.494244" lon="-8.228645"><ele>46.3</ele></trkpt><trkpt lat="54.494803" lon="-8.225948"><ele>45.1</ele></trkpt><trkpt lat="54.495192" lon="-8.224039"><ele>41.7</ele></trkpt><trkpt lat="54.495644" lon="-8.221499"><ele>37.3</ele></trkpt><trkpt lat="54.496115" lon="-8.218243"><ele>31.9</ele></trkpt><trkpt lat="54.496394" lon="-8.216776"><ele>28.4</ele></trkpt><trkpt lat="54.496951" lon="-8.214024"><ele>20.2</ele></trkpt><trkpt lat="54.496994" lon="-8.213782"><ele>19.6</ele></trkpt><trkpt lat="54.49714" lon="-8.212998"><ele>17.8</ele></trkpt><trkpt lat="54.497196" lon="-8.212653"><ele>17.1</ele></trkpt><trkpt lat="54.497242" lon="-8.212377"><ele>16.6</ele></trkpt><trkpt lat="54.497592" lon="-8.210083"><ele>14.2</ele></trkpt><trkpt lat="54.497734" lon="-8.208914"><ele>13.3</ele></trkpt><trkpt lat="54.497865" lon="-8.207602"><ele>12.2</ele></trkpt><trkpt lat="54.498085" lon="-8.205968"><ele>11.1</ele></trkpt><trkpt lat="54.498228" lon="-8.205191"><ele>11.1</ele></trkpt><trkpt lat="54.498498" lon="-8.204046"><ele>11.4</ele></trkpt><trkpt lat="54.498585" lon="-8.203797"><ele>11.5</ele></trkpt><trkpt lat="54.498687" lon="-8.203542"><ele>11.6</ele></trkpt><trkpt lat="54.499287" lon="-8.202219"><ele>11.2</ele></trkpt><trkpt lat="54.499582" lon="-8.201565"><ele>10.7</ele></trkpt><trkpt lat="54.49969" lon="-8.201272"><ele>10.5</ele></trkpt><trkpt lat="54.499867" lon="-8.200678"><ele>10</ele></trkpt><trkpt lat="54.499965" lon="-8.200227"><ele>9.8</ele></trkpt><trkpt lat="54.500147" lon="-8.199144"><ele>10.3</ele></trkpt><trkpt lat="54.500226" lon="-8.19823"><ele>10.8</ele></trkpt><trkpt lat="54.50021" lon="-8.196299"><ele>11.4</ele></trkpt><trkpt lat="54.500245" lon="-8.195942"><ele>11.3</ele></trkpt><trkpt lat="54.50034" lon="-8.195389"><ele>10.9</ele></trkpt><trkpt lat="54.500415" lon="-8.19484"><ele>10.3</ele></trkpt><trkpt lat="54.500427" lon="-8.193648"><ele>9</ele></trkpt><trkpt lat="54.500371" lon="-8.191839"><ele>8.4</ele></trkpt><trkpt lat="54.50036" lon="-8.191484"><ele>8.3</ele></trkpt><trkpt lat="54.500341" lon="-8.190915"><ele>8.1</ele></trkpt><trkpt lat="54.500291" lon="-8.189962"><ele>8.1</ele></trkpt><trkpt lat="54.500348" lon="-8.189898"><ele>8.2</ele></trkpt><trkpt lat="54.50036" lon="-8.189821"><ele>8.2</ele></trkpt><trkpt lat="54.500515" lon="-8.189796"><ele>8.6</ele></trkpt><trkpt lat="54.500803" lon="-8.189758"><ele>9.5</ele></trkpt><trkpt lat="54.500855" lon="-8.189757"><ele>9.7</ele></trkpt><trkpt lat="54.500951" lon="-8.189778"><ele>10</ele></trkpt><trkpt lat="54.501073" lon="-8.189844"><ele>10.5</ele></trkpt><trkpt lat="54.501177" lon="-8.189918"><ele>11</ele></trkpt><trkpt lat="54.501297" lon="-8.190031"><ele>11.7</ele></trkpt><trkpt lat="54.501428" lon="-8.190144"><ele>12.4</ele></trkpt><trkpt lat="54.501683" lon="-8.19044"><ele>14.5</ele></trkpt><trkpt lat="54.501797" lon="-8.190592"><ele>15.6</ele></trkpt><trkpt lat="54.501939" lon="-8.190781"><ele>17</ele></trkpt><trkpt lat="54.502115" lon="-8.191025"><ele>18.8</ele></trkpt><trkpt lat="54.502415" lon="-8.191464"><ele>21.9</ele></trkpt><trkpt lat="54.502752" lon="-8.191963"><ele>24.7</ele></trkpt><trkpt lat="54.502884" lon="-8.192048"><ele>25.5</ele></trkpt><trkpt lat="54.502977" lon="-8.192074"><ele>26</ele></trkpt><trkpt lat="54.503267" lon="-8.192165"><ele>27.3</ele></trkpt><trkpt lat="54.503521" lon="-8.192323"><ele>28.2</ele></trkpt><trkpt lat="54.503569" lon="-8.19243"><ele>28.4</ele></trkpt><trkpt lat="54.503768" lon="-8.193452"><ele>29.4</ele></trkpt><trkpt lat="54.503959" lon="-8.194754"><ele>28.4</ele></trkpt><trkpt lat="54.504236" lon="-8.196809"><ele>25.2</ele></trkpt><trkpt lat="54.504339" lon="-8.197046"><ele>24.8</ele></trkpt><trkpt lat="54.504685" lon="-8.19756"><ele>24.1</ele></trkpt><trkpt lat="54.504925" lon="-8.197809"><ele>23.9</ele></trkpt><trkpt lat="54.505023" lon="-8.197859"><ele>23.8</ele></trkpt><trkpt lat="54.505273" lon="-8.197816"><ele>23.9</ele></trkpt><trkpt lat="54.506027" lon="-8.197645"><ele>24.7</ele></trkpt><trkpt lat="54.506224" lon="-8.197592"><ele>25</ele></trkpt><trkpt lat="54.506851" lon="-8.197274"><ele>26.1</ele></trkpt><trkpt lat="54.50724" lon="-8.197053"><ele>26.6</ele></trkpt><trkpt lat="54.507416" lon="-8.19689"><ele>26.8</ele></trkpt><trkpt lat="54.507632" lon="-8.196653"><ele>26.9</ele></trkpt><trkpt lat="54.508316" lon="-8.195762"><ele>26.5</ele></trkpt><trkpt lat="54.508616" lon="-8.195394"><ele>26</ele></trkpt><trkpt lat="54.508767" lon="-8.195287"><ele>25.8</ele></trkpt><trkpt lat="54.508926" lon="-8.19526"><ele>25.7</ele></trkpt><trkpt lat="54.509065" lon="-8.195319"><ele>25.6</ele></trkpt><trkpt lat="54.509213" lon="-8.195436"><ele>25.5</ele></trkpt><trkpt lat="54.509301" lon="-8.195544"><ele>25.4</ele></trkpt><trkpt lat="54.509359" lon="-8.195619"><ele>25.4</ele></trkpt><trkpt lat="54.509457" lon="-8.195671"><ele>25.3</ele></trkpt><trkpt lat="54.509481" lon="-8.195842"><ele>25.2</ele></trkpt><trkpt lat="54.509542" lon="-8.195901"><ele>25.2</ele></trkpt><trkpt lat="54.509591" lon="-8.195895"><ele>25.1</ele></trkpt><trkpt lat="54.509626" lon="-8.196191"><ele>25.1</ele></trkpt><trkpt lat="54.509821" lon="-8.196973"><ele>25.2</ele></trkpt><trkpt lat="54.509943" lon="-8.197548"><ele>25.6</ele></trkpt><trkpt lat="54.510131" lon="-8.198445"><ele>26.6</ele></trkpt><trkpt lat="54.510327" lon="-8.199624"><ele>29.1</ele></trkpt><trkpt lat="54.510454" lon="-8.199996"><ele>30.2</ele></trkpt><trkpt lat="54.510756" lon="-8.200564"><ele>32.3</ele></trkpt><trkpt lat="54.51095" lon="-8.200927"><ele>33.5</ele></trkpt><trkpt lat="54.511821" lon="-8.202828"><ele>39.5</ele></trkpt><trkpt lat="54.512364" lon="-8.203925"><ele>42.8</ele></trkpt><trkpt lat="54.51278" lon="-8.2048"><ele>45.1</ele></trkpt><trkpt lat="54.514325" lon="-8.208131"><ele>49.5</ele></trkpt><trkpt lat="54.514457" lon="-8.208492"><ele>49.5</ele></trkpt><trkpt lat="54.514511" lon="-8.208712"><ele>49.5</ele></trkpt><trkpt lat="54.514588" lon="-8.209174"><ele>49.5</ele></trkpt><trkpt lat="54.514637" lon="-8.209703"><ele>49.4</ele></trkpt><trkpt lat="54.514781" lon="-8.212587"><ele>49.8</ele></trkpt><trkpt lat="54.514825" lon="-8.212892"><ele>49.7</ele></trkpt><trkpt lat="54.514855" lon="-8.213102"><ele>49.6</ele></trkpt><trkpt lat="54.514991" lon="-8.213615"><ele>49.3</ele></trkpt><trkpt lat="54.515528" lon="-8.214909"><ele>47.5</ele></trkpt><trkpt lat="54.516324" lon="-8.216773"><ele>45.1</ele></trkpt><trkpt lat="54.516641" lon="-8.217512"><ele>44.7</ele></trkpt><trkpt lat="54.517019" lon="-8.218162"><ele>44.4</ele></trkpt><trkpt lat="54.517238" lon="-8.218431"><ele>44.4</ele></trkpt><trkpt lat="54.517917" lon="-8.219148"><ele>44.2</ele></trkpt><trkpt lat="54.518166" lon="-8.219514"><ele>44.2</ele></trkpt><trkpt lat="54.518353" lon="-8.219863"><ele>44.2</ele></trkpt><trkpt lat="54.518447" lon="-8.220048"><ele>44.2</ele></trkpt><trkpt lat="54.51881" lon="-8.220825"><ele>44.4</ele></trkpt><trkpt lat="54.518991" lon="-8.221319"><ele>44.7</ele></trkpt><trkpt lat="54.519807" lon="-8.22425"><ele>46</ele></trkpt><trkpt lat="54.519996" lon="-8.225077"><ele>46</ele></trkpt><trkpt lat="54.520325" lon="-8.227008"><ele>45.2</ele></trkpt><trkpt lat="54.520488" lon="-8.227763"><ele>44.7</ele></trkpt><trkpt lat="54.520562" lon="-8.227986"><ele>44.6</ele></trkpt><trkpt lat="54.520746" lon="-8.228367"><ele>44.3</ele></trkpt><trkpt lat="54.521138" lon="-8.22896"><ele>43.7</ele></trkpt><trkpt lat="54.521724" lon="-8.229752"><ele>43.3</ele></trkpt><trkpt lat="54.523408" lon="-8.232065"><ele>43.5</ele></trkpt><trkpt lat="54.525343" lon="-8.234883"><ele>42.1</ele></trkpt><trkpt lat="54.525481" lon="-8.235068"><ele>42.1</ele></trkpt><trkpt lat="54.525751" lon="-8.235309"><ele>42.2</ele></trkpt><trkpt lat="54.525806" lon="-8.235345"><ele>42.2</ele></trkpt><trkpt lat="54.526107" lon="-8.235441"><ele>42.3</ele></trkpt><trkpt lat="54.52628" lon="-8.235445"><ele>42.4</ele></trkpt><trkpt lat="54.526603" lon="-8.235376"><ele>42.6</ele></trkpt><trkpt lat="54.526778" lon="-8.235275"><ele>42.6</ele></trkpt><trkpt lat="54.526927" lon="-8.235152"><ele>42.5</ele></trkpt><trkpt lat="54.52885" lon="-8.233058"><ele>42</ele></trkpt><trkpt lat="54.52986" lon="-8.232127"><ele>42</ele></trkpt><trkpt lat="54.530821" lon="-8.23129"><ele>42.1</ele></trkpt><trkpt lat="54.531327" lon="-8.231063"><ele>42.1</ele></trkpt><trkpt lat="54.532196" lon="-8.230859"><ele>42</ele></trkpt><trkpt lat="54.533706" lon="-8.230454"><ele>39.5</ele></trkpt><trkpt lat="54.534068" lon="-8.230426"><ele>38.8</ele></trkpt><trkpt lat="54.53425" lon="-8.230454"><ele>38.5</ele></trkpt><trkpt lat="54.534426" lon="-8.23052"><ele>38.2</ele></trkpt><trkpt lat="54.536573" lon="-8.231771"><ele>35.3</ele></trkpt><trkpt lat="54.53689" lon="-8.231841"><ele>34.9</ele></trkpt><trkpt lat="54.537186" lon="-8.231761"><ele>34.5</ele></trkpt><trkpt lat="54.537316" lon="-8.231672"><ele>34.4</ele></trkpt><trkpt lat="54.537559" lon="-8.23146"><ele>34.1</ele></trkpt><trkpt lat="54.537701" lon="-8.231287"><ele>34</ele></trkpt><trkpt lat="54.537964" lon="-8.230817"><ele>33.8</ele></trkpt><trkpt lat="54.538048" lon="-8.230554"><ele>33.8</ele></trkpt><trkpt lat="54.538156" lon="-8.230076"><ele>33.8</ele></trkpt><trkpt lat="54.538367" lon="-8.228307"><ele>34.4</ele></trkpt><trkpt lat="54.5385" lon="-8.227545"><ele>34.5</ele></trkpt><trkpt lat="54.538635" lon="-8.227075"><ele>34.3</ele></trkpt><trkpt lat="54.538778" lon="-8.226713"><ele>34.1</ele></trkpt><trkpt lat="54.538873" lon="-8.22652"><ele>33.9</ele></trkpt><trkpt lat="54.539158" lon="-8.226127"><ele>33.3</ele></trkpt><trkpt lat="54.541526" lon="-8.223215"><ele>25.4</ele></trkpt><trkpt lat="54.541793" lon="-8.222799"><ele>24.8</ele></trkpt><trkpt lat="54.542014" lon="-8.22233"><ele>24.6</ele></trkpt><trkpt lat="54.542102" lon="-8.222059"><ele>24.6</ele></trkpt><trkpt lat="54.542934" lon="-8.218824"><ele>28.4</ele></trkpt><trkpt lat="54.54322" lon="-8.217706"><ele>29.8</ele></trkpt><trkpt lat="54.54322" lon="-8.217706"><ele>29.8</ele></trkpt><trkpt lat="54.542791" lon="-8.217407"><ele>30.3</ele></trkpt><trkpt lat="54.54322" lon="-8.217706"><ele>30.7</ele></trkpt><trkpt lat="54.543488" lon="-8.216652"><ele>30</ele></trkpt><trkpt lat="54.543581" lon="-8.216286"><ele>29.4</ele></trkpt><trkpt lat="54.543581" lon="-8.216286"><ele>29.4</ele></trkpt><trkpt lat="54.54499" lon="-8.216834"><ele>26.4</ele></trkpt><trkpt lat="54.545607" lon="-8.217085"><ele>26.4</ele></trkpt><trkpt lat="54.545752" lon="-8.216957"><ele>26.5</ele></trkpt><trkpt lat="54.54606" lon="-8.216244"><ele>27</ele></trkpt><trkpt lat="54.547404" lon="-8.213523"><ele>26.8</ele></trkpt><trkpt lat="54.547544" lon="-8.213094"><ele>26</ele></trkpt><trkpt lat="54.547619" lon="-8.212433"><ele>25</ele></trkpt><trkpt lat="54.547708" lon="-8.212133"><ele>24.5</ele></trkpt><trkpt lat="54.547799" lon="-8.211972"><ele>24.1</ele></trkpt><trkpt lat="54.548032" lon="-8.211592"><ele>23.2</ele></trkpt><trkpt lat="54.548266" lon="-8.211103"><ele>22</ele></trkpt><trkpt lat="54.548365" lon="-8.210794"><ele>21.2</ele></trkpt><trkpt lat="54.548505" lon="-8.209833"><ele>20.2</ele></trkpt><trkpt lat="54.548579" lon="-8.209507"><ele>20.2</ele></trkpt><trkpt lat="54.548654" lon="-8.209235"><ele>20.4</ele></trkpt><trkpt lat="54.548765" lon="-8.209008"><ele>20.8</ele></trkpt><trkpt lat="54.548813" lon="-8.208803"><ele>21.1</ele></trkpt><trkpt lat="54.548847" lon="-8.208424"><ele>22</ele></trkpt><trkpt lat="54.548837" lon="-8.208275"><ele>22.4</ele></trkpt><trkpt lat="54.548632" lon="-8.207983"><ele>23.8</ele></trkpt><trkpt lat="54.548426" lon="-8.207683"><ele>25.5</ele></trkpt><trkpt lat="54.547806" lon="-8.207066"><ele>30.8</ele></trkpt><trkpt lat="54.547457" lon="-8.206535"><ele>33.6</ele></trkpt><trkpt lat="54.546864" lon="-8.205747"><ele>36.6</ele></trkpt><trkpt lat="54.546597" lon="-8.205408"><ele>37.1</ele></trkpt><trkpt lat="54.54702" lon="-8.204616"><ele>37.1</ele></trkpt><trkpt lat="54.547111" lon="-8.204495"><ele>37.1</ele></trkpt><trkpt lat="54.54714" lon="-8.204467"><ele>37.1</ele></trkpt><trkpt lat="54.547435" lon="-8.204211"><ele>37</ele></trkpt><trkpt lat="54.548026" lon="-8.203827"><ele>36.6</ele></trkpt><trkpt lat="54.548393" lon="-8.203403"><ele>36.9</ele></trkpt><trkpt lat="54.548946" lon="-8.202566"><ele>38.7</ele></trkpt><trkpt lat="54.549253" lon="-8.202165"><ele>39.9</ele></trkpt><trkpt lat="54.549636" lon="-8.201506"><ele>41.7</ele></trkpt><trkpt lat="54.54981" lon="-8.201095"><ele>42.7</ele></trkpt><trkpt lat="54.549967" lon="-8.200511"><ele>44</ele></trkpt><trkpt lat="54.550267" lon="-8.199204"><ele>46</ele></trkpt><trkpt lat="54.550743" lon="-8.197128"><ele>46</ele></trkpt><trkpt lat="54.550857" lon="-8.196708"><ele>45.5</ele></trkpt><trkpt lat="54.551101" lon="-8.195826"><ele>44.1</ele></trkpt><trkpt lat="54.551343" lon="-8.195173"><ele>42.5</ele></trkpt><trkpt lat="54.55243" lon="-8.192813"><ele>36.3</ele></trkpt><trkpt lat="54.552761" lon="-8.192135"><ele>35.1</ele></trkpt><trkpt lat="54.553005" lon="-8.191708"><ele>34.3</ele></trkpt><trkpt lat="54.55343" lon="-8.19119"><ele>33.3</ele></trkpt><trkpt lat="54.554416" lon="-8.190247"><ele>30.5</ele></trkpt><trkpt lat="54.554489" lon="-8.190176"><ele>30.2</ele></trkpt><trkpt lat="54.55593" lon="-8.188798"><ele>26.2</ele></trkpt><trkpt lat="54.556655" lon="-8.18812"><ele>24.4</ele></trkpt><trkpt lat="54.557353" lon="-8.18758"><ele>21.7</ele></trkpt><trkpt lat="54.557539" lon="-8.187493"><ele>20.8</ele></trkpt><trkpt lat="54.558127" lon="-8.187384"><ele>17.4</ele></trkpt><trkpt lat="54.558636" lon="-8.187063"><ele>14.1</ele></trkpt><trkpt lat="54.558809" lon="-8.186917"><ele>12.9</ele></trkpt><trkpt lat="54.559068" lon="-8.18651"><ele>11.2</ele></trkpt><trkpt lat="54.55972" lon="-8.186072"><ele>9</ele></trkpt><trkpt lat="54.559824" lon="-8.186081"><ele>8.9</ele></trkpt><trkpt lat="54.559908" lon="-8.186143"><ele>8.8</ele></trkpt><trkpt lat="54.561162" lon="-8.187948"><ele>11.3</ele></trkpt><trkpt lat="54.561336" lon="-8.188146"><ele>11.8</ele></trkpt><trkpt lat="54.5616" lon="-8.188316"><ele>12.5</ele></trkpt><trkpt lat="54.56174" lon="-8.188367"><ele>12.8</ele></trkpt><trkpt lat="54.562025" lon="-8.188417"><ele>13.3</ele></trkpt><trkpt lat="54.562128" lon="-8.188389"><ele>13.5</ele></trkpt><trkpt lat="54.562211" lon="-8.188343"><ele>13.6</ele></trkpt><trkpt lat="54.562306" lon="-8.188233"><ele>13.7</ele></trkpt><trkpt lat="54.562665" lon="-8.187658"><ele>14</ele></trkpt><trkpt lat="54.562867" lon="-8.187"><ele>13.7</ele></trkpt><trkpt lat="54.563208" lon="-8.185553"><ele>12.3</ele></trkpt><trkpt lat="54.56329" lon="-8.185067"><ele>11.6</ele></trkpt><trkpt lat="54.563379" lon="-8.184105"><ele>10</ele></trkpt><trkpt lat="54.563418" lon="-8.183901"><ele>9.7</ele></trkpt><trkpt lat="54.563523" lon="-8.18354"><ele>9</ele></trkpt><trkpt lat="54.563756" lon="-8.183023"><ele>8.1</ele></trkpt><trkpt lat="54.56397" lon="-8.182532"><ele>7.7</ele></trkpt><trkpt lat="54.564211" lon="-8.181778"><ele>7.8</ele></trkpt><trkpt lat="54.564376" lon="-8.179697"><ele>9.7</ele></trkpt><trkpt lat="54.564564" lon="-8.17902"><ele>9.9</ele></trkpt><trkpt lat="54.564646" lon="-8.178434"><ele>9.7</ele></trkpt><trkpt lat="54.564741" lon="-8.177375"><ele>9.1</ele></trkpt><trkpt lat="54.564809" lon="-8.176868"><ele>8.6</ele></trkpt><trkpt lat="54.564856" lon="-8.174978"><ele>7.7</ele></trkpt><trkpt lat="54.564894" lon="-8.174351"><ele>7.9</ele></trkpt><trkpt lat="54.564996" lon="-8.17418"><ele>7.9</ele></trkpt><trkpt lat="54.56507" lon="-8.174065"><ele>8</ele></trkpt><trkpt lat="54.565095" lon="-8.174028"><ele>8</ele></trkpt><trkpt lat="54.565248" lon="-8.173806"><ele>8.2</ele></trkpt><trkpt lat="54.565466" lon="-8.17334"><ele>8.6</ele></trkpt><trkpt lat="54.565593" lon="-8.172921"><ele>9</ele></trkpt><trkpt lat="54.565721" lon="-8.172074"><ele>9.9</ele></trkpt><trkpt lat="54.566114" lon="-8.17055"><ele>11.2</ele></trkpt><trkpt lat="54.566293" lon="-8.170105"><ele>11.4</ele></trkpt><trkpt lat="54.566626" lon="-8.169644"><ele>11.6</ele></trkpt><trkpt lat="54.567636" lon="-8.168646"><ele>12.4</ele></trkpt><trkpt lat="54.568342" lon="-8.16819"><ele>13.1</ele></trkpt><trkpt lat="54.568658" lon="-8.167809"><ele>13.4</ele></trkpt><trkpt lat="54.569033" lon="-8.167283"><ele>13.6</ele></trkpt><trkpt lat="54.56944" lon="-8.166559"><ele>13.4</ele></trkpt><trkpt lat="54.570271" lon="-8.165197"><ele>11.4</ele></trkpt><trkpt lat="54.570936" lon="-8.163949"><ele>9.2</ele></trkpt><trkpt lat="54.571256" lon="-8.163314"><ele>8.7</ele></trkpt><trkpt lat="54.571403" lon="-8.162863"><ele>8.7</ele></trkpt><trkpt lat="54.571617" lon="-8.159408"><ele>13</ele></trkpt><trkpt lat="54.571715" lon="-8.158368"><ele>15.2</ele></trkpt><trkpt lat="54.57175" lon="-8.158402"><ele>15.4</ele></trkpt><trkpt lat="54.571779" lon="-8.158511"><ele>15.7</ele></trkpt><trkpt lat="54.571827" lon="-8.159073"><ele>17.2</ele></trkpt><trkpt lat="54.571894" lon="-8.159394"><ele>18</ele></trkpt><trkpt lat="54.571948" lon="-8.15943"><ele>18.3</ele></trkpt><trkpt lat="54.572428" lon="-8.159422"><ele>20</ele></trkpt><trkpt lat="54.572675" lon="-8.159481"><ele>20.7</ele></trkpt><trkpt lat="54.573095" lon="-8.159715"><ele>21.4</ele></trkpt><trkpt lat="54.573412" lon="-8.160311"><ele>21</ele></trkpt><trkpt lat="54.573574" lon="-8.160554"><ele>20.5</ele></trkpt><trkpt lat="54.573979" lon="-8.160982"><ele>19</ele></trkpt><trkpt lat="54.574269" lon="-8.161354"><ele>17.9</ele></trkpt><trkpt lat="54.574513" lon="-8.161788"><ele>17.2</ele></trkpt><trkpt lat="54.574624" lon="-8.161937"><ele>17</ele></trkpt><trkpt lat="54.57479" lon="-8.162039"><ele>16.9</ele></trkpt><trkpt lat="54.575168" lon="-8.162112"><ele>16.8</ele></trkpt><trkpt lat="54.575278" lon="-8.162075"><ele>16.8</ele></trkpt><trkpt lat="54.575704" lon="-8.161711"><ele>16.9</ele></trkpt><trkpt lat="54.576053" lon="-8.161536"><ele>16.9</ele></trkpt><trkpt lat="54.57632" lon="-8.161555"><ele>16.6</ele></trkpt><trkpt lat="54.576557" lon="-8.161475"><ele>16.2</ele></trkpt><trkpt lat="54.57726" lon="-8.16114"><ele>14.2</ele></trkpt><trkpt lat="54.577471" lon="-8.161199"><ele>13.6</ele></trkpt><trkpt lat="54.57754" lon="-8.161105"><ele>13.3</ele></trkpt><trkpt lat="54.577666" lon="-8.161069"><ele>13</ele></trkpt><trkpt lat="54.577852" lon="-8.161076"><ele>12.5</ele></trkpt><trkpt lat="54.57797" lon="-8.161017"><ele>12.2</ele></trkpt><trkpt lat="54.578312" lon="-8.160643"><ele>11.5</ele></trkpt><trkpt lat="54.578468" lon="-8.160584"><ele>11.4</ele></trkpt><trkpt lat="54.578942" lon="-8.160674"><ele>11.3</ele></trkpt><trkpt lat="54.579161" lon="-8.160659"><ele>11.4</ele></trkpt><trkpt lat="54.57925" lon="-8.160603"><ele>11.4</ele></trkpt><trkpt lat="54.579946" lon="-8.159261"><ele>12.4</ele></trkpt><trkpt lat="54.580217" lon="-8.158824"><ele>12.8</ele></trkpt><trkpt lat="54.580318" lon="-8.158726"><ele>12.9</ele></trkpt><trkpt lat="54.580452" lon="-8.158753"><ele>13</ele></trkpt><trkpt lat="54.580788" lon="-8.15873"><ele>13.4</ele></trkpt><trkpt lat="54.58095" lon="-8.158765"><ele>13.6</ele></trkpt><trkpt lat="54.581351" lon="-8.158982"><ele>14.3</ele></trkpt><trkpt lat="54.581438" lon="-8.158974"><ele>14.5</ele></trkpt><trkpt lat="54.581488" lon="-8.158926"><ele>14.6</ele></trkpt><trkpt lat="54.581696" lon="-8.157946"><ele>16.2</ele></trkpt><trkpt lat="54.581871" lon="-8.156514"><ele>18.9</ele></trkpt><trkpt lat="54.581992" lon="-8.156037"><ele>19.6</ele></trkpt><trkpt lat="54.582111" lon="-8.155037"><ele>20.2</ele></trkpt><trkpt lat="54.582435" lon="-8.154258"><ele>19.7</ele></trkpt><trkpt lat="54.582688" lon="-8.153494"><ele>18.3</ele></trkpt><trkpt lat="54.583005" lon="-8.152939"><ele>16</ele></trkpt><trkpt lat="54.583273" lon="-8.152561"><ele>13.8</ele></trkpt><trkpt lat="54.583383" lon="-8.153153"><ele>11.5</ele></trkpt><trkpt lat="54.583523" lon="-8.153732"><ele>9.4</ele></trkpt><trkpt lat="54.583709" lon="-8.154322"><ele>7.3</ele></trkpt><trkpt lat="54.583871" lon="-8.15457"><ele>6.4</ele></trkpt><trkpt lat="54.584458" lon="-8.154956"><ele>5.3</ele></trkpt><trkpt lat="54.584669" lon="-8.155133"><ele>5.3</ele></trkpt><trkpt lat="54.585609" lon="-8.154773"><ele>6.9</ele></trkpt><trkpt lat="54.585919" lon="-8.154832"><ele>7.4</ele></trkpt><trkpt lat="54.586249" lon="-8.155004"><ele>7.9</ele></trkpt><trkpt lat="54.587054" lon="-8.15605"><ele>7.5</ele></trkpt><trkpt lat="54.587573" lon="-8.156661"><ele>6.1</ele></trkpt><trkpt lat="54.587732" lon="-8.156795"><ele>5.7</ele></trkpt><trkpt lat="54.588555" lon="-8.156941"><ele>4.2</ele></trkpt><trkpt lat="54.589472" lon="-8.157161"><ele>3.5</ele></trkpt><trkpt lat="54.589593" lon="-8.157064"><ele>3.5</ele></trkpt><trkpt lat="54.589742" lon="-8.156823"><ele>3.5</ele></trkpt><trkpt lat="54.591229" lon="-8.155733"><ele>3.2</ele></trkpt><trkpt lat="54.591424" lon="-8.155638"><ele>3.2</ele></trkpt><trkpt lat="54.591742" lon="-8.155657"><ele>3</ele></trkpt><trkpt lat="54.594902" lon="-8.155954"><ele>2.6</ele></trkpt><trkpt lat="54.595293" lon="-8.155981"><ele>2.7</ele></trkpt><trkpt lat="54.595403" lon="-8.155951"><ele>2.7</ele></trkpt><trkpt lat="54.595382" lon="-8.155848"><ele>2.8</ele></trkpt><trkpt lat="54.59539" lon="-8.155598"><ele>2.8</ele></trkpt><trkpt lat="54.595657" lon="-8.154348"><ele>2.9</ele></trkpt><trkpt lat="54.596439" lon="-8.151333"><ele>1.6</ele></trkpt><trkpt lat="54.596872" lon="-8.149868"><ele>1</ele></trkpt><trkpt lat="54.597397" lon="-8.148285"><ele>0.7</ele></trkpt><trkpt lat="54.598012" lon="-8.146312"><ele>1</ele></trkpt><trkpt lat="54.598387" lon="-8.144561"><ele>2.1</ele></trkpt><trkpt lat="54.598549" lon="-8.143944"><ele>2.7</ele></trkpt><trkpt lat="54.598651" lon="-8.143644"><ele>2.9</ele></trkpt><trkpt lat="54.598674" lon="-8.143519"><ele>3</ele></trkpt><trkpt lat="54.598704" lon="-8.142791"><ele>3.5</ele></trkpt><trkpt lat="54.598768" lon="-8.1421"><ele>3.9</ele></trkpt><trkpt lat="54.598935" lon="-8.140883"><ele>4.2</ele></trkpt><trkpt lat="54.599207" lon="-8.139768"><ele>4.4</ele></trkpt><trkpt lat="54.599327" lon="-8.138403"><ele>5.5</ele></trkpt><trkpt lat="54.599587" lon="-8.137707"><ele>6.5</ele></trkpt><trkpt lat="54.599952" lon="-8.136423"><ele>8.6</ele></trkpt><trkpt lat="54.600112" lon="-8.136008"><ele>9.3</ele></trkpt><trkpt lat="54.600242" lon="-8.135775"><ele>9.8</ele></trkpt><trkpt lat="54.600942" lon="-8.134727"><ele>11.7</ele></trkpt><trkpt lat="54.601302" lon="-8.134107"><ele>12</ele></trkpt><trkpt lat="54.601471" lon="-8.133923"><ele>11.9</ele></trkpt><trkpt lat="54.601782" lon="-8.133798"><ele>11.6</ele></trkpt><trkpt lat="54.602073" lon="-8.133728"><ele>11</ele></trkpt><trkpt lat="54.602402" lon="-8.133693"><ele>9.9</ele></trkpt><trkpt lat="54.602603" lon="-8.133717"><ele>9</ele></trkpt><trkpt lat="54.602952" lon="-8.133922"><ele>7.5</ele></trkpt><trkpt lat="54.60306" lon="-8.134006"><ele>6.9</ele></trkpt><trkpt lat="54.603307" lon="-8.132828"><ele>4.4</ele></trkpt><trkpt lat="54.603459" lon="-8.132211"><ele>3.4</ele></trkpt><trkpt lat="54.604029" lon="-8.130709"><ele>2.6</ele></trkpt><trkpt lat="54.604223" lon="-8.129979"><ele>2.7</ele></trkpt><trkpt lat="54.604308" lon="-8.129561"><ele>2.8</ele></trkpt><trkpt lat="54.604362" lon="-8.128479"><ele>3.4</ele></trkpt><trkpt lat="54.60441" lon="-8.128105"><ele>3.8</ele></trkpt><trkpt lat="54.60453" lon="-8.127672"><ele>4.4</ele></trkpt><trkpt lat="54.604715" lon="-8.126412"><ele>7.1</ele></trkpt><trkpt lat="54.604903" lon="-8.125596"><ele>9.5</ele></trkpt><trkpt lat="54.605094" lon="-8.125012"><ele>11.3</ele></trkpt><trkpt lat="54.605365" lon="-8.124426"><ele>13.1</ele></trkpt><trkpt lat="54.605638" lon="-8.123982"><ele>14.4</ele></trkpt><trkpt lat="54.606009" lon="-8.123032"><ele>15.8</ele></trkpt><trkpt lat="54.606481" lon="-8.121374"><ele>15.3</ele></trkpt><trkpt lat="54.606844" lon="-8.120409"><ele>13.9</ele></trkpt><trkpt lat="54.607126" lon="-8.119503"><ele>12.5</ele></trkpt><trkpt lat="54.6074" lon="-8.118596"><ele>11</ele></trkpt><trkpt lat="54.607456" lon="-8.118162"><ele>10.3</ele></trkpt><trkpt lat="54.607456" lon="-8.117694"><ele>9.6</ele></trkpt><trkpt lat="54.607627" lon="-8.115768"><ele>7</ele></trkpt><trkpt lat="54.608078" lon="-8.114213"><ele>5.9</ele></trkpt><trkpt lat="54.608357" lon="-8.113414"><ele>6.1</ele></trkpt><trkpt lat="54.608677" lon="-8.112518"><ele>6.5</ele></trkpt><trkpt lat="54.608895" lon="-8.112169"><ele>6.7</ele></trkpt><trkpt lat="54.609096" lon="-8.111939"><ele>6.8</ele></trkpt><trkpt lat="54.609394" lon="-8.111816"><ele>6.8</ele></trkpt><trkpt lat="54.609929" lon="-8.111058"><ele>6.4</ele></trkpt><trkpt lat="54.610221" lon="-8.110491"><ele>5.8</ele></trkpt><trkpt lat="54.610843" lon="-8.109005"><ele>4.5</ele></trkpt><trkpt lat="54.611097" lon="-8.108382"><ele>4.2</ele></trkpt><trkpt lat="54.612039" lon="-8.105785"><ele>4.7</ele></trkpt><trkpt lat="54.612263" lon="-8.104916"><ele>5.6</ele></trkpt><trkpt lat="54.612681" lon="-8.103099"><ele>9.4</ele></trkpt><trkpt lat="54.612804" lon="-8.102583"><ele>11</ele></trkpt><trkpt lat="54.612917" lon="-8.101913"><ele>13.3</ele></trkpt><trkpt lat="54.612973" lon="-8.101366"><ele>15.2</ele></trkpt><trkpt lat="54.612965" lon="-8.100431"><ele>18.4</ele></trkpt><trkpt lat="54.612993" lon="-8.099723"><ele>20.6</ele></trkpt><trkpt lat="54.613076" lon="-8.098833"><ele>22.7</ele></trkpt><trkpt lat="54.61321" lon="-8.098007"><ele>23.8</ele></trkpt><trkpt lat="54.613445" lon="-8.096785"><ele>24.8</ele></trkpt><trkpt lat="54.613455" lon="-8.096538"><ele>25</ele></trkpt><trkpt lat="54.613398" lon="-8.096462"><ele>25.1</ele></trkpt><trkpt lat="54.614162" lon="-8.093929"><ele>26.2</ele></trkpt><trkpt lat="54.614315" lon="-8.09352"><ele>26</ele></trkpt><trkpt lat="54.614832" lon="-8.091842"><ele>24.4</ele></trkpt><trkpt lat="54.614899" lon="-8.091523"><ele>24.3</ele></trkpt><trkpt lat="54.615111" lon="-8.090912"><ele>24.3</ele></trkpt><trkpt lat="54.615083" lon="-8.090878"><ele>24.3</ele></trkpt><trkpt lat="54.614755" lon="-8.090378"><ele>24.6</ele></trkpt><trkpt lat="54.614669" lon="-8.090204"><ele>24.8</ele></trkpt><trkpt lat="54.614577" lon="-8.089886"><ele>25.1</ele></trkpt><trkpt lat="54.614535" lon="-8.089614"><ele>25.4</ele></trkpt><trkpt lat="54.61453" lon="-8.089259"><ele>25.9</ele></trkpt><trkpt lat="54.614638" lon="-8.088224"><ele>27.3</ele></trkpt><trkpt lat="54.61476" lon="-8.086928"><ele>28</ele></trkpt><trkpt lat="54.615101" lon="-8.086937"><ele>28</ele></trkpt><trkpt lat="54.616394" lon="-8.086788"><ele>27</ele></trkpt><trkpt lat="54.616904" lon="-8.086692"><ele>26</ele></trkpt><trkpt lat="54.617595" lon="-8.086317"><ele>23.8</ele></trkpt><trkpt lat="54.617929" lon="-8.086313"><ele>22.7</ele></trkpt><trkpt lat="54.618054" lon="-8.086322"><ele>22.2</ele></trkpt><trkpt lat="54.618136" lon="-8.086409"><ele>21.9</ele></trkpt><trkpt lat="54.618239" lon="-8.086335"><ele>21.6</ele></trkpt><trkpt lat="54.61864" lon="-8.086277"><ele>20.6</ele></trkpt><trkpt lat="54.619407" lon="-8.086348"><ele>19.8</ele></trkpt><trkpt lat="54.619582" lon="-8.086464"><ele>19.8</ele></trkpt><trkpt lat="54.619864" lon="-8.086733"><ele>20</ele></trkpt><trkpt lat="54.619994" lon="-8.086845"><ele>20.1</ele></trkpt><trkpt lat="54.620485" lon="-8.087249"><ele>20.4</ele></trkpt><trkpt lat="54.620705" lon="-8.087341"><ele>20.5</ele></trkpt><trkpt lat="54.621162" lon="-8.087383"><ele>20.4</ele></trkpt><trkpt lat="54.62134" lon="-8.087303"><ele>20.3</ele></trkpt><trkpt lat="54.621373" lon="-8.08728"><ele>20.3</ele></trkpt><trkpt lat="54.621413" lon="-8.087257"><ele>20.2</ele></trkpt><trkpt lat="54.621604" lon="-8.08714"><ele>20.1</ele></trkpt><trkpt lat="54.62165" lon="-8.087112"><ele>20.1</ele></trkpt><trkpt lat="54.622006" lon="-8.086884"><ele>19.8</ele></trkpt><trkpt lat="54.622211" lon="-8.086638"><ele>19.6</ele></trkpt><trkpt lat="54.622323" lon="-8.086439"><ele>19.3</ele></trkpt><trkpt lat="54.622472" lon="-8.085935"><ele>18.8</ele></trkpt><trkpt lat="54.622609" lon="-8.085"><ele>17.8</ele></trkpt><trkpt lat="54.622649" lon="-8.084855"><ele>17.7</ele></trkpt><trkpt lat="54.622754" lon="-8.084675"><ele>17.5</ele></trkpt><trkpt lat="54.622911" lon="-8.084551"><ele>17.2</ele></trkpt><trkpt lat="54.623122" lon="-8.084457"><ele>16.9</ele></trkpt><trkpt lat="54.625105" lon="-8.083825"><ele>17.2</ele></trkpt><trkpt lat="54.62602" lon="-8.083518"><ele>19.5</ele></trkpt><trkpt lat="54.62619" lon="-8.083427"><ele>20</ele></trkpt><trkpt lat="54.626312" lon="-8.083271"><ele>20.5</ele></trkpt><trkpt lat="54.626961" lon="-8.082638"><ele>22.7</ele></trkpt><trkpt lat="54.627065" lon="-8.082473"><ele>23.1</ele></trkpt><trkpt lat="54.627438" lon="-8.081619"><ele>24.6</ele></trkpt><trkpt lat="54.627671" lon="-8.08066"><ele>25.9</ele></trkpt><trkpt lat="54.627833" lon="-8.080254"><ele>26.4</ele></trkpt><trkpt lat="54.627926" lon="-8.080105"><ele>26.6</ele></trkpt><trkpt lat="54.628465" lon="-8.079644"><ele>27.2</ele></trkpt><trkpt lat="54.628816" lon="-8.079285"><ele>27.7</ele></trkpt><trkpt lat="54.629035" lon="-8.07912"><ele>27.9</ele></trkpt><trkpt lat="54.629179" lon="-8.079104"><ele>28.1</ele></trkpt><trkpt lat="54.629603" lon="-8.079069"><ele>28.7</ele></trkpt><trkpt lat="54.630641" lon="-8.078711"><ele>31.3</ele></trkpt><trkpt lat="54.631571" lon="-8.078561"><ele>35.1</ele></trkpt><trkpt lat="54.632013" lon="-8.0786"><ele>36.6</ele></trkpt><trkpt lat="54.632158" lon="-8.078699"><ele>37</ele></trkpt><trkpt lat="54.632235" lon="-8.078831"><ele>37.2</ele></trkpt><trkpt lat="54.632387" lon="-8.079042"><ele>37.4</ele></trkpt><trkpt lat="54.632497" lon="-8.079082"><ele>37.5</ele></trkpt><trkpt lat="54.63386" lon="-8.07893"><ele>34.9</ele></trkpt><trkpt lat="54.634103" lon="-8.078948"><ele>34.3</ele></trkpt><trkpt lat="54.634653" lon="-8.079066"><ele>33.5</ele></trkpt><trkpt lat="54.634688" lon="-8.079074"><ele>33.4</ele></trkpt><trkpt lat="54.634833" lon="-8.079109"><ele>33.3</ele></trkpt><trkpt lat="54.634852" lon="-8.079114"><ele>33.3</ele></trkpt><trkpt lat="54.634963" lon="-8.079138"><ele>33.3</ele></trkpt><trkpt lat="54.635533" lon="-8.079273"><ele>33.3</ele></trkpt><trkpt lat="54.635619" lon="-8.079302"><ele>33.3</ele></trkpt><trkpt lat="54.635815" lon="-8.079373"><ele>33.3</ele></trkpt><trkpt lat="54.637249" lon="-8.079716"><ele>33.3</ele></trkpt><trkpt lat="54.637855" lon="-8.079826"><ele>32.9</ele></trkpt><trkpt lat="54.638509" lon="-8.080003"><ele>32</ele></trkpt><trkpt lat="54.64014" lon="-8.080418"><ele>29.8</ele></trkpt><trkpt lat="54.641092" lon="-8.080696"><ele>31.2</ele></trkpt><trkpt lat="54.641836" lon="-8.080742"><ele>33.7</ele></trkpt><trkpt lat="54.641964" lon="-8.080788"><ele>34.1</ele></trkpt><trkpt lat="54.642103" lon="-8.08104"><ele>34.7</ele></trkpt><trkpt lat="54.642188" lon="-8.081295"><ele>35.2</ele></trkpt><trkpt lat="54.642293" lon="-8.081731"><ele>35.9</ele></trkpt><trkpt lat="54.642317" lon="-8.081962"><ele>36.2</ele></trkpt><trkpt lat="54.642181" lon="-8.085649"><ele>36.7</ele></trkpt><trkpt lat="54.642106" lon="-8.086921"><ele>34.6</ele></trkpt><trkpt lat="54.642101" lon="-8.088038"><ele>31.7</ele></trkpt><trkpt lat="54.642185" lon="-8.089341"><ele>28</ele></trkpt><trkpt lat="54.642257" lon="-8.089651"><ele>27.2</ele></trkpt><trkpt lat="54.642363" lon="-8.089952"><ele>26.3</ele></trkpt><trkpt lat="54.642509" lon="-8.090214"><ele>25.6</ele></trkpt><trkpt lat="54.642698" lon="-8.090459"><ele>25</ele></trkpt><trkpt lat="54.642772" lon="-8.090563"><ele>24.8</ele></trkpt><trkpt lat="54.64285" lon="-8.090659"><ele>24.6</ele></trkpt><trkpt lat="54.643069" lon="-8.09093"><ele>24.2</ele></trkpt><trkpt lat="54.643133" lon="-8.091015"><ele>24.1</ele></trkpt><trkpt lat="54.643409" lon="-8.091385"><ele>23.9</ele></trkpt><trkpt lat="54.643508" lon="-8.091526"><ele>23.9</ele></trkpt><trkpt lat="54.643667" lon="-8.091734"><ele>23.8</ele></trkpt><trkpt lat="54.643739" lon="-8.091809"><ele>23.8</ele></trkpt><trkpt lat="54.64377" lon="-8.091837"><ele>23.8</ele></trkpt><trkpt lat="54.643867" lon="-8.091897"><ele>23.8</ele></trkpt><trkpt lat="54.64413" lon="-8.092008"><ele>23.9</ele></trkpt><trkpt lat="54.644359" lon="-8.092138"><ele>24.1</ele></trkpt><trkpt lat="54.6449" lon="-8.092683"><ele>24</ele></trkpt><trkpt lat="54.64525" lon="-8.092992"><ele>23.7</ele></trkpt><trkpt lat="54.646133" lon="-8.093912"><ele>22.1</ele></trkpt><trkpt lat="54.647007" lon="-8.095055"><ele>20.4</ele></trkpt><trkpt lat="54.647245" lon="-8.095313"><ele>20.4</ele></trkpt><trkpt lat="54.64768" lon="-8.095704"><ele>20.7</ele></trkpt><trkpt lat="54.647878" lon="-8.095806"><ele>20.9</ele></trkpt><trkpt lat="54.648046" lon="-8.095843"><ele>21.2</ele></trkpt><trkpt lat="54.648243" lon="-8.095813"><ele>21.5</ele></trkpt><trkpt lat="54.649175" lon="-8.095525"><ele>21.9</ele></trkpt><trkpt lat="54.649238" lon="-8.095529"><ele>21.8</ele></trkpt><trkpt lat="54.649374" lon="-8.094834"><ele>20.8</ele></trkpt><trkpt lat="54.649461" lon="-8.094681"><ele>20.5</ele></trkpt><trkpt lat="54.649526" lon="-8.094627"><ele>20.3</ele></trkpt><trkpt lat="54.649777" lon="-8.094531"><ele>19.5</ele></trkpt><trkpt lat="54.649863" lon="-8.094458"><ele>19.3</ele></trkpt><trkpt lat="54.649957" lon="-8.094149"><ele>18.8</ele></trkpt><trkpt lat="54.649981" lon="-8.093989"><ele>18.6</ele></trkpt><trkpt lat="54.649984" lon="-8.093948"><ele>18.6</ele></trkpt><trkpt lat="54.649978" lon="-8.093861"><ele>18.5</ele></trkpt><trkpt lat="54.649978" lon="-8.093861"><ele>18.5</ele></trkpt><trkpt lat="54.650016" lon="-8.09384"><ele>18.4</ele></trkpt><trkpt lat="54.649972" lon="-8.093602"><ele>18.3</ele></trkpt><trkpt lat="54.649995" lon="-8.093487"><ele>18.2</ele></trkpt><trkpt lat="54.650144" lon="-8.093359"><ele>18.2</ele></trkpt><trkpt lat="54.649978" lon="-8.093861"><ele>18.5</ele></trkpt><trkpt lat="54.649984" lon="-8.093948"><ele>18.5</ele></trkpt><trkpt lat="54.649981" lon="-8.093989"><ele>18.6</ele></trkpt><trkpt lat="54.649957" lon="-8.094149"><ele>18.7</ele></trkpt><trkpt lat="54.649863" lon="-8.094458"><ele>19.2</ele></trkpt><trkpt lat="54.649777" lon="-8.094531"><ele>19.4</ele></trkpt><trkpt lat="54.649526" lon="-8.094627"><ele>20.1</ele></trkpt><trkpt lat="54.649535" lon="-8.094696"><ele>20.2</ele></trkpt><trkpt lat="54.64953" lon="-8.094698"><ele>20.2</ele></trkpt><trkpt lat="54.649408" lon="-8.094872"><ele>20.5</ele></trkpt><trkpt lat="54.649319" lon="-8.095322"><ele>20.8</ele></trkpt><trkpt lat="54.649337" lon="-8.095428"><ele>20.8</ele></trkpt><trkpt lat="54.649417" lon="-8.095511"><ele>20.9</ele></trkpt><trkpt lat="54.64939" lon="-8.095597"><ele>20.8</ele></trkpt><trkpt lat="54.649791" lon="-8.096063"><ele>20</ele></trkpt><trkpt lat="54.65014" lon="-8.096606"><ele>18.2</ele></trkpt><trkpt lat="54.650301" lon="-8.096827"><ele>17.2</ele></trkpt><trkpt lat="54.650526" lon="-8.096996"><ele>16.1</ele></trkpt><trkpt lat="54.651072" lon="-8.097213"><ele>13.5</ele></trkpt><trkpt lat="54.651631" lon="-8.097363"><ele>11.7</ele></trkpt><trkpt lat="54.651697" lon="-8.097378"><ele>11.5</ele></trkpt><trkpt lat="54.652757" lon="-8.097649"><ele>10</ele></trkpt><trkpt lat="54.652795" lon="-8.097659"><ele>10</ele></trkpt><trkpt lat="54.652861" lon="-8.097677"><ele>10</ele></trkpt><trkpt lat="54.653025" lon="-8.097716"><ele>10</ele></trkpt><trkpt lat="54.6535" lon="-8.097769"><ele>10.3</ele></trkpt><trkpt lat="54.653551" lon="-8.097772"><ele>10.3</ele></trkpt><trkpt lat="54.653824" lon="-8.097795"><ele>10.7</ele></trkpt><trkpt lat="54.654277" lon="-8.09785"><ele>11.5</ele></trkpt><trkpt lat="54.654517" lon="-8.098023"><ele>12.2</ele></trkpt><trkpt lat="54.654569" lon="-8.098074"><ele>12.4</ele></trkpt><trkpt lat="54.654721" lon="-8.098294"><ele>13</ele></trkpt><trkpt lat="54.654924" lon="-8.09877"><ele>14</ele></trkpt><trkpt lat="54.655028" lon="-8.098873"><ele>14.4</ele></trkpt><trkpt lat="54.65498" lon="-8.099099"><ele>14.8</ele></trkpt><trkpt lat="54.654911" lon="-8.099508"><ele>15.7</ele></trkpt><trkpt lat="54.654892" lon="-8.099928"><ele>16.6</ele></trkpt><trkpt lat="54.654825" lon="-8.1009"><ele>18.5</ele></trkpt><trkpt lat="54.654741" lon="-8.102282"><ele>19.5</ele></trkpt><trkpt lat="54.654685" lon="-8.103051"><ele>19.2</ele></trkpt><trkpt lat="54.654682" lon="-8.10439"><ele>17.3</ele></trkpt><trkpt lat="54.654681" lon="-8.104458"><ele>17.2</ele></trkpt><trkpt lat="54.654669" lon="-8.105048"><ele>15.9</ele></trkpt><trkpt lat="54.654544" lon="-8.105867"><ele>14.3</ele></trkpt><trkpt lat="54.654439" lon="-8.106234"><ele>13.7</ele></trkpt><trkpt lat="54.654284" lon="-8.106597"><ele>13</ele></trkpt><trkpt lat="54.654242" lon="-8.106696"><ele>12.8</ele></trkpt><trkpt lat="54.654122" lon="-8.107013"><ele>12.2</ele></trkpt><trkpt lat="54.654031" lon="-8.107323"><ele>11.8</ele></trkpt><trkpt lat="54.653781" lon="-8.108234"><ele>10.6</ele></trkpt><trkpt lat="54.653761" lon="-8.108423"><ele>10.4</ele></trkpt><trkpt lat="54.653766" lon="-8.109477"><ele>9.4</ele></trkpt><trkpt lat="54.653701" lon="-8.109812"><ele>9.2</ele></trkpt><trkpt lat="54.653533" lon="-8.110361"><ele>8.9</ele></trkpt><trkpt lat="54.653513" lon="-8.11052"><ele>8.8</ele></trkpt><trkpt lat="54.653526" lon="-8.110591"><ele>8.7</ele></trkpt><trkpt lat="54.653544" lon="-8.110636"><ele>8.7</ele></trkpt><trkpt lat="54.653644" lon="-8.110692"><ele>8.6</ele></trkpt><trkpt lat="54.654" lon="-8.110615"><ele>8.3</ele></trkpt><trkpt lat="54.654113" lon="-8.110604"><ele>8.1</ele></trkpt><trkpt lat="54.654265" lon="-8.110589"><ele>7.9</ele></trkpt><trkpt lat="54.65439" lon="-8.110703"><ele>7.8</ele></trkpt><trkpt lat="54.654551" lon="-8.110924"><ele>7.9</ele></trkpt><trkpt lat="54.654814" lon="-8.111397"><ele>8.3</ele></trkpt><trkpt lat="54.654832" lon="-8.111485"><ele>8.3</ele></trkpt><trkpt lat="54.654879" lon="-8.112079"><ele>8.9</ele></trkpt><trkpt lat="54.654891" lon="-8.112172"><ele>9.1</ele></trkpt><trkpt lat="54.65494" lon="-8.112306"><ele>9.2</ele></trkpt><trkpt lat="54.655385" lon="-8.113262"><ele>11.6</ele></trkpt><trkpt lat="54.655651" lon="-8.113956"><ele>13.7</ele></trkpt><trkpt lat="54.655788" lon="-8.11439"><ele>14.5</ele></trkpt><trkpt lat="54.655975" lon="-8.114979"><ele>14.9</ele></trkpt><trkpt lat="54.656048" lon="-8.11516"><ele>15</ele></trkpt><trkpt lat="54.656129" lon="-8.115278"><ele>15</ele></trkpt><trkpt lat="54.656098" lon="-8.11541"><ele>15.1</ele></trkpt><trkpt lat="54.65612" lon="-8.115546"><ele>15.1</ele></trkpt><trkpt lat="54.656225" lon="-8.115645"><ele>15.1</ele></trkpt><trkpt lat="54.656329" lon="-8.11556"><ele>15.1</ele></trkpt><trkpt lat="54.656356" lon="-8.115434"><ele>15.1</ele></trkpt><trkpt lat="54.656336" lon="-8.115304"><ele>15.1</ele></trkpt><trkpt lat="54.656372" lon="-8.115106"><ele>15</ele></trkpt><trkpt lat="54.656551" lon="-8.11477"><ele>14.9</ele></trkpt><trkpt lat="54.656624" lon="-8.114631"><ele>14.8</ele></trkpt><trkpt lat="54.656874" lon="-8.114152"><ele>14.4</ele></trkpt><trkpt lat="54.657095" lon="-8.11368"><ele>14.3</ele></trkpt><trkpt lat="54.657554" lon="-8.112631"><ele>14.1</ele></trkpt><trkpt lat="54.657634" lon="-8.112423"><ele>13.9</ele></trkpt><trkpt lat="54.657874" lon="-8.111742"><ele>13.1</ele></trkpt><trkpt lat="54.658109" lon="-8.111311"><ele>12.3</ele></trkpt><trkpt lat="54.658192" lon="-8.111258"><ele>12.1</ele></trkpt><trkpt lat="54.658449" lon="-8.111192"><ele>11.4</ele></trkpt><trkpt lat="54.658518" lon="-8.111123"><ele>11.2</ele></trkpt><trkpt lat="54.658634" lon="-8.110916"><ele>10.9</ele></trkpt><trkpt lat="54.658655" lon="-8.110865"><ele>10.9</ele></trkpt><trkpt lat="54.658915" lon="-8.110229"><ele>10.5</ele></trkpt><trkpt lat="54.659037" lon="-8.109875"><ele>10.7</ele></trkpt><trkpt lat="54.659201" lon="-8.109488"><ele>11.2</ele></trkpt><trkpt lat="54.659571" lon="-8.109068"><ele>12.5</ele></trkpt><trkpt lat="54.65991" lon="-8.108539"><ele>14.4</ele></trkpt><trkpt lat="54.660216" lon="-8.108629"><ele>15.9</ele></trkpt><trkpt lat="54.66044" lon="-8.108636"><ele>16.9</ele></trkpt><trkpt lat="54.660614" lon="-8.108589"><ele>17.6</ele></trkpt><trkpt lat="54.66113" lon="-8.10835"><ele>19.4</ele></trkpt><trkpt lat="54.662144" lon="-8.107869"><ele>21.1</ele></trkpt><trkpt lat="54.662214" lon="-8.107839"><ele>21.1</ele></trkpt><trkpt lat="54.662968" lon="-8.107493"><ele>21.2</ele></trkpt><trkpt lat="54.663903" lon="-8.107035"><ele>21.1</ele></trkpt><trkpt lat="54.664072" lon="-8.106993"><ele>21.1</ele></trkpt><trkpt lat="54.66425" lon="-8.107006"><ele>21.2</ele></trkpt><trkpt lat="54.664912" lon="-8.107218"><ele>21.7</ele></trkpt><trkpt lat="54.665095" lon="-8.107233"><ele>21.9</ele></trkpt><trkpt lat="54.665681" lon="-8.107157"><ele>22.7</ele></trkpt><trkpt lat="54.666073" lon="-8.106999"><ele>23.3</ele></trkpt><trkpt lat="54.66749" lon="-8.106306"><ele>25.7</ele></trkpt><trkpt lat="54.669452" lon="-8.105469"><ele>30.8</ele></trkpt><trkpt lat="54.67004" lon="-8.105215"><ele>32.4</ele></trkpt><trkpt lat="54.670177" lon="-8.105158"><ele>32.8</ele></trkpt><trkpt lat="54.67044" lon="-8.105037"><ele>33.7</ele></trkpt><trkpt lat="54.670748" lon="-8.104774"><ele>34.9</ele></trkpt><trkpt lat="54.671059" lon="-8.104394"><ele>36.4</ele></trkpt><trkpt lat="54.671443" lon="-8.103781"><ele>38.4</ele></trkpt><trkpt lat="54.671557" lon="-8.103573"><ele>38.9</ele></trkpt><trkpt lat="54.671592" lon="-8.103509"><ele>39.1</ele></trkpt><trkpt lat="54.671613" lon="-8.10346"><ele>39.2</ele></trkpt><trkpt lat="54.671819" lon="-8.10297"><ele>40.2</ele></trkpt><trkpt lat="54.672379" lon="-8.100671"><ele>41.2</ele></trkpt><trkpt lat="54.672649" lon="-8.09838"><ele>39.5</ele></trkpt><trkpt lat="54.672677" lon="-8.09819"><ele>39.4</ele></trkpt><trkpt lat="54.672765" lon="-8.097903"><ele>39.2</ele></trkpt><trkpt lat="54.673152" lon="-8.09731"><ele>39</ele></trkpt><trkpt lat="54.674574" lon="-8.095669"><ele>39.3</ele></trkpt><trkpt lat="54.675396" lon="-8.094751"><ele>38.2</ele></trkpt><trkpt lat="54.67561" lon="-8.094488"><ele>37.7</ele></trkpt><trkpt lat="54.675682" lon="-8.094333"><ele>37.5</ele></trkpt><trkpt lat="54.676531" lon="-8.090484"><ele>33.4</ele></trkpt><trkpt lat="54.676826" lon="-8.08945"><ele>33.2</ele></trkpt><trkpt lat="54.677086" lon="-8.088436"><ele>33.9</ele></trkpt><trkpt lat="54.677319" lon="-8.087244"><ele>35.1</ele></trkpt><trkpt lat="54.67764" lon="-8.085878"><ele>36.5</ele></trkpt><trkpt lat="54.677703" lon="-8.085479"><ele>36.8</ele></trkpt><trkpt lat="54.677888" lon="-8.083585"><ele>36.9</ele></trkpt><trkpt lat="54.67802" lon="-8.082697"><ele>36</ele></trkpt><trkpt lat="54.678104" lon="-8.081501"><ele>34.1</ele></trkpt><trkpt lat="54.678238" lon="-8.080691"><ele>32.8</ele></trkpt><trkpt lat="54.678605" lon="-8.079428"><ele>31.5</ele></trkpt><trkpt lat="54.678916" lon="-8.078135"><ele>31.1</ele></trkpt><trkpt lat="54.680115" lon="-8.074305"><ele>29.9</ele></trkpt><trkpt lat="54.680271" lon="-8.073746"><ele>30.1</ele></trkpt><trkpt lat="54.680419" lon="-8.072285"><ele>30.6</ele></trkpt><trkpt lat="54.680488" lon="-8.071379"><ele>30.8</ele></trkpt><trkpt lat="54.680503" lon="-8.070607"><ele>30.7</ele></trkpt><trkpt lat="54.680476" lon="-8.070043"><ele>30.3</ele></trkpt><trkpt lat="54.680435" lon="-8.069276"><ele>29.8</ele></trkpt><trkpt lat="54.680344" lon="-8.068512"><ele>29.1</ele></trkpt><trkpt lat="54.680382" lon="-8.067894"><ele>28.4</ele></trkpt><trkpt lat="54.680404" lon="-8.067652"><ele>28.1</ele></trkpt><trkpt lat="54.680468" lon="-8.066886"><ele>27.4</ele></trkpt><trkpt lat="54.680535" lon="-8.066423"><ele>27.2</ele></trkpt><trkpt lat="54.680877" lon="-8.065375"><ele>27.6</ele></trkpt><trkpt lat="54.681425" lon="-8.064124"><ele>29.5</ele></trkpt><trkpt lat="54.68176" lon="-8.063214"><ele>30.9</ele></trkpt><trkpt lat="54.682805" lon="-8.060103"><ele>32.9</ele></trkpt><trkpt lat="54.683136" lon="-8.059409"><ele>33.5</ele></trkpt><trkpt lat="54.683331" lon="-8.05909"><ele>34</ele></trkpt><trkpt lat="54.683461" lon="-8.058706"><ele>34.5</ele></trkpt><trkpt lat="54.683949" lon="-8.057872"><ele>35.9</ele></trkpt><trkpt lat="54.684567" lon="-8.0567"><ele>37.6</ele></trkpt><trkpt lat="54.685017" lon="-8.055762"><ele>37.9</ele></trkpt><trkpt lat="54.685358" lon="-8.055256"><ele>37.7</ele></trkpt><trkpt lat="54.685683" lon="-8.054656"><ele>37.4</ele></trkpt><trkpt lat="54.685986" lon="-8.053862"><ele>37</ele></trkpt><trkpt lat="54.686112" lon="-8.053474"><ele>36.9</ele></trkpt><trkpt lat="54.68616" lon="-8.052912"><ele>36.7</ele></trkpt><trkpt lat="54.686182" lon="-8.052237"><ele>36.3</ele></trkpt><trkpt lat="54.686182" lon="-8.051412"><ele>35.3</ele></trkpt><trkpt lat="54.686101" lon="-8.050258"><ele>32.9</ele></trkpt><trkpt lat="54.686101" lon="-8.049958"><ele>32.2</ele></trkpt><trkpt lat="54.686186" lon="-8.049633"><ele>31.4</ele></trkpt><trkpt lat="54.686377" lon="-8.049366"><ele>30.6</ele></trkpt><trkpt lat="54.68671" lon="-8.048861"><ele>29.5</ele></trkpt><trkpt lat="54.686989" lon="-8.048396"><ele>28.9</ele></trkpt><trkpt lat="54.687099" lon="-8.048044"><ele>28.9</ele></trkpt><trkpt lat="54.687174" lon="-8.047539"><ele>29.1</ele></trkpt><trkpt lat="54.687157" lon="-8.047061"><ele>29.4</ele></trkpt><trkpt lat="54.687017" lon="-8.046386"><ele>29.9</ele></trkpt><trkpt lat="54.6868" lon="-8.045674"><ele>30.4</ele></trkpt><trkpt lat="54.686366" lon="-8.044539"><ele>31.4</ele></trkpt><trkpt lat="54.685716" lon="-8.042955"><ele>33.2</ele></trkpt><trkpt lat="54.68532" lon="-8.042017"><ele>34</ele></trkpt><trkpt lat="54.685087" lon="-8.041529"><ele>34.2</ele></trkpt><trkpt lat="54.684708" lon="-8.040901"><ele>34.2</ele></trkpt><trkpt lat="54.683776" lon="-8.039532"><ele>34.2</ele></trkpt><trkpt lat="54.682242" lon="-8.03694"><ele>39.4</ele></trkpt><trkpt lat="54.682037" lon="-8.036602"><ele>40.4</ele></trkpt><trkpt lat="54.680972" lon="-8.034899"><ele>43.7</ele></trkpt><trkpt lat="54.681187" lon="-8.034324"><ele>43.7</ele></trkpt><trkpt lat="54.680767" lon="-8.033705"><ele>43.1</ele></trkpt><trkpt lat="54.681131" lon="-8.033184"><ele>42.7</ele></trkpt><trkpt lat="54.681325" lon="-8.032924"><ele>42.7</ele></trkpt><trkpt lat="54.681472" lon="-8.032727"><ele>42.8</ele></trkpt><trkpt lat="54.681649" lon="-8.032383"><ele>43.1</ele></trkpt><trkpt lat="54.681829" lon="-8.031863"><ele>43.9</ele></trkpt><trkpt lat="54.682096" lon="-8.031139"><ele>45.4</ele></trkpt><trkpt lat="54.683635" lon="-8.027401"><ele>55.5</ele></trkpt><trkpt lat="54.684465" lon="-8.024524"><ele>62.5</ele></trkpt><trkpt lat="54.684548" lon="-8.024132"><ele>63.6</ele></trkpt><trkpt lat="54.684989" lon="-8.022105"><ele>69.6</ele></trkpt><trkpt lat="54.685375" lon="-8.020524"><ele>72.9</ele></trkpt><trkpt lat="54.685607" lon="-8.01995"><ele>74.1</ele></trkpt><trkpt lat="54.686126" lon="-8.019288"><ele>76.8</ele></trkpt><trkpt lat="54.686016" lon="-8.018945"><ele>77.9</ele></trkpt><trkpt lat="54.68592" lon="-8.018491"><ele>79.2</ele></trkpt><trkpt lat="54.685886" lon="-8.017997"><ele>80.6</ele></trkpt><trkpt lat="54.685899" lon="-8.017536"><ele>82.2</ele></trkpt><trkpt lat="54.686102" lon="-8.016108"><ele>86.1</ele></trkpt><trkpt lat="54.686181" lon="-8.015728"><ele>86.7</ele></trkpt><trkpt lat="54.686493" lon="-8.014729"><ele>87.9</ele></trkpt><trkpt lat="54.686741" lon="-8.014048"><ele>88.4</ele></trkpt><trkpt lat="54.687693" lon="-8.010904"><ele>89.7</ele></trkpt><trkpt lat="54.687989" lon="-8.010112"><ele>89.9</ele></trkpt><trkpt lat="54.688879" lon="-8.00817"><ele>89.5</ele></trkpt><trkpt lat="54.689306" lon="-8.00694"><ele>88.5</ele></trkpt><trkpt lat="54.689833" lon="-8.005296"><ele>87.2</ele></trkpt><trkpt lat="54.689855" lon="-8.005231"><ele>87.2</ele></trkpt><trkpt lat="54.690035" lon="-8.004623"><ele>86.8</ele></trkpt><trkpt lat="54.690617" lon="-8.002321"><ele>86.2</ele></trkpt><trkpt lat="54.690807" lon="-8.001775"><ele>86.7</ele></trkpt><trkpt lat="54.691806" lon="-7.999404"><ele>92.3</ele></trkpt><trkpt lat="54.69227" lon="-7.99818"><ele>94.5</ele></trkpt><trkpt lat="54.69241" lon="-7.997725"><ele>94.9</ele></trkpt><trkpt lat="54.692583" lon="-7.997"><ele>95.3</ele></trkpt><trkpt lat="54.69276" lon="-7.995982"><ele>95.5</ele></trkpt><trkpt lat="54.693201" lon="-7.99492"><ele>95.6</ele></trkpt><trkpt lat="54.693331" lon="-7.994753"><ele>95.5</ele></trkpt><trkpt lat="54.693538" lon="-7.994586"><ele>95.5</ele></trkpt><trkpt lat="54.693877" lon="-7.994389"><ele>95.4</ele></trkpt><trkpt lat="54.694263" lon="-7.994076"><ele>95.2</ele></trkpt><trkpt lat="54.694533" lon="-7.993797"><ele>95.1</ele></trkpt><trkpt lat="54.695333" lon="-7.992713"><ele>96.3</ele></trkpt><trkpt lat="54.696337" lon="-7.991523"><ele>100.7</ele></trkpt><trkpt lat="54.696877" lon="-7.990628"><ele>103.5</ele></trkpt><trkpt lat="54.697302" lon="-7.989811"><ele>104.8</ele></trkpt><trkpt lat="54.697553" lon="-7.989255"><ele>104.6</ele></trkpt><trkpt lat="54.697841" lon="-7.988744"><ele>103.5</ele></trkpt><trkpt lat="54.698018" lon="-7.988547"><ele>102.6</ele></trkpt><trkpt lat="54.698349" lon="-7.988347"><ele>100.7</ele></trkpt><trkpt lat="54.698706" lon="-7.988289"><ele>98.4</ele></trkpt><trkpt lat="54.699041" lon="-7.988384"><ele>96.1</ele></trkpt><trkpt lat="54.699267" lon="-7.988535"><ele>94.5</ele></trkpt><trkpt lat="54.69985" lon="-7.989198"><ele>91</ele></trkpt><trkpt lat="54.700648" lon="-7.987362"><ele>88.3</ele></trkpt><trkpt lat="54.701379" lon="-7.985785"><ele>87.3</ele></trkpt><trkpt lat="54.702584" lon="-7.983401"><ele>84.4</ele></trkpt><trkpt lat="54.702764" lon="-7.983058"><ele>84.1</ele></trkpt><trkpt lat="54.702906" lon="-7.982786"><ele>84</ele></trkpt><trkpt lat="54.704143" lon="-7.980638"><ele>84</ele></trkpt><trkpt lat="54.704908" lon="-7.979416"><ele>84.6</ele></trkpt><trkpt lat="54.706385" lon="-7.977028"><ele>85.1</ele></trkpt><trkpt lat="54.70758" lon="-7.975094"><ele>86.3</ele></trkpt><trkpt lat="54.709028" lon="-7.972703"><ele>88.9</ele></trkpt><trkpt lat="54.709906" lon="-7.971198"><ele>90.1</ele></trkpt><trkpt lat="54.710527" lon="-7.970068"><ele>90</ele></trkpt><trkpt lat="54.710741" lon="-7.969679"><ele>90</ele></trkpt><trkpt lat="54.712045" lon="-7.967186"><ele>92.3</ele></trkpt><trkpt lat="54.713251" lon="-7.965093"><ele>94.2</ele></trkpt><trkpt lat="54.714372" lon="-7.963324"><ele>94.6</ele></trkpt><trkpt lat="54.717019" lon="-7.959529"><ele>95.2</ele></trkpt><trkpt lat="54.718512" lon="-7.956825"><ele>96.1</ele></trkpt><trkpt lat="54.719268" lon="-7.954907"><ele>97.2</ele></trkpt><trkpt lat="54.719697" lon="-7.954072"><ele>97.9</ele></trkpt><trkpt lat="54.720227" lon="-7.953352"><ele>98.8</ele></trkpt><trkpt lat="54.722115" lon="-7.95111"><ele>102.6</ele></trkpt><trkpt lat="54.722969" lon="-7.949705"><ele>104.1</ele></trkpt><trkpt lat="54.723351" lon="-7.948942"><ele>104.6</ele></trkpt><trkpt lat="54.724521" lon="-7.946244"><ele>106.6</ele></trkpt><trkpt lat="54.724896" lon="-7.945567"><ele>107.6</ele></trkpt><trkpt lat="54.725144" lon="-7.94523"><ele>108.3</ele></trkpt><trkpt lat="54.725316" lon="-7.945053"><ele>108.8</ele></trkpt><trkpt lat="54.726889" lon="-7.943962"><ele>112.4</ele></trkpt><trkpt lat="54.727337" lon="-7.943411"><ele>113.6</ele></trkpt><trkpt lat="54.727793" lon="-7.942561"><ele>115.2</ele></trkpt><trkpt lat="54.728411" lon="-7.941623"><ele>117.3</ele></trkpt><trkpt lat="54.728794" lon="-7.941327"><ele>118.4</ele></trkpt><trkpt lat="54.729948" lon="-7.940699"><ele>121.5</ele></trkpt><trkpt lat="54.730298" lon="-7.940371"><ele>122.6</ele></trkpt><trkpt lat="54.730631" lon="-7.940002"><ele>123.6</ele></trkpt><trkpt lat="54.731205" lon="-7.93914"><ele>125.8</ele></trkpt><trkpt lat="54.731312" lon="-7.938968"><ele>126.2</ele></trkpt><trkpt lat="54.731867" lon="-7.9381"><ele>128.5</ele></trkpt><trkpt lat="54.732604" lon="-7.93705"><ele>131.8</ele></trkpt><trkpt lat="54.733936" lon="-7.935649"><ele>137.5</ele></trkpt><trkpt lat="54.734553" lon="-7.935"><ele>140.1</ele></trkpt><trkpt lat="54.73516" lon="-7.934398"><ele>142.5</ele></trkpt><trkpt lat="54.735676" lon="-7.933858"><ele>144.6</ele></trkpt><trkpt lat="54.736132" lon="-7.933261"><ele>146.7</ele></trkpt><trkpt lat="54.736767" lon="-7.932167"><ele>149.9</ele></trkpt><trkpt lat="54.737384" lon="-7.930929"><ele>153.3</ele></trkpt><trkpt lat="54.737447" lon="-7.93082"><ele>153.6</ele></trkpt><trkpt lat="54.738023" lon="-7.92986"><ele>156.4</ele></trkpt><trkpt lat="54.738648" lon="-7.928949"><ele>158.8</ele></trkpt><trkpt lat="54.738892" lon="-7.928614"><ele>159.5</ele></trkpt><trkpt lat="54.739363" lon="-7.928116"><ele>160.5</ele></trkpt><trkpt lat="54.739753" lon="-7.927808"><ele>161.3</ele></trkpt><trkpt lat="54.740105" lon="-7.927588"><ele>162.3</ele></trkpt><trkpt lat="54.740542" lon="-7.927401"><ele>163.7</ele></trkpt><trkpt lat="54.74105" lon="-7.927098"><ele>165.7</ele></trkpt><trkpt lat="54.742647" lon="-7.925563"><ele>171.7</ele></trkpt><trkpt lat="54.743134" lon="-7.925003"><ele>173.1</ele></trkpt><trkpt lat="54.74333" lon="-7.924681"><ele>173.7</ele></trkpt><trkpt lat="54.743537" lon="-7.924139"><ele>174.4</ele></trkpt><trkpt lat="54.743641" lon="-7.923805"><ele>174.7</ele></trkpt><trkpt lat="54.74389" lon="-7.922763"><ele>175.6</ele></trkpt><trkpt lat="54.744108" lon="-7.921752"><ele>176.4</ele></trkpt><trkpt lat="54.744224" lon="-7.92137"><ele>176.6</ele></trkpt><trkpt lat="54.744499" lon="-7.920699"><ele>177</ele></trkpt><trkpt lat="54.744" lon="-7.920212"><ele>177.3</ele></trkpt><trkpt lat="54.743777" lon="-7.919185"><ele>177.8</ele></trkpt><trkpt lat="54.743675" lon="-7.918583"><ele>178.1</ele></trkpt><trkpt lat="54.743643" lon="-7.917734"><ele>178.6</ele></trkpt><trkpt lat="54.743651" lon="-7.916736"><ele>179.3</ele></trkpt><trkpt lat="54.743628" lon="-7.915767"><ele>179.7</ele></trkpt><trkpt lat="54.743504" lon="-7.914801"><ele>179.6</ele></trkpt><trkpt lat="54.743399" lon="-7.914354"><ele>179.4</ele></trkpt><trkpt lat="54.743329" lon="-7.914149"><ele>179.2</ele></trkpt><trkpt lat="54.742447" lon="-7.912305"><ele>176.8</ele></trkpt><trkpt lat="54.742092" lon="-7.911675"><ele>175.7</ele></trkpt><trkpt lat="54.739608" lon="-7.907889"><ele>168.1</ele></trkpt><trkpt lat="54.739273" lon="-7.9071"><ele>167.1</ele></trkpt><trkpt lat="54.739183" lon="-7.906797"><ele>166.8</ele></trkpt><trkpt lat="54.739145" lon="-7.906471"><ele>166.5</ele></trkpt><trkpt lat="54.739143" lon="-7.90624"><ele>166.3</ele></trkpt><trkpt lat="54.739224" lon="-7.905157"><ele>165.4</ele></trkpt><trkpt lat="54.739345" lon="-7.904529"><ele>164.8</ele></trkpt><trkpt lat="54.739945" lon="-7.90197"><ele>163.4</ele></trkpt><trkpt lat="54.740005" lon="-7.901613"><ele>163.5</ele></trkpt><trkpt lat="54.740038" lon="-7.900875"><ele>163.8</ele></trkpt><trkpt lat="54.740041" lon="-7.900787"><ele>163.9</ele></trkpt><trkpt lat="54.740129" lon="-7.897209"><ele>167.4</ele></trkpt><trkpt lat="54.74008" lon="-7.896842"><ele>167.6</ele></trkpt><trkpt lat="54.739975" lon="-7.896366"><ele>167.9</ele></trkpt><trkpt lat="54.739625" lon="-7.895484"><ele>168.2</ele></trkpt><trkpt lat="54.739187" lon="-7.89488"><ele>168.7</ele></trkpt><trkpt lat="54.73831" lon="-7.893807"><ele>169.6</ele></trkpt><trkpt lat="54.738071" lon="-7.893351"><ele>169.8</ele></trkpt><trkpt lat="54.738014" lon="-7.893119"><ele>169.9</ele></trkpt><trkpt lat="54.737922" lon="-7.892403"><ele>170.1</ele></trkpt><trkpt lat="54.737558" lon="-7.890555"><ele>170</ele></trkpt><trkpt lat="54.737022" lon="-7.88756"><ele>167.4</ele></trkpt><trkpt lat="54.736656" lon="-7.88485"><ele>162.9</ele></trkpt><trkpt lat="54.736139" lon="-7.880423"><ele>157.5</ele></trkpt><trkpt lat="54.73611" lon="-7.878428"><ele>155.1</ele></trkpt><trkpt lat="54.736233" lon="-7.876565"><ele>152.5</ele></trkpt><trkpt lat="54.736328" lon="-7.875607"><ele>150.9</ele></trkpt><trkpt lat="54.736405" lon="-7.875185"><ele>150.1</ele></trkpt><trkpt lat="54.736432" lon="-7.874876"><ele>149.6</ele></trkpt><trkpt lat="54.736388" lon="-7.873903"><ele>148.4</ele></trkpt><trkpt lat="54.736382" lon="-7.873781"><ele>148.3</ele></trkpt><trkpt lat="54.73646" lon="-7.873338"><ele>148</ele></trkpt><trkpt lat="54.73693" lon="-7.871735"><ele>148.3</ele></trkpt><trkpt lat="54.737527" lon="-7.869842"><ele>150</ele></trkpt><trkpt lat="54.737914" lon="-7.867582"><ele>150.7</ele></trkpt><trkpt lat="54.737967" lon="-7.86709"><ele>150.7</ele></trkpt><trkpt lat="54.738292" lon="-7.857719"><ele>149.1</ele></trkpt><trkpt lat="54.738413" lon="-7.855768"><ele>148.9</ele></trkpt><trkpt lat="54.73877" lon="-7.851144"><ele>147.7</ele></trkpt><trkpt lat="54.738787" lon="-7.850299"><ele>147.3</ele></trkpt><trkpt lat="54.738682" lon="-7.849335"><ele>146.5</ele></trkpt><trkpt lat="54.738523" lon="-7.84852"><ele>145.4</ele></trkpt><trkpt lat="54.740123" lon="-7.847499"><ele>139.7</ele></trkpt><trkpt lat="54.741317" lon="-7.846858"><ele>136.4</ele></trkpt><trkpt lat="54.741685" lon="-7.846746"><ele>135.9</ele></trkpt><trkpt lat="54.741951" lon="-7.846713"><ele>135.5</ele></trkpt><trkpt lat="54.742507" lon="-7.84678"><ele>135.1</ele></trkpt><trkpt lat="54.742659" lon="-7.846793"><ele>135</ele></trkpt><trkpt lat="54.742843" lon="-7.846812"><ele>134.9</ele></trkpt><trkpt lat="54.743119" lon="-7.846616"><ele>134.9</ele></trkpt><trkpt lat="54.74332" lon="-7.846197"><ele>134.9</ele></trkpt><trkpt lat="54.743508" lon="-7.845469"><ele>135.3</ele></trkpt><trkpt lat="54.743652" lon="-7.84514"><ele>135.6</ele></trkpt><trkpt lat="54.743913" lon="-7.844851"><ele>136.1</ele></trkpt><trkpt lat="54.744804" lon="-7.844148"><ele>138.5</ele></trkpt><trkpt lat="54.744919" lon="-7.844097"><ele>138.8</ele></trkpt><trkpt lat="54.745895" lon="-7.843252"><ele>141.8</ele></trkpt><trkpt lat="54.746505" lon="-7.84275"><ele>143.4</ele></trkpt><trkpt lat="54.746824" lon="-7.842447"><ele>144.3</ele></trkpt><trkpt lat="54.747201" lon="-7.842021"><ele>145.2</ele></trkpt><trkpt lat="54.747918" lon="-7.841277"><ele>146.9</ele></trkpt><trkpt lat="54.750473" lon="-7.838765"><ele>153.1</ele></trkpt><trkpt lat="54.750715" lon="-7.838497"><ele>153.7</ele></trkpt><trkpt lat="54.751098" lon="-7.837966"><ele>154.7</ele></trkpt><trkpt lat="54.753068" lon="-7.83564"><ele>160.6</ele></trkpt><trkpt lat="54.753836" lon="-7.834658"><ele>164.1</ele></trkpt><trkpt lat="54.754709" lon="-7.833616"><ele>169</ele></trkpt><trkpt lat="54.75496" lon="-7.833217"><ele>170.4</ele></trkpt><trkpt lat="54.755116" lon="-7.832891"><ele>171.3</ele></trkpt><trkpt lat="54.755617" lon="-7.831613"><ele>173.3</ele></trkpt><trkpt lat="54.756483" lon="-7.829131"><ele>173.8</ele></trkpt><trkpt lat="54.75668" lon="-7.828835"><ele>173.9</ele></trkpt><trkpt lat="54.75707" lon="-7.828419"><ele>174</ele></trkpt><trkpt lat="54.760185" lon="-7.825289"><ele>178.5</ele></trkpt><trkpt lat="54.761101" lon="-7.824492"><ele>180.1</ele></trkpt><trkpt lat="54.762228" lon="-7.823442"><ele>181.8</ele></trkpt><trkpt lat="54.762581" lon="-7.823165"><ele>182.2</ele></trkpt><trkpt lat="54.762922" lon="-7.822996"><ele>182.2</ele></trkpt><trkpt lat="54.763575" lon="-7.822571"><ele>181</ele></trkpt><trkpt lat="54.767076" lon="-7.820893"><ele>161.2</ele></trkpt><trkpt lat="54.769447" lon="-7.819825"><ele>146.2</ele></trkpt><trkpt lat="54.769647" lon="-7.819807"><ele>145.1</ele></trkpt><trkpt lat="54.770159" lon="-7.820085"><ele>142.4</ele></trkpt><trkpt lat="54.770328" lon="-7.820094"><ele>141.6</ele></trkpt><trkpt lat="54.770556" lon="-7.819972"><ele>140.4</ele></trkpt><trkpt lat="54.770964" lon="-7.819559"><ele>138.2</ele></trkpt><trkpt lat="54.771096" lon="-7.819436"><ele>137.5</ele></trkpt><trkpt lat="54.771618" lon="-7.818952"><ele>134.5</ele></trkpt><trkpt lat="54.771762" lon="-7.818873"><ele>133.7</ele></trkpt><trkpt lat="54.773421" lon="-7.818178"><ele>123.7</ele></trkpt><trkpt lat="54.775048" lon="-7.817437"><ele>115</ele></trkpt><trkpt lat="54.77585" lon="-7.817117"><ele>110.7</ele></trkpt><trkpt lat="54.776373" lon="-7.816855"><ele>107.8</ele></trkpt><trkpt lat="54.777048" lon="-7.816588"><ele>104.1</ele></trkpt><trkpt lat="54.77721" lon="-7.816531"><ele>103.3</ele></trkpt><trkpt lat="54.777478" lon="-7.816429"><ele>101.9</ele></trkpt><trkpt lat="54.777709" lon="-7.816331"><ele>100.8</ele></trkpt><trkpt lat="54.777866" lon="-7.816262"><ele>100.1</ele></trkpt><trkpt lat="54.779768" lon="-7.815429"><ele>93.4</ele></trkpt><trkpt lat="54.779924" lon="-7.815312"><ele>93.2</ele></trkpt><trkpt lat="54.780323" lon="-7.814858"><ele>93.2</ele></trkpt><trkpt lat="54.780441" lon="-7.814234"><ele>93.5</ele></trkpt><trkpt lat="54.780546" lon="-7.813674"><ele>94</ele></trkpt><trkpt lat="54.780688" lon="-7.812924"><ele>95.1</ele></trkpt><trkpt lat="54.780716" lon="-7.812766"><ele>95.4</ele></trkpt><trkpt lat="54.7809" lon="-7.811741"><ele>96.5</ele></trkpt><trkpt lat="54.780913" lon="-7.81167"><ele>96.5</ele></trkpt><trkpt lat="54.780982" lon="-7.811279"><ele>96.8</ele></trkpt><trkpt lat="54.781034" lon="-7.811033"><ele>97</ele></trkpt><trkpt lat="54.781052" lon="-7.810948"><ele>97</ele></trkpt><trkpt lat="54.781158" lon="-7.810465"><ele>97</ele></trkpt><trkpt lat="54.781243" lon="-7.810097"><ele>96.9</ele></trkpt><trkpt lat="54.781345" lon="-7.809602"><ele>96.9</ele></trkpt><trkpt lat="54.781415" lon="-7.808854"><ele>96.7</ele></trkpt><trkpt lat="54.781426" lon="-7.808717"><ele>96.7</ele></trkpt><trkpt lat="54.781438" lon="-7.808571"><ele>96.7</ele></trkpt><trkpt lat="54.781461" lon="-7.808291"><ele>96.6</ele></trkpt><trkpt lat="54.781631" lon="-7.8069"><ele>96.3</ele></trkpt><trkpt lat="54.781657" lon="-7.806657"><ele>96.2</ele></trkpt><trkpt lat="54.781687" lon="-7.8064"><ele>96.2</ele></trkpt><trkpt lat="54.781707" lon="-7.806226"><ele>96.2</ele></trkpt><trkpt lat="54.781715" lon="-7.80568"><ele>95.7</ele></trkpt><trkpt lat="54.781746" lon="-7.805174"><ele>94.8</ele></trkpt><trkpt lat="54.781739" lon="-7.804705"><ele>93.8</ele></trkpt><trkpt lat="54.781773" lon="-7.804521"><ele>93.3</ele></trkpt><trkpt lat="54.781952" lon="-7.804175"><ele>92.1</ele></trkpt><trkpt lat="54.78206" lon="-7.803992"><ele>91.4</ele></trkpt><trkpt lat="54.782186" lon="-7.803777"><ele>90.5</ele></trkpt><trkpt lat="54.782295" lon="-7.803591"><ele>89.6</ele></trkpt><trkpt lat="54.782358" lon="-7.803485"><ele>89.1</ele></trkpt><trkpt lat="54.782545" lon="-7.803166"><ele>87.4</ele></trkpt><trkpt lat="54.78264" lon="-7.80301"><ele>86.6</ele></trkpt><trkpt lat="54.782682" lon="-7.802942"><ele>86.2</ele></trkpt><trkpt lat="54.782875" lon="-7.802624"><ele>84.5</ele></trkpt><trkpt lat="54.783042" lon="-7.802321"><ele>82.9</ele></trkpt><trkpt lat="54.783123" lon="-7.802177"><ele>82.2</ele></trkpt><trkpt lat="54.783349" lon="-7.8019"><ele>80.4</ele></trkpt><trkpt lat="54.783407" lon="-7.801831"><ele>80</ele></trkpt><trkpt lat="54.783498" lon="-7.801664"><ele>79.1</ele></trkpt><trkpt lat="54.783593" lon="-7.801474"><ele>78.1</ele></trkpt><trkpt lat="54.783672" lon="-7.80126"><ele>77.1</ele></trkpt><trkpt lat="54.783753" lon="-7.800574"><ele>74.4</ele></trkpt><trkpt lat="54.783784" lon="-7.800478"><ele>73.9</ele></trkpt><trkpt lat="54.78385" lon="-7.800399"><ele>73.4</ele></trkpt><trkpt lat="54.784063" lon="-7.800419"><ele>71.9</ele></trkpt><trkpt lat="54.784225" lon="-7.800363"><ele>70.7</ele></trkpt><trkpt lat="54.784365" lon="-7.800238"><ele>69.7</ele></trkpt><trkpt lat="54.784526" lon="-7.80005"><ele>68.3</ele></trkpt><trkpt lat="54.784865" lon="-7.799539"><ele>65.1</ele></trkpt><trkpt lat="54.785139" lon="-7.799109"><ele>62.3</ele></trkpt><trkpt lat="54.786487" lon="-7.797548"><ele>50.5</ele></trkpt><trkpt lat="54.786981" lon="-7.796921"><ele>46</ele></trkpt><trkpt lat="54.787287" lon="-7.796595"><ele>43.4</ele></trkpt><trkpt lat="54.788197" lon="-7.795698"><ele>37.3</ele></trkpt><trkpt lat="54.788339" lon="-7.795481"><ele>36.3</ele></trkpt><trkpt lat="54.788423" lon="-7.795222"><ele>35.5</ele></trkpt><trkpt lat="54.788501" lon="-7.794807"><ele>34.4</ele></trkpt><trkpt lat="54.78866" lon="-7.7944"><ele>33.4</ele></trkpt><trkpt lat="54.788774" lon="-7.794147"><ele>32.8</ele></trkpt><trkpt lat="54.788891" lon="-7.793829"><ele>32.2</ele></trkpt><trkpt lat="54.789552" lon="-7.791991"><ele>29.4</ele></trkpt><trkpt lat="54.789686" lon="-7.791431"><ele>29.1</ele></trkpt><trkpt lat="54.789729" lon="-7.79115"><ele>28.9</ele></trkpt><trkpt lat="54.789789" lon="-7.790723"><ele>28.8</ele></trkpt><trkpt lat="54.789891" lon="-7.790036"><ele>28.5</ele></trkpt><trkpt lat="54.789946" lon="-7.789894"><ele>28.5</ele></trkpt><trkpt lat="54.790527" lon="-7.788784"><ele>27.2</ele></trkpt><trkpt lat="54.790716" lon="-7.788355"><ele>26.7</ele></trkpt><trkpt lat="54.790965" lon="-7.787641"><ele>25.9</ele></trkpt><trkpt lat="54.791277" lon="-7.786702"><ele>24.7</ele></trkpt><trkpt lat="54.791317" lon="-7.78657"><ele>24.6</ele></trkpt><trkpt lat="54.791356" lon="-7.786055"><ele>24.1</ele></trkpt><trkpt lat="54.791372" lon="-7.785853"><ele>24</ele></trkpt><trkpt lat="54.791374" lon="-7.785833"><ele>24</ele></trkpt><trkpt lat="54.791401" lon="-7.785483"><ele>23.7</ele></trkpt><trkpt lat="54.791409" lon="-7.785385"><ele>23.6</ele></trkpt><trkpt lat="54.791427" lon="-7.785174"><ele>23.5</ele></trkpt><trkpt lat="54.791448" lon="-7.785082"><ele>23.4</ele></trkpt><trkpt lat="54.791487" lon="-7.784915"><ele>23.2</ele></trkpt><trkpt lat="54.791664" lon="-7.784456"><ele>22.7</ele></trkpt><trkpt lat="54.791718" lon="-7.784313"><ele>22.6</ele></trkpt><trkpt lat="54.791736" lon="-7.784258"><ele>22.5</ele></trkpt><trkpt lat="54.791833" lon="-7.783962"><ele>22.2</ele></trkpt><trkpt lat="54.791847" lon="-7.783918"><ele>22.1</ele></trkpt><trkpt lat="54.791909" lon="-7.783728"><ele>21.9</ele></trkpt><trkpt lat="54.792154" lon="-7.782985"><ele>21</ele></trkpt><trkpt lat="54.792371" lon="-7.782328"><ele>20.3</ele></trkpt><trkpt lat="54.792402" lon="-7.782232"><ele>20.2</ele></trkpt><trkpt lat="54.792476" lon="-7.781989"><ele>20</ele></trkpt><trkpt lat="54.792489" lon="-7.781946"><ele>19.9</ele></trkpt><trkpt lat="54.792524" lon="-7.781833"><ele>19.8</ele></trkpt><trkpt lat="54.793045" lon="-7.780033"><ele>19.4</ele></trkpt><trkpt lat="54.793084" lon="-7.779892"><ele>19.4</ele></trkpt><trkpt lat="54.793217" lon="-7.779414"><ele>19.6</ele></trkpt><trkpt lat="54.793314" lon="-7.779067"><ele>19.8</ele></trkpt><trkpt lat="54.793384" lon="-7.778843"><ele>19.9</ele></trkpt><trkpt lat="54.793421" lon="-7.778739"><ele>20</ele></trkpt><trkpt lat="54.793517" lon="-7.778515"><ele>20.1</ele></trkpt><trkpt lat="54.793703" lon="-7.77815"><ele>20.2</ele></trkpt><trkpt lat="54.793733" lon="-7.778096"><ele>20.3</ele></trkpt><trkpt lat="54.793859" lon="-7.777869"><ele>20.3</ele></trkpt><trkpt lat="54.793909" lon="-7.777779"><ele>20.3</ele></trkpt><trkpt lat="54.794161" lon="-7.777324"><ele>20.3</ele></trkpt><trkpt lat="54.794302" lon="-7.777004"><ele>20.1</ele></trkpt><trkpt lat="54.794343" lon="-7.776911"><ele>20.1</ele></trkpt><trkpt lat="54.794399" lon="-7.776784"><ele>20</ele></trkpt><trkpt lat="54.794671" lon="-7.776208"><ele>19.8</ele></trkpt><trkpt lat="54.794955" lon="-7.775528"><ele>19.6</ele></trkpt><trkpt lat="54.795179" lon="-7.774989"><ele>19.5</ele></trkpt><trkpt lat="54.795168" lon="-7.77494"><ele>19.5</ele></trkpt><trkpt lat="54.795075" lon="-7.774468"><ele>19.5</ele></trkpt><trkpt lat="54.795044" lon="-7.774208"><ele>19.5</ele></trkpt><trkpt lat="54.795035" lon="-7.773823"><ele>19.5</ele></trkpt><trkpt lat="54.795129" lon="-7.773048"><ele>19.5</ele></trkpt><trkpt lat="54.795135" lon="-7.773015"><ele>19.5</ele></trkpt><trkpt lat="54.795231" lon="-7.772564"><ele>19.5</ele></trkpt><trkpt lat="54.795354" lon="-7.772168"><ele>19.4</ele></trkpt><trkpt lat="54.795547" lon="-7.771601"><ele>19.3</ele></trkpt><trkpt lat="54.795696" lon="-7.771181"><ele>19.3</ele></trkpt><trkpt lat="54.795784" lon="-7.770933"><ele>19.3</ele></trkpt><trkpt lat="54.795878" lon="-7.770659"><ele>19.3</ele></trkpt><trkpt lat="54.795965" lon="-7.770401"><ele>19.4</ele></trkpt><trkpt lat="54.796139" lon="-7.769777"><ele>19.6</ele></trkpt><trkpt lat="54.79618" lon="-7.769574"><ele>19.7</ele></trkpt><trkpt lat="54.796201" lon="-7.769466"><ele>19.7</ele></trkpt><trkpt lat="54.796257" lon="-7.769111"><ele>19.9</ele></trkpt><trkpt lat="54.79628" lon="-7.768956"><ele>19.9</ele></trkpt><trkpt lat="54.796291" lon="-7.768869"><ele>20</ele></trkpt><trkpt lat="54.796337" lon="-7.76837"><ele>20.3</ele></trkpt><trkpt lat="54.796342" lon="-7.768288"><ele>20.3</ele></trkpt><trkpt lat="54.796353" lon="-7.768141"><ele>20.4</ele></trkpt><trkpt lat="54.796366" lon="-7.767943"><ele>20.5</ele></trkpt><trkpt lat="54.796401" lon="-7.767387"><ele>20.8</ele></trkpt><trkpt lat="54.796409" lon="-7.767268"><ele>20.9</ele></trkpt><trkpt lat="54.796416" lon="-7.767155"><ele>21</ele></trkpt><trkpt lat="54.796437" lon="-7.766856"><ele>21.1</ele></trkpt><trkpt lat="54.796475" lon="-7.766332"><ele>21.3</ele></trkpt><trkpt lat="54.796484" lon="-7.766192"><ele>21.4</ele></trkpt><trkpt lat="54.796524" lon="-7.765685"><ele>21.5</ele></trkpt><trkpt lat="54.796546" lon="-7.7654"><ele>21.6</ele></trkpt><trkpt lat="54.796558" lon="-7.765233"><ele>21.6</ele></trkpt><trkpt lat="54.796596" lon="-7.76473"><ele>21.8</ele></trkpt><trkpt lat="54.796603" lon="-7.764636"><ele>21.8</ele></trkpt><trkpt lat="54.796635" lon="-7.764079"><ele>21.6</ele></trkpt><trkpt lat="54.796656" lon="-7.763715"><ele>21.4</ele></trkpt><trkpt lat="54.796663" lon="-7.763572"><ele>21.3</ele></trkpt><trkpt lat="54.796668" lon="-7.763403"><ele>21.1</ele></trkpt><trkpt lat="54.796681" lon="-7.762945"><ele>20.6</ele></trkpt><trkpt lat="54.796911" lon="-7.76297"><ele>20.1</ele></trkpt><trkpt lat="54.79771" lon="-7.763073"><ele>17.6</ele></trkpt><trkpt lat="54.798287" lon="-7.763185"><ele>15.5</ele></trkpt><trkpt lat="54.798638" lon="-7.763307"><ele>14.6</ele></trkpt><trkpt lat="54.798945" lon="-7.763477"><ele>14</ele></trkpt><trkpt lat="54.79932" lon="-7.763703"><ele>13.6</ele></trkpt><trkpt lat="54.799739" lon="-7.763909"><ele>13.4</ele></trkpt><trkpt lat="54.800268" lon="-7.764072"><ele>13.7</ele></trkpt><trkpt lat="54.801004" lon="-7.764141"><ele>14.4</ele></trkpt><trkpt lat="54.80133" lon="-7.764208"><ele>15</ele></trkpt><trkpt lat="54.801546" lon="-7.764322"><ele>15.6</ele></trkpt><trkpt lat="54.801798" lon="-7.764523"><ele>16.3</ele></trkpt><trkpt lat="54.801909" lon="-7.764653"><ele>16.6</ele></trkpt><trkpt lat="54.801928" lon="-7.764677"><ele>16.7</ele></trkpt><trkpt lat="54.802228" lon="-7.765099"><ele>17.8</ele></trkpt><trkpt lat="54.802293" lon="-7.765192"><ele>18</ele></trkpt><trkpt lat="54.802515" lon="-7.765503"><ele>18.9</ele></trkpt><trkpt lat="54.802698" lon="-7.765758"><ele>19.6</ele></trkpt><trkpt lat="54.802712" lon="-7.765778"><ele>19.6</ele></trkpt><trkpt lat="54.802816" lon="-7.765909"><ele>19.9</ele></trkpt><trkpt lat="54.803055" lon="-7.766202"><ele>20.7</ele></trkpt><trkpt lat="54.803097" lon="-7.766248"><ele>20.8</ele></trkpt><trkpt lat="54.803323" lon="-7.7665"><ele>21.6</ele></trkpt><trkpt lat="54.803367" lon="-7.766549"><ele>21.8</ele></trkpt><trkpt lat="54.803596" lon="-7.766779"><ele>22.8</ele></trkpt><trkpt lat="54.803875" lon="-7.767017"><ele>24.3</ele></trkpt><trkpt lat="54.80467" lon="-7.767505"><ele>27.5</ele></trkpt><trkpt lat="54.804722" lon="-7.767521"><ele>27.7</ele></trkpt><trkpt lat="54.804827" lon="-7.767522"><ele>28</ele></trkpt><trkpt lat="54.804882" lon="-7.767498"><ele>28.2</ele></trkpt><trkpt lat="54.804783" lon="-7.766921"><ele>28.9</ele></trkpt><trkpt lat="54.804683" lon="-7.766308"><ele>29.3</ele></trkpt><trkpt lat="54.804601" lon="-7.765505"><ele>28.7</ele></trkpt><trkpt lat="54.804569" lon="-7.765022"><ele>28.2</ele></trkpt><trkpt lat="54.804561" lon="-7.764876"><ele>28</ele></trkpt><trkpt lat="54.804555" lon="-7.764632"><ele>27.7</ele></trkpt><trkpt lat="54.804551" lon="-7.764467"><ele>27.6</ele></trkpt><trkpt lat="54.804541" lon="-7.763979"><ele>27.3</ele></trkpt><trkpt lat="54.804541" lon="-7.763801"><ele>27.3</ele></trkpt><trkpt lat="54.80454" lon="-7.76363"><ele>27.3</ele></trkpt><trkpt lat="54.80454" lon="-7.763509"><ele>27.4</ele></trkpt><trkpt lat="54.804537" lon="-7.763297"><ele>27.4</ele></trkpt><trkpt lat="54.804536" lon="-7.763274"><ele>27.5</ele></trkpt><trkpt lat="54.804533" lon="-7.76311"><ele>27.5</ele></trkpt><trkpt lat="54.804529" lon="-7.762943"><ele>27.6</ele></trkpt><trkpt lat="54.804528" lon="-7.762862"><ele>27.7</ele></trkpt><trkpt lat="54.80457" lon="-7.762837"><ele>27.7</ele></trkpt><trkpt lat="54.804738" lon="-7.762739"><ele>28</ele></trkpt><trkpt lat="54.804774" lon="-7.762718"><ele>28</ele></trkpt><trkpt lat="54.804839" lon="-7.762687"><ele>28.2</ele></trkpt><trkpt lat="54.804851" lon="-7.762681"><ele>28.2</ele></trkpt><trkpt lat="54.804947" lon="-7.762635"><ele>28.4</ele></trkpt><trkpt lat="54.805032" lon="-7.762595"><ele>28.6</ele></trkpt><trkpt lat="54.805078" lon="-7.762573"><ele>28.8</ele></trkpt><trkpt lat="54.805615" lon="-7.762504"><ele>31.1</ele></trkpt><trkpt lat="54.805656" lon="-7.762504"><ele>31.4</ele></trkpt><trkpt lat="54.805714" lon="-7.762477"><ele>31.7</ele></trkpt><trkpt lat="54.80584" lon="-7.762343"><ele>32.5</ele></trkpt><trkpt lat="54.806411" lon="-7.76156"><ele>36.2</ele></trkpt><trkpt lat="54.806532" lon="-7.76139"><ele>37</ele></trkpt><trkpt lat="54.806696" lon="-7.761132"><ele>38.1</ele></trkpt><trkpt lat="54.807167" lon="-7.760534"><ele>40.6</ele></trkpt><trkpt lat="54.8075" lon="-7.760143"><ele>41.8</ele></trkpt><trkpt lat="54.807701" lon="-7.759856"><ele>42.5</ele></trkpt><trkpt lat="54.807999" lon="-7.759385"><ele>43.6</ele></trkpt><trkpt lat="54.808055" lon="-7.759296"><ele>43.8</ele></trkpt><trkpt lat="54.808066" lon="-7.759278"><ele>43.8</ele></trkpt><trkpt lat="54.808145" lon="-7.759151"><ele>44</ele></trkpt><trkpt lat="54.808336" lon="-7.758845"><ele>44.6</ele></trkpt><trkpt lat="54.808465" lon="-7.758645"><ele>44.9</ele></trkpt><trkpt lat="54.80861" lon="-7.75842"><ele>45.2</ele></trkpt><trkpt lat="54.809148" lon="-7.757593"><ele>46.1</ele></trkpt><trkpt lat="54.809468" lon="-7.756862"><ele>46.6</ele></trkpt><trkpt lat="54.810553" lon="-7.754408"><ele>47.7</ele></trkpt><trkpt lat="54.810893" lon="-7.753318"><ele>48.4</ele></trkpt><trkpt lat="54.811067" lon="-7.752773"><ele>49</ele></trkpt><trkpt lat="54.811202" lon="-7.752489"><ele>49.4</ele></trkpt><trkpt lat="54.812226" lon="-7.750645"><ele>50.6</ele></trkpt><trkpt lat="54.811955" lon="-7.749853"><ele>49.2</ele></trkpt><trkpt lat="54.811837" lon="-7.749424"><ele>48</ele></trkpt><trkpt lat="54.81165" lon="-7.748538"><ele>45.1</ele></trkpt><trkpt lat="54.811642" lon="-7.748194"><ele>44</ele></trkpt><trkpt lat="54.811705" lon="-7.747126"><ele>41.2</ele></trkpt><trkpt lat="54.811747" lon="-7.746867"><ele>40.7</ele></trkpt><trkpt lat="54.81181" lon="-7.74669"><ele>40.3</ele></trkpt><trkpt lat="54.812335" lon="-7.745531"><ele>38.2</ele></trkpt><trkpt lat="54.813143" lon="-7.743022"><ele>35.3</ele></trkpt><trkpt lat="54.813436" lon="-7.741987"><ele>34.7</ele></trkpt><trkpt lat="54.814041" lon="-7.739271"><ele>34.9</ele></trkpt><trkpt lat="54.814307" lon="-7.738187"><ele>36.2</ele></trkpt><trkpt lat="54.81462" lon="-7.736694"><ele>39.2</ele></trkpt><trkpt lat="54.814913" lon="-7.735362"><ele>42.4</ele></trkpt><trkpt lat="54.81503" lon="-7.734303"><ele>44.8</ele></trkpt><trkpt lat="54.815111" lon="-7.733305"><ele>47.1</ele></trkpt><trkpt lat="54.815135" lon="-7.731628"><ele>52</ele></trkpt><trkpt lat="54.815203" lon="-7.731124"><ele>54</ele></trkpt><trkpt lat="54.815345" lon="-7.730577"><ele>56.5</ele></trkpt><trkpt lat="54.815463" lon="-7.730001"><ele>59.2</ele></trkpt><trkpt lat="54.815495" lon="-7.729724"><ele>60.4</ele></trkpt><trkpt lat="54.815468" lon="-7.729295"><ele>62.4</ele></trkpt><trkpt lat="54.81542" lon="-7.729143"><ele>63.3</ele></trkpt><trkpt lat="54.815178" lon="-7.728646"><ele>66.6</ele></trkpt><trkpt lat="54.815098" lon="-7.728335"><ele>68.3</ele></trkpt><trkpt lat="54.815085" lon="-7.728188"><ele>69.1</ele></trkpt><trkpt lat="54.815067" lon="-7.727973"><ele>70.1</ele></trkpt><trkpt lat="54.815104" lon="-7.727648"><ele>71.5</ele></trkpt><trkpt lat="54.815233" lon="-7.726977"><ele>74.2</ele></trkpt><trkpt lat="54.81532" lon="-7.726607"><ele>75.5</ele></trkpt><trkpt lat="54.81537" lon="-7.726205"><ele>76.9</ele></trkpt><trkpt lat="54.815433" lon="-7.725717"><ele>78.3</ele></trkpt><trkpt lat="54.815487" lon="-7.725298"><ele>79.2</ele></trkpt><trkpt lat="54.815562" lon="-7.724333"><ele>80.5</ele></trkpt><trkpt lat="54.815537" lon="-7.723603"><ele>81.5</ele></trkpt><trkpt lat="54.815382" lon="-7.723217"><ele>82.2</ele></trkpt><trkpt lat="54.814239" lon="-7.721681"><ele>86.6</ele></trkpt><trkpt lat="54.81445" lon="-7.721028"><ele>87.7</ele></trkpt><trkpt lat="54.815153" lon="-7.719114"><ele>91.2</ele></trkpt><trkpt lat="54.815443" lon="-7.718191"><ele>93.4</ele></trkpt><trkpt lat="54.815829" lon="-7.716851"><ele>97</ele></trkpt><trkpt lat="54.815878" lon="-7.716412"><ele>97.9</ele></trkpt><trkpt lat="54.815865" lon="-7.715932"><ele>98.8</ele></trkpt><trkpt lat="54.815914" lon="-7.71575"><ele>99.2</ele></trkpt><trkpt lat="54.816033" lon="-7.715714"><ele>99.6</ele></trkpt><trkpt lat="54.816718" lon="-7.715932"><ele>100.8</ele></trkpt><trkpt lat="54.816837" lon="-7.71551"><ele>100.9</ele></trkpt><trkpt lat="54.81688" lon="-7.71491"><ele>100.6</ele></trkpt><trkpt lat="54.816657" lon="-7.714277"><ele>99.9</ele></trkpt><trkpt lat="54.816582" lon="-7.713894"><ele>99.5</ele></trkpt><trkpt lat="54.816608" lon="-7.713569"><ele>99.2</ele></trkpt><trkpt lat="54.816868" lon="-7.712721"><ele>98.6</ele></trkpt><trkpt lat="54.817021" lon="-7.712038"><ele>98.7</ele></trkpt><trkpt lat="54.817381" lon="-7.708891"><ele>104.1</ele></trkpt><trkpt lat="54.81748" lon="-7.708355"><ele>105.2</ele></trkpt><trkpt lat="54.817763" lon="-7.70692"><ele>108.5</ele></trkpt><trkpt lat="54.817887" lon="-7.706466"><ele>109.7</ele></trkpt><trkpt lat="54.818251" lon="-7.705697"><ele>112.3</ele></trkpt><trkpt lat="54.818734" lon="-7.704921"><ele>115</ele></trkpt><trkpt lat="54.819135" lon="-7.703905"><ele>116.4</ele></trkpt><trkpt lat="54.820187" lon="-7.701681"><ele>115.8</ele></trkpt><trkpt lat="54.820577" lon="-7.700951"><ele>116.3</ele></trkpt><trkpt lat="54.8208" lon="-7.700619"><ele>116.8</ele></trkpt><trkpt lat="54.820867" lon="-7.700532"><ele>116.9</ele></trkpt><trkpt lat="54.820934" lon="-7.700447"><ele>117.1</ele></trkpt><trkpt lat="54.821243" lon="-7.700084"><ele>118</ele></trkpt><trkpt lat="54.82204" lon="-7.699079"><ele>120.2</ele></trkpt><trkpt lat="54.822152" lon="-7.698945"><ele>120.4</ele></trkpt><trkpt lat="54.822779" lon="-7.698246"><ele>121.6</ele></trkpt><trkpt lat="54.823239" lon="-7.697715"><ele>122.5</ele></trkpt><trkpt lat="54.823389" lon="-7.697583"><ele>122.8</ele></trkpt><trkpt lat="54.82361" lon="-7.6975"><ele>123.4</ele></trkpt><trkpt lat="54.823747" lon="-7.697379"><ele>123.8</ele></trkpt><trkpt lat="54.824637" lon="-7.696885"><ele>126.5</ele></trkpt><trkpt lat="54.825081" lon="-7.696727"><ele>127.9</ele></trkpt><trkpt lat="54.825644" lon="-7.696695"><ele>129.7</ele></trkpt><trkpt lat="54.825854" lon="-7.696395"><ele>130.6</ele></trkpt><trkpt lat="54.826379" lon="-7.695794"><ele>132.6</ele></trkpt><trkpt lat="54.826628" lon="-7.695533"><ele>133.6</ele></trkpt><trkpt lat="54.827196" lon="-7.695029"><ele>135.9</ele></trkpt><trkpt lat="54.828406" lon="-7.694313"><ele>140</ele></trkpt><trkpt lat="54.828623" lon="-7.69411"><ele>140.3</ele></trkpt><trkpt lat="54.828698" lon="-7.693945"><ele>140.4</ele></trkpt><trkpt lat="54.828859" lon="-7.69283"><ele>140.3</ele></trkpt><trkpt lat="54.828858" lon="-7.692677"><ele>140.2</ele></trkpt><trkpt lat="54.828857" lon="-7.692479"><ele>140.1</ele></trkpt><trkpt lat="54.828723" lon="-7.691564"><ele>139.1</ele></trkpt><trkpt lat="54.828737" lon="-7.691424"><ele>138.9</ele></trkpt><trkpt lat="54.828746" lon="-7.691342"><ele>138.9</ele></trkpt><trkpt lat="54.829273" lon="-7.690083"><ele>137</ele></trkpt><trkpt lat="54.829537" lon="-7.68955"><ele>136.1</ele></trkpt><trkpt lat="54.830223" lon="-7.688284"><ele>133.1</ele></trkpt><trkpt lat="54.830542" lon="-7.687815"><ele>131.8</ele></trkpt><trkpt lat="54.831007" lon="-7.68721"><ele>129.6</ele></trkpt><trkpt lat="54.831057" lon="-7.687147"><ele>129.4</ele></trkpt><trkpt lat="54.831156" lon="-7.686911"><ele>128.7</ele></trkpt><trkpt lat="54.831225" lon="-7.686414"><ele>127.6</ele></trkpt><trkpt lat="54.831374" lon="-7.685631"><ele>125.8</ele></trkpt><trkpt lat="54.831889" lon="-7.683272"><ele>121.6</ele></trkpt><trkpt lat="54.832066" lon="-7.682659"><ele>121</ele></trkpt><trkpt lat="54.832301" lon="-7.68209"><ele>120.3</ele></trkpt><trkpt lat="54.832905" lon="-7.681461"><ele>118.9</ele></trkpt><trkpt lat="54.83323" lon="-7.681011"><ele>117.8</ele></trkpt><trkpt lat="54.833452" lon="-7.680705"><ele>117</ele></trkpt><trkpt lat="54.833882" lon="-7.679989"><ele>115.2</ele></trkpt><trkpt lat="54.834025" lon="-7.679741"><ele>114.5</ele></trkpt><trkpt lat="54.834513" lon="-7.678317"><ele>110.7</ele></trkpt><trkpt lat="54.834724" lon="-7.677671"><ele>108.9</ele></trkpt><trkpt lat="54.835093" lon="-7.676493"><ele>105.1</ele></trkpt><trkpt lat="54.835618" lon="-7.675324"><ele>101.9</ele></trkpt><trkpt lat="54.835766" lon="-7.67453"><ele>101.4</ele></trkpt><trkpt lat="54.83622" lon="-7.674893"><ele>102.2</ele></trkpt><trkpt lat="54.836708" lon="-7.675171"><ele>104.4</ele></trkpt><trkpt lat="54.837192" lon="-7.675555"><ele>107.7</ele></trkpt><trkpt lat="54.837598" lon="-7.67593"><ele>110.6</ele></trkpt><trkpt lat="54.837705" lon="-7.676126"><ele>111.5</ele></trkpt><trkpt lat="54.837805" lon="-7.676236"><ele>112.2</ele></trkpt><trkpt lat="54.838004" lon="-7.676313"><ele>113.3</ele></trkpt><trkpt lat="54.838164" lon="-7.676328"><ele>114</ele></trkpt><trkpt lat="54.838515" lon="-7.676536"><ele>115.6</ele></trkpt><trkpt lat="54.838987" lon="-7.676757"><ele>117</ele></trkpt><trkpt lat="54.839251" lon="-7.677099"><ele>117.5</ele></trkpt><trkpt lat="54.839393" lon="-7.677217"><ele>117.7</ele></trkpt><trkpt lat="54.839714" lon="-7.677384"><ele>118</ele></trkpt><trkpt lat="54.840079" lon="-7.677502"><ele>118.1</ele></trkpt><trkpt lat="54.840464" lon="-7.677846"><ele>117.8</ele></trkpt><trkpt lat="54.84058" lon="-7.677881"><ele>117.7</ele></trkpt><trkpt lat="54.840732" lon="-7.677822"><ele>117.5</ele></trkpt><trkpt lat="54.841605" lon="-7.677072"><ele>115.4</ele></trkpt><trkpt lat="54.842049" lon="-7.676525"><ele>113.9</ele></trkpt><trkpt lat="54.842482" lon="-7.676407"><ele>112.5</ele></trkpt><trkpt lat="54.842807" lon="-7.676266"><ele>111.3</ele></trkpt><trkpt lat="54.843174" lon="-7.676193"><ele>109.8</ele></trkpt><trkpt lat="54.843785" lon="-7.676311"><ele>106.8</ele></trkpt><trkpt lat="54.844045" lon="-7.6763"><ele>105.2</ele></trkpt><trkpt lat="54.844434" lon="-7.676429"><ele>102.6</ele></trkpt><trkpt lat="54.845095" lon="-7.676547"><ele>98.3</ele></trkpt><trkpt lat="54.845324" lon="-7.676418"><ele>96.9</ele></trkpt><trkpt lat="54.84554" lon="-7.676236"><ele>95.5</ele></trkpt><trkpt lat="54.845682" lon="-7.676024"><ele>94.6</ele></trkpt><trkpt lat="54.845793" lon="-7.675774"><ele>93.7</ele></trkpt><trkpt lat="54.846052" lon="-7.675538"><ele>92.5</ele></trkpt><trkpt lat="54.846139" lon="-7.675348"><ele>92</ele></trkpt><trkpt lat="54.846516" lon="-7.674114"><ele>89.3</ele></trkpt><trkpt lat="54.846788" lon="-7.673135"><ele>86.6</ele></trkpt><trkpt lat="54.846812" lon="-7.673103"><ele>86.4</ele></trkpt><trkpt lat="54.846856" lon="-7.673049"><ele>86.1</ele></trkpt><trkpt lat="54.847513" lon="-7.673516"><ele>81.8</ele></trkpt><trkpt lat="54.847611" lon="-7.673682"><ele>80.9</ele></trkpt><trkpt lat="54.847899" lon="-7.674433"><ele>76.7</ele></trkpt><trkpt lat="54.848159" lon="-7.675313"><ele>71.8</ele></trkpt><trkpt lat="54.848289" lon="-7.675892"><ele>68.5</ele></trkpt><trkpt lat="54.848443" lon="-7.676307"><ele>65.9</ele></trkpt><trkpt lat="54.848574" lon="-7.676684"><ele>63.5</ele></trkpt><trkpt lat="54.848733" lon="-7.677287"><ele>60</ele></trkpt><trkpt lat="54.848883" lon="-7.678052"><ele>55.7</ele></trkpt><trkpt lat="54.849041" lon="-7.678757"><ele>52.3</ele></trkpt><trkpt lat="54.849112" lon="-7.679152"><ele>50.6</ele></trkpt><trkpt lat="54.849205" lon="-7.679596"><ele>48.9</ele></trkpt><trkpt lat="54.849252" lon="-7.679763"><ele>48.2</ele></trkpt><trkpt lat="54.849442" lon="-7.680573"><ele>45.4</ele></trkpt><trkpt lat="54.849492" lon="-7.680776"><ele>44.7</ele></trkpt><trkpt lat="54.849582" lon="-7.680886"><ele>44.2</ele></trkpt><trkpt lat="54.851064" lon="-7.682115"><ele>37.6</ele></trkpt><trkpt lat="54.851249" lon="-7.682367"><ele>37</ele></trkpt><trkpt lat="54.851435" lon="-7.682814"><ele>36.3</ele></trkpt><trkpt lat="54.852519" lon="-7.684078"><ele>35.2</ele></trkpt><trkpt lat="54.853079" lon="-7.684661"><ele>35.4</ele></trkpt><trkpt lat="54.853177" lon="-7.68446"><ele>35.5</ele></trkpt><trkpt lat="54.853466" lon="-7.683953"><ele>35.7</ele></trkpt><trkpt lat="54.85389" lon="-7.683211"><ele>36</ele></trkpt><trkpt lat="54.854253" lon="-7.682556"><ele>35.9</ele></trkpt><trkpt lat="54.85441" lon="-7.682232"><ele>35.8</ele></trkpt><trkpt lat="54.854608" lon="-7.681807"><ele>35.8</ele></trkpt><trkpt lat="54.854886" lon="-7.681193"><ele>35.9</ele></trkpt><trkpt lat="54.855077" lon="-7.680765"><ele>35.9</ele></trkpt><trkpt lat="54.855654" lon="-7.679528"><ele>36.3</ele></trkpt><trkpt lat="54.856232" lon="-7.678306"><ele>36.4</ele></trkpt><trkpt lat="54.856358" lon="-7.678032"><ele>36.4</ele></trkpt><trkpt lat="54.857581" lon="-7.675441"><ele>36.3</ele></trkpt><trkpt lat="54.857962" lon="-7.674581"><ele>37.3</ele></trkpt><trkpt lat="54.858487" lon="-7.673123"><ele>39.3</ele></trkpt><trkpt lat="54.85917" lon="-7.670585"><ele>41.2</ele></trkpt><trkpt lat="54.859392" lon="-7.669626"><ele>41.3</ele></trkpt><trkpt lat="54.859506" lon="-7.66889"><ele>41.4</ele></trkpt><trkpt lat="54.859534" lon="-7.66856"><ele>41.4</ele></trkpt><trkpt lat="54.859558" lon="-7.667753"><ele>41.4</ele></trkpt><trkpt lat="54.859575" lon="-7.667361"><ele>41.3</ele></trkpt><trkpt lat="54.859605" lon="-7.666607"><ele>41</ele></trkpt><trkpt lat="54.859607" lon="-7.666573"><ele>40.9</ele></trkpt><trkpt lat="54.859679" lon="-7.665581"><ele>40</ele></trkpt><trkpt lat="54.859813" lon="-7.664743"><ele>38.9</ele></trkpt><trkpt lat="54.859922" lon="-7.664233"><ele>38.1</ele></trkpt><trkpt lat="54.859954" lon="-7.664086"><ele>37.8</ele></trkpt><trkpt lat="54.86007" lon="-7.663497"><ele>36.9</ele></trkpt><trkpt lat="54.860111" lon="-7.663294"><ele>36.5</ele></trkpt><trkpt lat="54.860231" lon="-7.662724"><ele>35.8</ele></trkpt><trkpt lat="54.860383" lon="-7.662152"><ele>35.4</ele></trkpt><trkpt lat="54.860534" lon="-7.661722"><ele>35.1</ele></trkpt><trkpt lat="54.861116" lon="-7.660485"><ele>34.7</ele></trkpt><trkpt lat="54.861278" lon="-7.660236"><ele>34.6</ele></trkpt><trkpt lat="54.861249" lon="-7.660139"><ele>34.6</ele></trkpt><trkpt lat="54.861275" lon="-7.660043"><ele>34.6</ele></trkpt><trkpt lat="54.861559" lon="-7.659479"><ele>34.3</ele></trkpt><trkpt lat="54.861709" lon="-7.659154"><ele>34.1</ele></trkpt><trkpt lat="54.861907" lon="-7.658691"><ele>33.7</ele></trkpt><trkpt lat="54.861933" lon="-7.65863"><ele>33.7</ele></trkpt><trkpt lat="54.861999" lon="-7.65847"><ele>33.6</ele></trkpt><trkpt lat="54.862177" lon="-7.658216"><ele>33.4</ele></trkpt><trkpt lat="54.862409" lon="-7.657971"><ele>33.2</ele></trkpt><trkpt lat="54.862478" lon="-7.657884"><ele>33.2</ele></trkpt><trkpt lat="54.862548" lon="-7.657658"><ele>33.2</ele></trkpt><trkpt lat="54.862553" lon="-7.657642"><ele>33.2</ele></trkpt><trkpt lat="54.862581" lon="-7.657552"><ele>33.2</ele></trkpt><trkpt lat="54.862607" lon="-7.657099"><ele>33.4</ele></trkpt><trkpt lat="54.8626" lon="-7.656321"><ele>34.2</ele></trkpt><trkpt lat="54.862631" lon="-7.655888"><ele>34.9</ele></trkpt><trkpt lat="54.862692" lon="-7.655592"><ele>35.5</ele></trkpt><trkpt lat="54.863063" lon="-7.654073"><ele>39.7</ele></trkpt><trkpt lat="54.863234" lon="-7.653265"><ele>42.4</ele></trkpt><trkpt lat="54.863447" lon="-7.652134"><ele>46.4</ele></trkpt><trkpt lat="54.863506" lon="-7.651837"><ele>47.4</ele></trkpt><trkpt lat="54.863762" lon="-7.650724"><ele>52.1</ele></trkpt><trkpt lat="54.863805" lon="-7.650537"><ele>52.9</ele></trkpt><trkpt lat="54.863879" lon="-7.650203"><ele>54.5</ele></trkpt><trkpt lat="54.863977" lon="-7.649734"><ele>56.8</ele></trkpt><trkpt lat="54.864037" lon="-7.649239"><ele>59.3</ele></trkpt><trkpt lat="54.864159" lon="-7.647859"><ele>66.7</ele></trkpt><trkpt lat="54.864174" lon="-7.647658"><ele>67.7</ele></trkpt><trkpt lat="54.864204" lon="-7.647265"><ele>69.7</ele></trkpt><trkpt lat="54.864322" lon="-7.646376"><ele>74</ele></trkpt><trkpt lat="54.864407" lon="-7.64553"><ele>77.4</ele></trkpt><trkpt lat="54.864556" lon="-7.643861"><ele>82.1</ele></trkpt><trkpt lat="54.864649" lon="-7.642534"><ele>83.3</ele></trkpt><trkpt lat="54.864683" lon="-7.642118"><ele>83.2</ele></trkpt><trkpt lat="54.864705" lon="-7.641866"><ele>83.2</ele></trkpt><trkpt lat="54.864707" lon="-7.641844"><ele>83.2</ele></trkpt><trkpt lat="54.86482" lon="-7.640578"><ele>82.9</ele></trkpt><trkpt lat="54.864888" lon="-7.639864"><ele>82.2</ele></trkpt><trkpt lat="54.864948" lon="-7.639281"><ele>81.6</ele></trkpt><trkpt lat="54.864987" lon="-7.638905"><ele>81.3</ele></trkpt><trkpt lat="54.864994" lon="-7.638839"><ele>81.2</ele></trkpt><trkpt lat="54.86505" lon="-7.638291"><ele>80.7</ele></trkpt><trkpt lat="54.865115" lon="-7.637661"><ele>79.7</ele></trkpt><trkpt lat="54.865136" lon="-7.637456"><ele>79.2</ele></trkpt><trkpt lat="54.865452" lon="-7.6339"><ele>68.7</ele></trkpt><trkpt lat="54.865459" lon="-7.633814"><ele>68.3</ele></trkpt><trkpt lat="54.86553" lon="-7.633123"><ele>65.4</ele></trkpt><trkpt lat="54.865578" lon="-7.632651"><ele>63.3</ele></trkpt><trkpt lat="54.865587" lon="-7.632546"><ele>62.9</ele></trkpt><trkpt lat="54.865616" lon="-7.632218"><ele>61.5</ele></trkpt><trkpt lat="54.865685" lon="-7.631448"><ele>58.3</ele></trkpt><trkpt lat="54.865753" lon="-7.630611"><ele>55.2</ele></trkpt><trkpt lat="54.865784" lon="-7.630218"><ele>54</ele></trkpt><trkpt lat="54.865818" lon="-7.629797"><ele>53</ele></trkpt><trkpt lat="54.865827" lon="-7.629696"><ele>52.8</ele></trkpt><trkpt lat="54.86596" lon="-7.62831"><ele>50.8</ele></trkpt><trkpt lat="54.865994" lon="-7.627923"><ele>50.4</ele></trkpt><trkpt lat="54.866049" lon="-7.627286"><ele>49.8</ele></trkpt><trkpt lat="54.866094" lon="-7.626771"><ele>49.1</ele></trkpt><trkpt lat="54.866126" lon="-7.626412"><ele>48.5</ele></trkpt><trkpt lat="54.86613" lon="-7.626362"><ele>48.4</ele></trkpt><trkpt lat="54.866155" lon="-7.626088"><ele>47.9</ele></trkpt><trkpt lat="54.866493" lon="-7.622539"><ele>37.6</ele></trkpt><trkpt lat="54.866515" lon="-7.622458"><ele>37.4</ele></trkpt><trkpt lat="54.866693" lon="-7.62224"><ele>36.8</ele></trkpt><trkpt lat="54.866775" lon="-7.622089"><ele>36.6</ele></trkpt><trkpt lat="54.866892" lon="-7.621711"><ele>36.3</ele></trkpt><trkpt lat="54.866893" lon="-7.62163"><ele>36.2</ele></trkpt><trkpt lat="54.866858" lon="-7.621502"><ele>36.2</ele></trkpt><trkpt lat="54.866762" lon="-7.621385"><ele>36.2</ele></trkpt><trkpt lat="54.86664" lon="-7.621125"><ele>36.3</ele></trkpt><trkpt lat="54.866621" lon="-7.621013"><ele>36.4</ele></trkpt><trkpt lat="54.866628" lon="-7.620736"><ele>36.6</ele></trkpt><trkpt lat="54.866602" lon="-7.620635"><ele>36.7</ele></trkpt><trkpt lat="54.866653" lon="-7.62048"><ele>36.8</ele></trkpt><trkpt lat="54.866695" lon="-7.620114"><ele>37.1</ele></trkpt><trkpt lat="54.866702" lon="-7.620045"><ele>37.2</ele></trkpt><trkpt lat="54.866743" lon="-7.6195"><ele>37.7</ele></trkpt><trkpt lat="54.866869" lon="-7.61803"><ele>40.1</ele></trkpt><trkpt lat="54.867001" lon="-7.6172"><ele>41.9</ele></trkpt><trkpt lat="54.867655" lon="-7.614995"><ele>47.9</ele></trkpt><trkpt lat="54.868009" lon="-7.614452"><ele>48.8</ele></trkpt><trkpt lat="54.868068" lon="-7.614244"><ele>49</ele></trkpt><trkpt lat="54.86816" lon="-7.61361"><ele>49.5</ele></trkpt><trkpt lat="54.86821" lon="-7.613418"><ele>49.7</ele></trkpt><trkpt lat="54.868337" lon="-7.612925"><ele>50</ele></trkpt><trkpt lat="54.868498" lon="-7.612586"><ele>50.3</ele></trkpt><trkpt lat="54.868787" lon="-7.611947"><ele>51</ele></trkpt><trkpt lat="54.869688" lon="-7.609843"><ele>56.8</ele></trkpt><trkpt lat="54.870125" lon="-7.608773"><ele>61</ele></trkpt><trkpt lat="54.87029" lon="-7.608405"><ele>62.7</ele></trkpt><trkpt lat="54.870418" lon="-7.60814"><ele>64</ele></trkpt><trkpt lat="54.870538" lon="-7.607667"><ele>65.9</ele></trkpt><trkpt lat="54.870625" lon="-7.607496"><ele>66.6</ele></trkpt><trkpt lat="54.871249" lon="-7.606712"><ele>70.2</ele></trkpt><trkpt lat="54.871314" lon="-7.606744"><ele>70.4</ele></trkpt><trkpt lat="54.871382" lon="-7.606596"><ele>70.7</ele></trkpt><trkpt lat="54.87154" lon="-7.606253"><ele>71.4</ele></trkpt><trkpt lat="54.871595" lon="-7.606136"><ele>71.6</ele></trkpt><trkpt lat="54.871635" lon="-7.60605"><ele>71.7</ele></trkpt><trkpt lat="54.872001" lon="-7.605257"><ele>72.2</ele></trkpt><trkpt lat="54.872391" lon="-7.604553"><ele>72.4</ele></trkpt><trkpt lat="54.87246" lon="-7.604429"><ele>72.5</ele></trkpt><trkpt lat="54.872558" lon="-7.604259"><ele>72.6</ele></trkpt><trkpt lat="54.873007" lon="-7.603519"><ele>73</ele></trkpt><trkpt lat="54.873227" lon="-7.603181"><ele>73.2</ele></trkpt><trkpt lat="54.873437" lon="-7.602846"><ele>73.3</ele></trkpt><trkpt lat="54.873526" lon="-7.602637"><ele>73.3</ele></trkpt><trkpt lat="54.873626" lon="-7.602324"><ele>73.2</ele></trkpt><trkpt lat="54.873702" lon="-7.601999"><ele>73.1</ele></trkpt><trkpt lat="54.873768" lon="-7.601609"><ele>72.8</ele></trkpt><trkpt lat="54.873705" lon="-7.60043"><ele>72.2</ele></trkpt><trkpt lat="54.873745" lon="-7.600037"><ele>72</ele></trkpt><trkpt lat="54.873774" lon="-7.599776"><ele>72</ele></trkpt><trkpt lat="54.873807" lon="-7.599484"><ele>72</ele></trkpt><trkpt lat="54.873821" lon="-7.599365"><ele>72</ele></trkpt><trkpt lat="54.873894" lon="-7.598808"><ele>72.3</ele></trkpt><trkpt lat="54.874005" lon="-7.598496"><ele>72.5</ele></trkpt><trkpt lat="54.874168" lon="-7.598289"><ele>72.9</ele></trkpt><trkpt lat="54.874208" lon="-7.598244"><ele>72.9</ele></trkpt><trkpt lat="54.874421" lon="-7.598005"><ele>73.3</ele></trkpt><trkpt lat="54.874581" lon="-7.597744"><ele>73.5</ele></trkpt><trkpt lat="54.874641" lon="-7.597502"><ele>73.6</ele></trkpt><trkpt lat="54.874677" lon="-7.596369"><ele>73.7</ele></trkpt><trkpt lat="54.874676" lon="-7.595552"><ele>73.2</ele></trkpt><trkpt lat="54.874685" lon="-7.594746"><ele>72.3</ele></trkpt><trkpt lat="54.874729" lon="-7.594312"><ele>71.5</ele></trkpt><trkpt lat="54.874677" lon="-7.594259"><ele>71.3</ele></trkpt><trkpt lat="54.874591" lon="-7.593724"><ele>70.1</ele></trkpt><trkpt lat="54.874423" lon="-7.593099"><ele>68.4</ele></trkpt><trkpt lat="54.873254" lon="-7.590017"><ele>57.3</ele></trkpt><trkpt lat="54.87313" lon="-7.589695"><ele>56.6</ele></trkpt><trkpt lat="54.873231" lon="-7.589505"><ele>56.2</ele></trkpt><trkpt lat="54.873699" lon="-7.587403"><ele>55.1</ele></trkpt><trkpt lat="54.873875" lon="-7.586725"><ele>55.2</ele></trkpt><trkpt lat="54.874089" lon="-7.586233"><ele>55.3</ele></trkpt><trkpt lat="54.874591" lon="-7.584949"><ele>54.6</ele></trkpt><trkpt lat="54.874746" lon="-7.584504"><ele>53.8</ele></trkpt><trkpt lat="54.874795" lon="-7.584244"><ele>53.2</ele></trkpt><trkpt lat="54.874994" lon="-7.582667"><ele>49.8</ele></trkpt><trkpt lat="54.875104" lon="-7.582181"><ele>48.9</ele></trkpt><trkpt lat="54.875166" lon="-7.581925"><ele>48.5</ele></trkpt><trkpt lat="54.875323" lon="-7.581586"><ele>48</ele></trkpt><trkpt lat="54.875915" lon="-7.580713"><ele>47</ele></trkpt><trkpt lat="54.876191" lon="-7.579815"><ele>46.6</ele></trkpt><trkpt lat="54.876434" lon="-7.579109"><ele>45.8</ele></trkpt><trkpt lat="54.876557" lon="-7.578636"><ele>44.9</ele></trkpt><trkpt lat="54.876957" lon="-7.576911"><ele>42.4</ele></trkpt><trkpt lat="54.87743" lon="-7.574912"><ele>41</ele></trkpt><trkpt lat="54.877788" lon="-7.57331"><ele>43.3</ele></trkpt><trkpt lat="54.878613" lon="-7.56957"><ele>56.3</ele></trkpt><trkpt lat="54.878976" lon="-7.568231"><ele>59.9</ele></trkpt><trkpt lat="54.87912" lon="-7.567694"><ele>60.8</ele></trkpt><trkpt lat="54.879353" lon="-7.566829"><ele>61.6</ele></trkpt><trkpt lat="54.879822" lon="-7.565203"><ele>61</ele></trkpt><trkpt lat="54.880021" lon="-7.564348"><ele>59.9</ele></trkpt><trkpt lat="54.88011" lon="-7.563928"><ele>59.3</ele></trkpt><trkpt lat="54.880147" lon="-7.563751"><ele>59</ele></trkpt><trkpt lat="54.880836" lon="-7.560393"><ele>54.8</ele></trkpt><trkpt lat="54.880856" lon="-7.560299"><ele>54.6</ele></trkpt><trkpt lat="54.881016" lon="-7.559539"><ele>53.6</ele></trkpt><trkpt lat="54.881183" lon="-7.558711"><ele>52.4</ele></trkpt><trkpt lat="54.881231" lon="-7.558461"><ele>52</ele></trkpt><trkpt lat="54.881376" lon="-7.557722"><ele>51.1</ele></trkpt><trkpt lat="54.881455" lon="-7.557328"><ele>50.6</ele></trkpt><trkpt lat="54.881484" lon="-7.557186"><ele>50.5</ele></trkpt><trkpt lat="54.881558" lon="-7.556814"><ele>50.1</ele></trkpt><trkpt lat="54.881805" lon="-7.555643"><ele>48.5</ele></trkpt><trkpt lat="54.881833" lon="-7.555511"><ele>48.3</ele></trkpt><trkpt lat="54.881907" lon="-7.555152"><ele>47.6</ele></trkpt><trkpt lat="54.882116" lon="-7.554105"><ele>45.4</ele></trkpt><trkpt lat="54.882281" lon="-7.553293"><ele>42.7</ele></trkpt><trkpt lat="54.882376" lon="-7.552826"><ele>40.9</ele></trkpt><trkpt lat="54.882458" lon="-7.552418"><ele>39.3</ele></trkpt><trkpt lat="54.882649" lon="-7.551498"><ele>35.9</ele></trkpt><trkpt lat="54.88271" lon="-7.551288"><ele>35.1</ele></trkpt><trkpt lat="54.882689" lon="-7.551258"><ele>35</ele></trkpt><trkpt lat="54.882949" lon="-7.549987"><ele>31.2</ele></trkpt><trkpt lat="54.883345" lon="-7.5481"><ele>30.2</ele></trkpt><trkpt lat="54.883432" lon="-7.547682"><ele>30.5</ele></trkpt><trkpt lat="54.883446" lon="-7.547615"><ele>30.6</ele></trkpt><trkpt lat="54.883551" lon="-7.547103"><ele>31.1</ele></trkpt><trkpt lat="54.883966" lon="-7.545047"><ele>34.6</ele></trkpt><trkpt lat="54.885074" lon="-7.539534"><ele>49.6</ele></trkpt><trkpt lat="54.885148" lon="-7.539176"><ele>50</ele></trkpt><trkpt lat="54.885247" lon="-7.538704"><ele>50.2</ele></trkpt><trkpt lat="54.885391" lon="-7.538081"><ele>50.1</ele></trkpt><trkpt lat="54.885597" lon="-7.5372"><ele>49.5</ele></trkpt><trkpt lat="54.885963" lon="-7.535603"><ele>47.6</ele></trkpt><trkpt lat="54.886455" lon="-7.533494"><ele>44.6</ele></trkpt><trkpt lat="54.886761" lon="-7.532358"><ele>40.9</ele></trkpt><trkpt lat="54.887012" lon="-7.531359"><ele>36</ele></trkpt><trkpt lat="54.887047" lon="-7.531144"><ele>34.8</ele></trkpt><trkpt lat="54.887141" lon="-7.53044"><ele>30.8</ele></trkpt><trkpt lat="54.887438" lon="-7.527728"><ele>17.7</ele></trkpt><trkpt lat="54.887599" lon="-7.526148"><ele>14.8</ele></trkpt><trkpt lat="54.887633" lon="-7.525801"><ele>14.5</ele></trkpt><trkpt lat="54.887755" lon="-7.524805"><ele>14.2</ele></trkpt><trkpt lat="54.888078" lon="-7.521782"><ele>13.7</ele></trkpt><trkpt lat="54.888112" lon="-7.520948"><ele>14.5</ele></trkpt><trkpt lat="54.888146" lon="-7.520123"><ele>15.9</ele></trkpt><trkpt lat="54.888155" lon="-7.51895"><ele>18</ele></trkpt><trkpt lat="54.888133" lon="-7.518243"><ele>19.1</ele></trkpt><trkpt lat="54.888132" lon="-7.518216"><ele>19.1</ele></trkpt><trkpt lat="54.888095" lon="-7.516572"><ele>19.8</ele></trkpt><trkpt lat="54.888091" lon="-7.516467"><ele>19.7</ele></trkpt><trkpt lat="54.888054" lon="-7.515579"><ele>19.7</ele></trkpt><trkpt lat="54.888037" lon="-7.51486"><ele>20.1</ele></trkpt><trkpt lat="54.88803" lon="-7.514629"><ele>20.4</ele></trkpt><trkpt lat="54.887922" lon="-7.511314"><ele>27.9</ele></trkpt><trkpt lat="54.88792" lon="-7.511253"><ele>28</ele></trkpt><trkpt lat="54.887861" lon="-7.509107"><ele>30.5</ele></trkpt><trkpt lat="54.887866" lon="-7.50871"><ele>30.5</ele></trkpt><trkpt lat="54.887917" lon="-7.507661"><ele>30.4</ele></trkpt><trkpt lat="54.888027" lon="-7.506569"><ele>29.7</ele></trkpt><trkpt lat="54.888153" lon="-7.505289"><ele>29</ele></trkpt><trkpt lat="54.888414" lon="-7.503206"><ele>29.7</ele></trkpt><trkpt lat="54.888457" lon="-7.502758"><ele>30.4</ele></trkpt><trkpt lat="54.888556" lon="-7.50204"><ele>31.8</ele></trkpt><trkpt lat="54.888808" lon="-7.500716"><ele>35</ele></trkpt><trkpt lat="54.88908" lon="-7.499499"><ele>38.1</ele></trkpt><trkpt lat="54.889176" lon="-7.499095"><ele>39</ele></trkpt><trkpt lat="54.889321" lon="-7.49853"><ele>40.2</ele></trkpt><trkpt lat="54.889786" lon="-7.496946"><ele>43.8</ele></trkpt><trkpt lat="54.890136" lon="-7.495983"><ele>45.8</ele></trkpt><trkpt lat="54.890149" lon="-7.495951"><ele>45.8</ele></trkpt><trkpt lat="54.891005" lon="-7.493902"><ele>49.9</ele></trkpt><trkpt lat="54.891033" lon="-7.493836"><ele>50</ele></trkpt><trkpt lat="54.89115" lon="-7.493576"><ele>50.7</ele></trkpt><trkpt lat="54.891648" lon="-7.492477"><ele>53.8</ele></trkpt><trkpt lat="54.891791" lon="-7.49214"><ele>54.5</ele></trkpt><trkpt lat="54.891886" lon="-7.491914"><ele>54.8</ele></trkpt><trkpt lat="54.891918" lon="-7.491841"><ele>54.9</ele></trkpt><trkpt lat="54.892072" lon="-7.491489"><ele>55.2</ele></trkpt><trkpt lat="54.892237" lon="-7.491088"><ele>55.3</ele></trkpt><trkpt lat="54.892291" lon="-7.490959"><ele>55.2</ele></trkpt><trkpt lat="54.892469" lon="-7.490568"><ele>54.7</ele></trkpt><trkpt lat="54.89262" lon="-7.490234"><ele>54</ele></trkpt><trkpt lat="54.892753" lon="-7.489937"><ele>53.1</ele></trkpt><trkpt lat="54.893754" lon="-7.487734"><ele>45.8</ele></trkpt><trkpt lat="54.894197" lon="-7.486796"><ele>42.7</ele></trkpt><trkpt lat="54.894443" lon="-7.486269"><ele>41</ele></trkpt><trkpt lat="54.894861" lon="-7.485441"><ele>39</ele></trkpt><trkpt lat="54.895135" lon="-7.484793"><ele>38.3</ele></trkpt><trkpt lat="54.895178" lon="-7.484681"><ele>38.2</ele></trkpt><trkpt lat="54.895265" lon="-7.484538"><ele>38</ele></trkpt><trkpt lat="54.895447" lon="-7.484338"><ele>37.8</ele></trkpt><trkpt lat="54.895709" lon="-7.484071"><ele>37.8</ele></trkpt><trkpt lat="54.895758" lon="-7.484019"><ele>37.7</ele></trkpt><trkpt lat="54.895813" lon="-7.483962"><ele>37.7</ele></trkpt><trkpt lat="54.896002" lon="-7.483805"><ele>37.7</ele></trkpt><trkpt lat="54.896329" lon="-7.483535"><ele>37.8</ele></trkpt><trkpt lat="54.89634" lon="-7.483526"><ele>37.8</ele></trkpt><trkpt lat="54.896496" lon="-7.4834"><ele>37.8</ele></trkpt><trkpt lat="54.89661" lon="-7.483308"><ele>37.7</ele></trkpt><trkpt lat="54.896918" lon="-7.48307"><ele>37.6</ele></trkpt><trkpt lat="54.897" lon="-7.483007"><ele>37.6</ele></trkpt><trkpt lat="54.897655" lon="-7.482505"><ele>38.4</ele></trkpt><trkpt lat="54.897712" lon="-7.482467"><ele>38.5</ele></trkpt><trkpt lat="54.897949" lon="-7.482305"><ele>38.9</ele></trkpt><trkpt lat="54.898461" lon="-7.481989"><ele>39.9</ele></trkpt><trkpt lat="54.898494" lon="-7.481969"><ele>39.9</ele></trkpt><trkpt lat="54.898549" lon="-7.481935"><ele>40</ele></trkpt><trkpt lat="54.899039" lon="-7.48163"><ele>41</ele></trkpt><trkpt lat="54.899327" lon="-7.481449"><ele>41.4</ele></trkpt><trkpt lat="54.899534" lon="-7.481316"><ele>41.4</ele></trkpt><trkpt lat="54.89971" lon="-7.481202"><ele>41.4</ele></trkpt><trkpt lat="54.899941" lon="-7.481053"><ele>41.4</ele></trkpt><trkpt lat="54.900182" lon="-7.480897"><ele>41.4</ele></trkpt><trkpt lat="54.900427" lon="-7.480737"><ele>41.4</ele></trkpt><trkpt lat="54.900638" lon="-7.4806"><ele>41.5</ele></trkpt><trkpt lat="54.900777" lon="-7.48051"><ele>41.5</ele></trkpt><trkpt lat="54.900958" lon="-7.480391"><ele>41.5</ele></trkpt><trkpt lat="54.901204" lon="-7.480224"><ele>41.4</ele></trkpt><trkpt lat="54.901337" lon="-7.480133"><ele>41.4</ele></trkpt><trkpt lat="54.902043" lon="-7.479652"><ele>42.1</ele></trkpt><trkpt lat="54.902066" lon="-7.479636"><ele>42.1</ele></trkpt><trkpt lat="54.902534" lon="-7.479323"><ele>42.5</ele></trkpt><trkpt lat="54.902587" lon="-7.479287"><ele>42.6</ele></trkpt><trkpt lat="54.903019" lon="-7.478997"><ele>43.1</ele></trkpt><trkpt lat="54.903173" lon="-7.478894"><ele>43.3</ele></trkpt><trkpt lat="54.903402" lon="-7.47874"><ele>43.5</ele></trkpt><trkpt lat="54.903464" lon="-7.478699"><ele>43.6</ele></trkpt><trkpt lat="54.903741" lon="-7.478502"><ele>43.9</ele></trkpt><trkpt lat="54.903931" lon="-7.47837"><ele>44</ele></trkpt><trkpt lat="54.904069" lon="-7.478275"><ele>44.1</ele></trkpt><trkpt lat="54.904327" lon="-7.4781"><ele>44.2</ele></trkpt><trkpt lat="54.904806" lon="-7.477783"><ele>44.3</ele></trkpt><trkpt lat="54.904903" lon="-7.477719"><ele>44.3</ele></trkpt><trkpt lat="54.905201" lon="-7.477522"><ele>44.2</ele></trkpt><trkpt lat="54.905226" lon="-7.477505"><ele>44.2</ele></trkpt><trkpt lat="54.905251" lon="-7.477489"><ele>44.2</ele></trkpt><trkpt lat="54.905306" lon="-7.477453"><ele>44.1</ele></trkpt><trkpt lat="54.905777" lon="-7.477128"><ele>44</ele></trkpt><trkpt lat="54.906376" lon="-7.476734"><ele>43.8</ele></trkpt><trkpt lat="54.906459" lon="-7.476679"><ele>43.7</ele></trkpt><trkpt lat="54.906772" lon="-7.476473"><ele>43.5</ele></trkpt><trkpt lat="54.908016" lon="-7.475657"><ele>42.1</ele></trkpt><trkpt lat="54.909449" lon="-7.474714"><ele>40.8</ele></trkpt><trkpt lat="54.909985" lon="-7.474371"><ele>40.9</ele></trkpt><trkpt lat="54.910928" lon="-7.473775"><ele>41.2</ele></trkpt><trkpt lat="54.911999" lon="-7.473278"><ele>39.5</ele></trkpt><trkpt lat="54.914274" lon="-7.472231"><ele>30.1</ele></trkpt><trkpt lat="54.915431" lon="-7.471708"><ele>25.4</ele></trkpt><trkpt lat="54.915596" lon="-7.471633"><ele>24.8</ele></trkpt><trkpt lat="54.915982" lon="-7.471453"><ele>23</ele></trkpt><trkpt lat="54.91614" lon="-7.47138"><ele>22.2</ele></trkpt><trkpt lat="54.916327" lon="-7.471292"><ele>21.2</ele></trkpt><trkpt lat="54.916536" lon="-7.471195"><ele>20.2</ele></trkpt><trkpt lat="54.916932" lon="-7.471009"><ele>18.2</ele></trkpt><trkpt lat="54.917145" lon="-7.470908"><ele>17.1</ele></trkpt><trkpt lat="54.917278" lon="-7.470849"><ele>16.5</ele></trkpt><trkpt lat="54.917742" lon="-7.470644"><ele>14</ele></trkpt><trkpt lat="54.91862" lon="-7.470233"><ele>10.9</ele></trkpt><trkpt lat="54.9197" lon="-7.469738"><ele>9.4</ele></trkpt><trkpt lat="54.920427" lon="-7.469387"><ele>9.3</ele></trkpt><trkpt lat="54.921106" lon="-7.469124"><ele>9.3</ele></trkpt><trkpt lat="54.921596" lon="-7.468853"><ele>9</ele></trkpt><trkpt lat="54.921778" lon="-7.468704"><ele>8.9</ele></trkpt><trkpt lat="54.92184" lon="-7.46854"><ele>8.9</ele></trkpt><trkpt lat="54.921838" lon="-7.467905"><ele>8.8</ele></trkpt><trkpt lat="54.922194" lon="-7.468027"><ele>8.9</ele></trkpt><trkpt lat="54.922667" lon="-7.468082"><ele>9.5</ele></trkpt><trkpt lat="54.923133" lon="-7.468037"><ele>10.4</ele></trkpt><trkpt lat="54.923484" lon="-7.467944"><ele>11.2</ele></trkpt><trkpt lat="54.924195" lon="-7.467654"><ele>13</ele></trkpt><trkpt lat="54.925022" lon="-7.467257"><ele>14.7</ele></trkpt><trkpt lat="54.925733" lon="-7.466953"><ele>15.2</ele></trkpt><trkpt lat="54.928474" lon="-7.465647"><ele>12.5</ele></trkpt><trkpt lat="54.929201" lon="-7.465263"><ele>11.2</ele></trkpt><trkpt lat="54.929456" lon="-7.465147"><ele>10.7</ele></trkpt><trkpt lat="54.930883" lon="-7.464531"><ele>7.6</ele></trkpt><trkpt lat="54.931131" lon="-7.464346"><ele>7.2</ele></trkpt><trkpt lat="54.931518" lon="-7.463813"><ele>6.6</ele></trkpt><trkpt lat="54.93186" lon="-7.463153"><ele>6.2</ele></trkpt><trkpt lat="54.932349" lon="-7.461964"><ele>5.4</ele></trkpt><trkpt lat="54.93258" lon="-7.461214"><ele>5.3</ele></trkpt><trkpt lat="54.932707" lon="-7.460716"><ele>5.4</ele></trkpt><trkpt lat="54.932857" lon="-7.460302"><ele>5.6</ele></trkpt><trkpt lat="54.932989" lon="-7.45998"><ele>5.8</ele></trkpt><trkpt lat="54.933174" lon="-7.459673"><ele>6.1</ele></trkpt><trkpt lat="54.933382" lon="-7.459466"><ele>6.4</ele></trkpt><trkpt lat="54.934677" lon="-7.458577"><ele>5.6</ele></trkpt><trkpt lat="54.934785" lon="-7.458452"><ele>5.5</ele></trkpt><trkpt lat="54.935042" lon="-7.458239"><ele>5.2</ele></trkpt><trkpt lat="54.935295" lon="-7.457934"><ele>5</ele></trkpt><trkpt lat="54.93541" lon="-7.457776"><ele>5</ele></trkpt><trkpt lat="54.935613" lon="-7.457409"><ele>4.8</ele></trkpt><trkpt lat="54.935821" lon="-7.456837"><ele>4.8</ele></trkpt><trkpt lat="54.93603" lon="-7.456196"><ele>5.3</ele></trkpt><trkpt lat="54.936183" lon="-7.455755"><ele>5.7</ele></trkpt><trkpt lat="54.93639" lon="-7.45528"><ele>5.9</ele></trkpt><trkpt lat="54.936624" lon="-7.454935"><ele>5.9</ele></trkpt><trkpt lat="54.937168" lon="-7.454347"><ele>5.7</ele></trkpt><trkpt lat="54.937394" lon="-7.454128"><ele>5.6</ele></trkpt><trkpt lat="54.937901" lon="-7.453678"><ele>5.3</ele></trkpt><trkpt lat="54.938176" lon="-7.453476"><ele>5.1</ele></trkpt><trkpt lat="54.938523" lon="-7.453371"><ele>4.8</ele></trkpt><trkpt lat="54.939578" lon="-7.453214"><ele>3.8</ele></trkpt><trkpt lat="54.939866" lon="-7.453169"><ele>3.3</ele></trkpt><trkpt lat="54.940114" lon="-7.453045"><ele>2.9</ele></trkpt><trkpt lat="54.940378" lon="-7.452853"><ele>2.4</ele></trkpt><trkpt lat="54.940621" lon="-7.452575"><ele>1.9</ele></trkpt><trkpt lat="54.940841" lon="-7.452163"><ele>1.6</ele></trkpt><trkpt lat="54.940991" lon="-7.451774"><ele>1.3</ele></trkpt><trkpt lat="54.94201" lon="-7.44868"><ele>2.4</ele></trkpt><trkpt lat="54.943498" lon="-7.444463"><ele>4.6</ele></trkpt><trkpt lat="54.945966" lon="-7.437529"><ele>9.7</ele></trkpt><trkpt lat="54.94627" lon="-7.436807"><ele>10.1</ele></trkpt><trkpt lat="54.946936" lon="-7.435537"><ele>10.6</ele></trkpt><trkpt lat="54.948333" lon="-7.432755"><ele>11.8</ele></trkpt><trkpt lat="54.948699" lon="-7.432111"><ele>12.1</ele></trkpt><trkpt lat="54.948895" lon="-7.431876"><ele>12.2</ele></trkpt><trkpt lat="54.949181" lon="-7.431629"><ele>12.2</ele></trkpt><trkpt lat="54.949715" lon="-7.431287"><ele>11.7</ele></trkpt><trkpt lat="54.950742" lon="-7.430547"><ele>9.2</ele></trkpt><trkpt lat="54.950852" lon="-7.430319"><ele>8.8</ele></trkpt><trkpt lat="54.950973" lon="-7.429932"><ele>8.4</ele></trkpt><trkpt lat="54.951055" lon="-7.429577"><ele>8.2</ele></trkpt><trkpt lat="54.951101" lon="-7.429383"><ele>8.1</ele></trkpt><trkpt lat="54.951169" lon="-7.428734"><ele>8.2</ele></trkpt><trkpt lat="54.951158" lon="-7.42839"><ele>8.4</ele></trkpt><trkpt lat="54.95106" lon="-7.427134"><ele>10.5</ele></trkpt><trkpt lat="54.95106" lon="-7.426567"><ele>11.3</ele></trkpt><trkpt lat="54.951251" lon="-7.425584"><ele>12.1</ele></trkpt><trkpt lat="54.951317" lon="-7.425025"><ele>12.3</ele></trkpt><trkpt lat="54.951391" lon="-7.423711"><ele>11.2</ele></trkpt><trkpt lat="54.951395" lon="-7.423477"><ele>10.8</ele></trkpt><trkpt lat="54.951375" lon="-7.423266"><ele>10.5</ele></trkpt><trkpt lat="54.951289" lon="-7.422894"><ele>9.8</ele></trkpt><trkpt lat="54.951082" lon="-7.422175"><ele>8.8</ele></trkpt><trkpt lat="54.951067" lon="-7.422007"><ele>8.6</ele></trkpt><trkpt lat="54.951118" lon="-7.421594"><ele>8.2</ele></trkpt><trkpt lat="54.951256" lon="-7.42098"><ele>7.6</ele></trkpt><trkpt lat="54.951523" lon="-7.41922"><ele>8.4</ele></trkpt><trkpt lat="54.951591" lon="-7.418315"><ele>10</ele></trkpt><trkpt lat="54.951621" lon="-7.417904"><ele>10.9</ele></trkpt><trkpt lat="54.951643" lon="-7.417049"><ele>13</ele></trkpt><trkpt lat="54.951755" lon="-7.415858"><ele>17.1</ele></trkpt><trkpt lat="54.951791" lon="-7.414772"><ele>22</ele></trkpt><trkpt lat="54.951791" lon="-7.414675"><ele>22.5</ele></trkpt><trkpt lat="54.951796" lon="-7.413789"><ele>26.6</ele></trkpt><trkpt lat="54.95186" lon="-7.412976"><ele>30</ele></trkpt><trkpt lat="54.951835" lon="-7.412366"><ele>32.1</ele></trkpt><trkpt lat="54.951825" lon="-7.412093"><ele>32.8</ele></trkpt><trkpt lat="54.951742" lon="-7.410108"><ele>34</ele></trkpt><trkpt lat="54.951667" lon="-7.4091"><ele>33.6</ele></trkpt><trkpt lat="54.951439" lon="-7.406666"><ele>32.3</ele></trkpt><trkpt lat="54.951427" lon="-7.405464"><ele>31</ele></trkpt><trkpt lat="54.95151" lon="-7.404851"><ele>30.2</ele></trkpt><trkpt lat="54.951637" lon="-7.404284"><ele>29.6</ele></trkpt><trkpt lat="54.951914" lon="-7.403342"><ele>29</ele></trkpt><trkpt lat="54.952143" lon="-7.402593"><ele>28.8</ele></trkpt><trkpt lat="54.952558" lon="-7.400796"><ele>28.6</ele></trkpt><trkpt lat="54.952929" lon="-7.399099"><ele>28.6</ele></trkpt><trkpt lat="54.953316" lon="-7.397483"><ele>29.3</ele></trkpt><trkpt lat="54.95375" lon="-7.396087"><ele>29.9</ele></trkpt><trkpt lat="54.954104" lon="-7.3951"><ele>30.4</ele></trkpt><trkpt lat="54.954182" lon="-7.394916"><ele>30.5</ele></trkpt><trkpt lat="54.954482" lon="-7.394479"><ele>30.7</ele></trkpt><trkpt lat="54.954937" lon="-7.393902"><ele>30.3</ele></trkpt><trkpt lat="54.953291" lon="-7.391411"><ele>20.9</ele></trkpt><trkpt lat="54.952748" lon="-7.39065"><ele>16.7</ele></trkpt><trkpt lat="54.952317" lon="-7.390231"><ele>13.4</ele></trkpt><trkpt lat="54.951387" lon="-7.389437"><ele>7.2</ele></trkpt><trkpt lat="54.951233" lon="-7.389223"><ele>6.4</ele></trkpt><trkpt lat="54.951186" lon="-7.389004"><ele>5.8</ele></trkpt><trkpt lat="54.951214" lon="-7.38874"><ele>5.3</ele></trkpt><trkpt lat="54.95135" lon="-7.388439"><ele>4.7</ele></trkpt><trkpt lat="54.95209" lon="-7.387173"><ele>4</ele></trkpt><trkpt lat="54.954253" lon="-7.384856"><ele>6.3</ele></trkpt><trkpt lat="54.958842" lon="-7.379561"><ele>3.4</ele></trkpt><trkpt lat="54.960519" lon="-7.377421"><ele>3.5</ele></trkpt><trkpt lat="54.961887" lon="-7.374354"><ele>3.3</ele></trkpt><trkpt lat="54.962879" lon="-7.371044"><ele>2.9</ele></trkpt><trkpt lat="54.963615" lon="-7.369149"><ele>4.5</ele></trkpt><trkpt lat="54.963972" lon="-7.368419"><ele>5.1</ele></trkpt><trkpt lat="54.964773" lon="-7.36696"><ele>5.8</ele></trkpt><trkpt lat="54.965574" lon="-7.365941"><ele>6.4</ele></trkpt><trkpt lat="54.966277" lon="-7.365418"><ele>6.6</ele></trkpt><trkpt lat="54.967557" lon="-7.364579"><ele>6.4</ele></trkpt><trkpt lat="54.97231" lon="-7.361667"><ele>3.4</ele></trkpt><trkpt lat="54.973185" lon="-7.361055"><ele>3.2</ele></trkpt><trkpt lat="54.975575" lon="-7.3596"><ele>3.1</ele></trkpt><trkpt lat="54.976905" lon="-7.358506"><ele>3</ele></trkpt><trkpt lat="54.978025" lon="-7.357476"><ele>3.1</ele></trkpt><trkpt lat="54.981879" lon="-7.352874"><ele>4.5</ele></trkpt><trkpt lat="54.98341" lon="-7.350599"><ele>2.4</ele></trkpt><trkpt lat="54.983738" lon="-7.350068"><ele>1.9</ele></trkpt><trkpt lat="54.984314" lon="-7.348937"><ele>1.5</ele></trkpt><trkpt lat="54.985308" lon="-7.346525"><ele>1.7</ele></trkpt><trkpt lat="54.98592" lon="-7.344563"><ele>1.2</ele></trkpt><trkpt lat="54.986248" lon="-7.343381"><ele>1.1</ele></trkpt><trkpt lat="54.986344" lon="-7.342725"><ele>1</ele></trkpt><trkpt lat="54.986351" lon="-7.34223"><ele>0.9</ele></trkpt><trkpt lat="54.986226" lon="-7.341018"><ele>0.7</ele></trkpt><trkpt lat="54.986203" lon="-7.340577"><ele>0.6</ele></trkpt><trkpt lat="54.986255" lon="-7.340575"><ele>0.5</ele></trkpt><trkpt lat="54.98628" lon="-7.34014"><ele>0.4</ele></trkpt><trkpt lat="54.986817" lon="-7.336095"><ele>0.3</ele></trkpt><trkpt lat="54.986987" lon="-7.33478"><ele>0.4</ele></trkpt><trkpt lat="54.987196" lon="-7.333447"><ele>0.7</ele></trkpt><trkpt lat="54.987393" lon="-7.332626"><ele>0.8</ele></trkpt><trkpt lat="54.987514" lon="-7.332124"><ele>0.7</ele></trkpt><trkpt lat="54.987599" lon="-7.332111"><ele>0.7</ele></trkpt><trkpt lat="54.987686" lon="-7.330818"><ele>0.6</ele></trkpt><trkpt lat="54.987911" lon="-7.32963"><ele>0.2</ele></trkpt><trkpt lat="54.987814" lon="-7.329574"><ele>0.2</ele></trkpt><trkpt lat="54.988055" lon="-7.328551"><ele>0.2</ele></trkpt><trkpt lat="54.98838" lon="-7.327223"><ele>0.3</ele></trkpt><trkpt lat="54.98853" lon="-7.326619"><ele>0.4</ele></trkpt><trkpt lat="54.988884" lon="-7.325408"><ele>0.5</ele></trkpt><trkpt lat="54.98936" lon="-7.323811"><ele>0.4</ele></trkpt><trkpt lat="54.989558" lon="-7.323277"><ele>0.4</ele></trkpt><trkpt lat="54.989869" lon="-7.322442"><ele>0.4</ele></trkpt><trkpt lat="54.990288" lon="-7.321468"><ele>0.5</ele></trkpt><trkpt lat="54.990727" lon="-7.320547"><ele>0.7</ele></trkpt><trkpt lat="54.991199" lon="-7.319791"><ele>0.9</ele></trkpt><trkpt lat="54.991261" lon="-7.319786"><ele>1</ele></trkpt><trkpt lat="54.991318" lon="-7.319846"><ele>1</ele></trkpt><trkpt lat="54.991368" lon="-7.319781"><ele>1</ele></trkpt><trkpt lat="54.991419" lon="-7.319709"><ele>1.1</ele></trkpt><trkpt lat="54.991293" lon="-7.319561"><ele>1.2</ele></trkpt><trkpt lat="54.989784" lon="-7.316464"><ele>4.8</ele></trkpt><trkpt lat="54.989743" lon="-7.316178"><ele>5.1</ele></trkpt><trkpt lat="54.9898" lon="-7.316057"><ele>5.2</ele></trkpt><trkpt lat="54.989741" lon="-7.315524"><ele>5.6</ele></trkpt><trkpt lat="54.989747" lon="-7.31546"><ele>5.7</ele></trkpt><trkpt lat="54.989771" lon="-7.315262"><ele>5.8</ele></trkpt><trkpt lat="54.989824" lon="-7.315135"><ele>5.9</ele></trkpt><trkpt lat="54.990355" lon="-7.314524"><ele>6.1</ele></trkpt><trkpt lat="54.990614" lon="-7.314234"><ele>6.1</ele></trkpt><trkpt lat="54.990839" lon="-7.314038"><ele>5.9</ele></trkpt><trkpt lat="54.991121" lon="-7.313868"><ele>5.6</ele></trkpt><trkpt lat="54.991615" lon="-7.313357"><ele>4.9</ele></trkpt><trkpt lat="54.991609" lon="-7.313463"><ele>4.9</ele></trkpt><trkpt lat="54.991637" lon="-7.313528"><ele>4.8</ele></trkpt><trkpt lat="54.991658" lon="-7.313577"><ele>4.8</ele></trkpt><trkpt lat="54.991773" lon="-7.313472"><ele>4.7</ele></trkpt><trkpt lat="54.991824" lon="-7.313419"><ele>4.7</ele></trkpt><trkpt lat="54.992109" lon="-7.313407"><ele>4.7</ele></trkpt><trkpt lat="54.992241" lon="-7.313431"><ele>4.6</ele></trkpt><trkpt lat="54.992398" lon="-7.313384"><ele>4.5</ele></trkpt><trkpt lat="54.992466" lon="-7.313374"><ele>4.5</ele></trkpt><trkpt lat="54.992516" lon="-7.313297"><ele>4.4</ele></trkpt><trkpt lat="54.992587" lon="-7.313328"><ele>4.3</ele></trkpt><trkpt lat="54.992644" lon="-7.312953"><ele>4.1</ele></trkpt><trkpt lat="54.992685" lon="-7.312866"><ele>4</ele></trkpt></trkseg></trk></gpx>